track	ref	list_id	namespace	category	n_genes	n_mapped	frac_mapped	med_pident_genes
mammal	amphioxus	SYN_GO0141187	biological_process	conserved	245	146	0.5959	52.4
mammal	amphioxus	SYN_GO0044283	biological_process	conserved	215	140	0.6512	57.8
mammal	amphioxus	SYN_GO0090407	biological_process	conserved	176	119	0.6761	60.0
mammal	amphioxus	SYN_GO0032446	biological_process	conserved	154	79	0.513	54.6
mammal	amphioxus	SYN_GO0006281	biological_process	conserved	140	91	0.65	50.4
mammal	amphioxus	SYN_GO0006790	biological_process	conserved	131	88	0.6718	57.4
mammal	amphioxus	SYN_GO0006511	biological_process	conserved	125	72	0.576	57.55
mammal	amphioxus	SYN_GO0046394	biological_process	conserved	114	71	0.6228	56.5
mammal	amphioxus	SYN_GO0043583	biological_process	specific	246	96	0.3902	47.55
mammal	amphioxus	SYN_GO0045087	biological_process	specific	216	59	0.2731	48.3
mammal	amphioxus	SYN_GO0001525	biological_process	specific	185	65	0.3514	50.9
mammal	amphioxus	SYN_GO0060041	biological_process	specific	162	72	0.4444	47.2
mammal	amphioxus	SYN_GO0007292	biological_process	specific	146	63	0.4315	49.9
mammal	amphioxus	SYN_GO0007605	biological_process	specific	134	57	0.4254	47.8
mammal	amphioxus	SYN_GO0016358	biological_process	specific	123	63	0.5122	51.1
mammal	amphioxus	SYN_GO0021782	biological_process	specific	115	45	0.3913	50.9
mammal	amphioxus	SYN_GO0098771	biological_process	other	250	103	0.412	48.7
mammal	amphioxus	SYN_GO0071396	biological_process	other	216	80	0.3704	49.75
mammal	amphioxus	SYN_GO0098609	biological_process	other	193	49	0.2539	45.6
mammal	amphioxus	SYN_GO0007005	biological_process	other	174	102	0.5862	53.1
mammal	amphioxus	SYN_GO0050670	biological_process	other	156	36	0.2308	44.0
mammal	amphioxus	SYN_GO0046942	biological_process	other	141	72	0.5106	52.1
mammal	amphioxus	SYN_GO1903311	biological_process	other	126	54	0.4286	56.95
mammal	amphioxus	SYN_GO0045936	biological_process	other	118	46	0.3898	48.9
mammal	amphioxus	SYN_GO0009259	biological_process	conserved	102	63	0.6176	59.4
mammal	amphioxus	SYN_GO0006412	biological_process	conserved	97	80	0.8247	71.2
mammal	amphioxus	SYN_GO1901293	biological_process	conserved	92	65	0.7065	62.8
mammal	amphioxus	SYN_GO0019318	biological_process	conserved	84	49	0.5833	60.7
mammal	amphioxus	SYN_GO0072330	biological_process	conserved	76	41	0.5395	54.9
mammal	amphioxus	SYN_GO0043161	biological_process	conserved	73	43	0.589	58.4
mammal	amphioxus	SYN_GO0072593	biological_process	conserved	69	40	0.5797	50.65
mammal	amphioxus	SYN_GO0016051	biological_process	conserved	65	35	0.5385	65.0
mammal	amphioxus	SYN_GO0007498	biological_process	specific	102	45	0.4412	58.0
mammal	amphioxus	SYN_GO0061008	biological_process	specific	95	48	0.5053	50.35
mammal	amphioxus	SYN_GO0048588	biological_process	specific	90	36	0.4	53.9
mammal	amphioxus	SYN_GO0001704	biological_process	specific	83	40	0.4819	51.05
mammal	amphioxus	SYN_GO0048663	biological_process	specific	76	35	0.4605	54.4
mammal	amphioxus	SYN_GO0002062	biological_process	specific	72	29	0.4028	45.9
mammal	amphioxus	SYN_GO0050885	biological_process	specific	68	35	0.5147	46.9
mammal	amphioxus	SYN_GO0021695	biological_process	specific	64	36	0.5625	53.95
mammal	amphioxus	SYN_GO0031345	biological_process	other	103	33	0.3204	52.8
mammal	amphioxus	SYN_GO0009612	biological_process	other	95	42	0.4421	44.3
mammal	amphioxus	SYN_GO0030278	biological_process	other	90	32	0.3556	45.65
mammal	amphioxus	SYN_GO0043409	biological_process	other	83	24	0.2892	48.7
mammal	amphioxus	SYN_GO0030010	biological_process	other	78	29	0.3718	45.8
mammal	amphioxus	SYN_GO0035082	biological_process	other	72	57	0.7917	45.5
mammal	amphioxus	SYN_GO0002637	biological_process	other	67	22	0.3284	44.55
mammal	amphioxus	SYN_GO2000106	biological_process	other	63	16	0.254	38.35
mammal	amphioxus	SYN_GO0072523	biological_process	conserved	59	39	0.661	52.3
mammal	amphioxus	SYN_GO0009144	biological_process	conserved	55	32	0.5818	58.6
mammal	amphioxus	SYN_GO0006195	biological_process	conserved	53	34	0.6415	55.45
mammal	amphioxus	SYN_GO0018212	biological_process	conserved	51	18	0.3529	49.0
mammal	amphioxus	SYN_GO0001676	biological_process	conserved	48	22	0.4583	47.25
mammal	amphioxus	SYN_GO0009123	biological_process	conserved	45	34	0.7556	61.15
mammal	amphioxus	SYN_GO0009308	biological_process	conserved	43	24	0.5581	52.1
mammal	amphioxus	SYN_GO0001523	biological_process	conserved	41	19	0.4634	50.7
mammal	amphioxus	SYN_GO0019226	biological_process	specific	60	22	0.3667	45.1
mammal	amphioxus	SYN_GO0035315	biological_process	specific	57	28	0.4912	48.25
mammal	amphioxus	SYN_GO0008286	biological_process	specific	54	24	0.4444	53.65
mammal	amphioxus	SYN_GO0045446	biological_process	specific	51	18	0.3529	48.6
mammal	amphioxus	SYN_GO0035710	biological_process	specific	49	14	0.2857	51.4
mammal	amphioxus	SYN_GO0007143	biological_process	specific	46	25	0.5435	43.4
mammal	amphioxus	SYN_GO0003382	biological_process	specific	43	13	0.3023	38.5
mammal	amphioxus	SYN_GO0043491	biological_process	specific	41	21	0.5122	46.9
mammal	amphioxus	SYN_GO1904375	biological_process	other	60	30	0.5	52.45
mammal	amphioxus	SYN_GO0015748	biological_process	other	56	25	0.4464	55.5
mammal	amphioxus	SYN_GO0042130	biological_process	other	54	11	0.2037	42.4
mammal	amphioxus	SYN_GO0001906	biological_process	other	51	15	0.2941	50.6
mammal	amphioxus	SYN_GO0006282	biological_process	other	48	25	0.5208	50.5
mammal	amphioxus	SYN_GO0031032	biological_process	other	45	19	0.4222	45.5
mammal	amphioxus	SYN_GO0045682	biological_process	other	43	14	0.3256	48.55
mammal	amphioxus	SYN_GO0032481	biological_process	other	41	14	0.3415	39.35
mammal	amphioxus	SYN_GO0046873	molecular_function	other	247	95	0.3846	48.2
mammal	amphioxus	SYN_GO0030545	molecular_function	other	192	32	0.1667	47.0
mammal	amphioxus	SYN_GO0019901	molecular_function	other	179	80	0.4469	52.1
mammal	amphioxus	SYN_GO0042578	molecular_function	other	168	93	0.5536	50.1
mammal	amphioxus	SYN_GO0019787	molecular_function	other	158	72	0.4557	50.0
mammal	amphioxus	SYN_GO0016818	molecular_function	other	134	90	0.6716	59.55
mammal	amphioxus	SYN_GO1901265	molecular_function	other	125	72	0.576	56.85
mammal	amphioxus	SYN_GO0003779	molecular_function	other	113	37	0.3274	50.7
mammal	amphioxus	SYN_GO0032555	molecular_function	other	99	55	0.5556	57.9
mammal	amphioxus	SYN_GO0003729	molecular_function	other	93	44	0.4731	55.95
mammal	amphioxus	SYN_GO0016829	molecular_function	other	85	60	0.7059	58.2
mammal	amphioxus	SYN_GO0003713	molecular_function	other	80	29	0.3625	55.9
mammal	amphioxus	SYN_GO0003735	molecular_function	other	77	69	0.8961	78.6
mammal	amphioxus	SYN_GO0015079	molecular_function	other	71	23	0.3239	49.2
mammal	amphioxus	SYN_GO0051020	molecular_function	other	67	31	0.4627	46.5
mammal	amphioxus	SYN_GO0005539	molecular_function	other	64	18	0.2812	44.65
mammal	amphioxus	SYN_GO0016810	molecular_function	other	59	40	0.678	58.15
mammal	amphioxus	SYN_GO0008234	molecular_function	other	56	24	0.4286	48.5
mammal	amphioxus	SYN_GO0046982	molecular_function	other	53	16	0.3019	48.25
mammal	amphioxus	SYN_GO0141108	molecular_function	other	49	18	0.3673	50.05
mammal	amphioxus	SYN_GO0016782	molecular_function	other	47	18	0.383	58.85
mammal	amphioxus	SYN_GO0044325	molecular_function	other	45	14	0.3111	51.6
mammal	amphioxus	SYN_GO0051213	molecular_function	other	43	23	0.5349	50.5
mammal	amphioxus	SYN_GO0000287	molecular_function	other	41	28	0.6829	54.25
mammal	amphioxus	SYN_GO0032279	cellular_component	other	250	94	0.376	52.9
mammal	amphioxus	SYN_GO0014069	cellular_component	other	236	87	0.3686	53.1
mammal	amphioxus	SYN_GO1990234	cellular_component	other	220	148	0.6727	56.0
mammal	amphioxus	SYN_GO0036126	cellular_component	other	195	106	0.5436	47.35
mammal	amphioxus	SYN_GO0035770	cellular_component	other	152	83	0.5461	56.8
mammal	amphioxus	SYN_GO0150034	cellular_component	other	135	58	0.4296	50.85
mammal	amphioxus	SYN_GO0005813	cellular_component	other	125	71	0.568	55.6
mammal	amphioxus	SYN_GO0043235	cellular_component	other	120	30	0.25	44.2
mammal	amphioxus	SYN_GO0098685	cellular_component	other	109	50	0.4587	53.85
mammal	amphioxus	SYN_GO0097733	cellular_component	other	96	44	0.4583	46.45
mammal	amphioxus	SYN_GO0005770	cellular_component	other	90	49	0.5444	50.0
mammal	amphioxus	SYN_GO0000775	cellular_component	other	85	39	0.4588	48.1
mammal	amphioxus	SYN_GO0005765	cellular_component	other	79	48	0.6076	49.6
mammal	amphioxus	SYN_GO0043296	cellular_component	other	72	15	0.2083	40.4
mammal	amphioxus	SYN_GO0031594	cellular_component	other	69	24	0.3478	54.85
mammal	amphioxus	SYN_GO0000792	cellular_component	other	66	25	0.3788	55.7
mammal	amphioxus	SYN_GO0048786	cellular_component	other	62	26	0.4194	52.8
mammal	amphioxus	SYN_GO0001917	cellular_component	other	57	23	0.4035	42.9
mammal	amphioxus	SYN_GO0030863	cellular_component	other	53	16	0.3019	55.3
mammal	amphioxus	SYN_GO0022625	cellular_component	other	51	42	0.8235	77.35
mammal	amphioxus	SYN_GO0030135	cellular_component	other	49	27	0.551	59.0
mammal	amphioxus	SYN_GO0045111	cellular_component	other	46	9	0.1957	42.6
mammal	amphioxus	SYN_GO0097225	cellular_component	other	43	21	0.4884	55.6
mammal	amphioxus	SYN_GO0031461	cellular_component	other	41	30	0.7317	62.35
mammal	anole	SYN_GO0141187	biological_process	conserved	245	190	0.7755	71.65
mammal	anole	SYN_GO0044283	biological_process	conserved	215	175	0.814	75.0
mammal	anole	SYN_GO0090407	biological_process	conserved	176	145	0.8239	77.9
mammal	anole	SYN_GO0032446	biological_process	conserved	154	116	0.7532	78.05
mammal	anole	SYN_GO0006281	biological_process	conserved	140	102	0.7286	62.5
mammal	anole	SYN_GO0006790	biological_process	conserved	131	101	0.771	74.6
mammal	anole	SYN_GO0006511	biological_process	conserved	125	102	0.816	81.25
mammal	anole	SYN_GO0046394	biological_process	conserved	114	89	0.7807	75.9
mammal	anole	SYN_GO0043583	biological_process	specific	246	187	0.7602	73.0
mammal	anole	SYN_GO0045087	biological_process	specific	216	124	0.5741	64.65
mammal	anole	SYN_GO0001525	biological_process	specific	185	146	0.7892	77.4
mammal	anole	SYN_GO0060041	biological_process	specific	162	125	0.7716	73.3
mammal	anole	SYN_GO0007292	biological_process	specific	146	102	0.6986	68.85
mammal	anole	SYN_GO0007605	biological_process	specific	134	105	0.7836	71.3
mammal	anole	SYN_GO0016358	biological_process	specific	123	100	0.813	79.05
mammal	anole	SYN_GO0021782	biological_process	specific	115	88	0.7652	72.35
mammal	anole	SYN_GO0098771	biological_process	other	250	195	0.78	72.1
mammal	anole	SYN_GO0071396	biological_process	other	216	151	0.6991	72.2
mammal	anole	SYN_GO0098609	biological_process	other	193	142	0.7358	73.45
mammal	anole	SYN_GO0007005	biological_process	other	174	133	0.7644	74.8
mammal	anole	SYN_GO0050670	biological_process	other	156	90	0.5769	63.25
mammal	anole	SYN_GO0046942	biological_process	other	141	115	0.8156	74.8
mammal	anole	SYN_GO1903311	biological_process	other	126	89	0.7063	80.3
mammal	anole	SYN_GO0045936	biological_process	other	118	86	0.7288	74.15
mammal	anole	SYN_GO0009259	biological_process	conserved	102	80	0.7843	78.0
mammal	anole	SYN_GO0006412	biological_process	conserved	97	83	0.8557	91.7
mammal	anole	SYN_GO1901293	biological_process	conserved	92	76	0.8261	78.5
mammal	anole	SYN_GO0019318	biological_process	conserved	84	73	0.869	80.0
mammal	anole	SYN_GO0072330	biological_process	conserved	76	59	0.7763	73.6
mammal	anole	SYN_GO0043161	biological_process	conserved	73	61	0.8356	81.4
mammal	anole	SYN_GO0072593	biological_process	conserved	69	48	0.6957	69.35
mammal	anole	SYN_GO0016051	biological_process	conserved	65	56	0.8615	80.1
mammal	anole	SYN_GO0007498	biological_process	specific	102	68	0.6667	81.45
mammal	anole	SYN_GO0061008	biological_process	specific	95	80	0.8421	67.8
mammal	anole	SYN_GO0048588	biological_process	specific	90	66	0.7333	75.4
mammal	anole	SYN_GO0001704	biological_process	specific	83	61	0.7349	79.7
mammal	anole	SYN_GO0048663	biological_process	specific	76	54	0.7105	76.9
mammal	anole	SYN_GO0002062	biological_process	specific	72	56	0.7778	79.0
mammal	anole	SYN_GO0050885	biological_process	specific	68	52	0.7647	71.35
mammal	anole	SYN_GO0021695	biological_process	specific	64	57	0.8906	75.5
mammal	anole	SYN_GO0031345	biological_process	other	103	82	0.7961	75.9
mammal	anole	SYN_GO0009612	biological_process	other	95	72	0.7579	73.2
mammal	anole	SYN_GO0030278	biological_process	other	90	70	0.7778	74.55
mammal	anole	SYN_GO0043409	biological_process	other	83	62	0.747	74.3
mammal	anole	SYN_GO0030010	biological_process	other	78	61	0.7821	72.0
mammal	anole	SYN_GO0035082	biological_process	other	72	53	0.7361	57.5
mammal	anole	SYN_GO0002637	biological_process	other	67	44	0.6567	60.8
mammal	anole	SYN_GO2000106	biological_process	other	63	39	0.619	69.4
mammal	anole	SYN_GO0072523	biological_process	conserved	59	47	0.7966	68.9
mammal	anole	SYN_GO0009144	biological_process	conserved	55	39	0.7091	75.1
mammal	anole	SYN_GO0006195	biological_process	conserved	53	43	0.8113	70.8
mammal	anole	SYN_GO0018212	biological_process	conserved	51	33	0.6471	75.9
mammal	anole	SYN_GO0001676	biological_process	conserved	48	24	0.5	72.0
mammal	anole	SYN_GO0009123	biological_process	conserved	45	39	0.8667	78.7
mammal	anole	SYN_GO0009308	biological_process	conserved	43	35	0.814	74.4
mammal	anole	SYN_GO0001523	biological_process	conserved	41	34	0.8293	70.95
mammal	anole	SYN_GO0019226	biological_process	specific	60	51	0.85	76.6
mammal	anole	SYN_GO0035315	biological_process	specific	57	44	0.7719	72.5
mammal	anole	SYN_GO0008286	biological_process	specific	54	45	0.8333	80.0
mammal	anole	SYN_GO0045446	biological_process	specific	51	37	0.7255	71.7
mammal	anole	SYN_GO0035710	biological_process	specific	49	35	0.7143	71.0
mammal	anole	SYN_GO0007143	biological_process	specific	46	28	0.6087	66.1
mammal	anole	SYN_GO0003382	biological_process	specific	43	32	0.7442	68.9
mammal	anole	SYN_GO0043491	biological_process	specific	41	32	0.7805	74.15
mammal	anole	SYN_GO1904375	biological_process	other	60	50	0.8333	74.15
mammal	anole	SYN_GO0015748	biological_process	other	56	49	0.875	73.4
mammal	anole	SYN_GO0042130	biological_process	other	54	27	0.5	60.1
mammal	anole	SYN_GO0001906	biological_process	other	51	23	0.451	66.2
mammal	anole	SYN_GO0006282	biological_process	other	48	37	0.7708	69.4
mammal	anole	SYN_GO0031032	biological_process	other	45	39	0.8667	74.2
mammal	anole	SYN_GO0045682	biological_process	other	43	32	0.7442	71.9
mammal	anole	SYN_GO0032481	biological_process	other	41	34	0.8293	53.0
mammal	anole	SYN_GO0046873	molecular_function	other	247	192	0.7773	77.0
mammal	anole	SYN_GO0030545	molecular_function	other	192	94	0.4896	65.35
mammal	anole	SYN_GO0019901	molecular_function	other	179	143	0.7989	78.7
mammal	anole	SYN_GO0042578	molecular_function	other	168	147	0.875	73.1
mammal	anole	SYN_GO0019787	molecular_function	other	158	111	0.7025	74.8
mammal	anole	SYN_GO0016818	molecular_function	other	134	97	0.7239	74.8
mammal	anole	SYN_GO1901265	molecular_function	other	125	93	0.744	78.4
mammal	anole	SYN_GO0003779	molecular_function	other	113	83	0.7345	70.5
mammal	anole	SYN_GO0032555	molecular_function	other	99	74	0.7475	78.55
mammal	anole	SYN_GO0003729	molecular_function	other	93	67	0.7204	82.5
mammal	anole	SYN_GO0016829	molecular_function	other	85	72	0.8471	72.75
mammal	anole	SYN_GO0003713	molecular_function	other	80	61	0.7625	74.0
mammal	anole	SYN_GO0003735	molecular_function	other	77	63	0.8182	97.5
mammal	anole	SYN_GO0015079	molecular_function	other	71	56	0.7887	81.5
mammal	anole	SYN_GO0051020	molecular_function	other	67	49	0.7313	75.2
mammal	anole	SYN_GO0005539	molecular_function	other	64	52	0.8125	66.15
mammal	anole	SYN_GO0016810	molecular_function	other	59	48	0.8136	77.25
mammal	anole	SYN_GO0008234	molecular_function	other	56	43	0.7679	67.5
mammal	anole	SYN_GO0046982	molecular_function	other	53	40	0.7547	78.55
mammal	anole	SYN_GO0141108	molecular_function	other	49	37	0.7551	76.8
mammal	anole	SYN_GO0016782	molecular_function	other	47	30	0.6383	78.7
mammal	anole	SYN_GO0044325	molecular_function	other	45	32	0.7111	81.15
mammal	anole	SYN_GO0051213	molecular_function	other	43	30	0.6977	73.65
mammal	anole	SYN_GO0000287	molecular_function	other	41	34	0.8293	75.35
mammal	anole	SYN_GO0032279	cellular_component	other	250	193	0.772	80.1
mammal	anole	SYN_GO0014069	cellular_component	other	236	182	0.7712	80.3
mammal	anole	SYN_GO1990234	cellular_component	other	220	186	0.8455	80.55
mammal	anole	SYN_GO0036126	cellular_component	other	195	117	0.6	62.1
mammal	anole	SYN_GO0035770	cellular_component	other	152	123	0.8092	77.1
mammal	anole	SYN_GO0150034	cellular_component	other	135	97	0.7185	78.4
mammal	anole	SYN_GO0005813	cellular_component	other	125	101	0.808	69.1
mammal	anole	SYN_GO0043235	cellular_component	other	120	82	0.6833	72.3
mammal	anole	SYN_GO0098685	cellular_component	other	109	85	0.7798	84.5
mammal	anole	SYN_GO0097733	cellular_component	other	96	76	0.7917	71.45
mammal	anole	SYN_GO0005770	cellular_component	other	90	70	0.7778	80.55
mammal	anole	SYN_GO0000775	cellular_component	other	85	59	0.6941	66.9
mammal	anole	SYN_GO0005765	cellular_component	other	79	66	0.8354	73.75
mammal	anole	SYN_GO0043296	cellular_component	other	72	55	0.7639	66.7
mammal	anole	SYN_GO0031594	cellular_component	other	69	51	0.7391	76.2
mammal	anole	SYN_GO0000792	cellular_component	other	66	48	0.7273	75.15
mammal	anole	SYN_GO0048786	cellular_component	other	62	48	0.7742	78.15
mammal	anole	SYN_GO0001917	cellular_component	other	57	48	0.8421	69.65
mammal	anole	SYN_GO0030863	cellular_component	other	53	38	0.717	74.85
mammal	anole	SYN_GO0022625	cellular_component	other	51	40	0.7843	95.1
mammal	anole	SYN_GO0030135	cellular_component	other	49	35	0.7143	74.7
mammal	anole	SYN_GO0045111	cellular_component	other	46	28	0.6087	74.1
mammal	anole	SYN_GO0097225	cellular_component	other	43	29	0.6744	69.6
mammal	anole	SYN_GO0031461	cellular_component	other	41	36	0.878	82.35
mammal	celegans	SYN_GO0141187	biological_process	conserved	245	91	0.3714	41.2
mammal	celegans	SYN_GO0044283	biological_process	conserved	215	89	0.414	46.2
mammal	celegans	SYN_GO0090407	biological_process	conserved	176	99	0.5625	46.1
mammal	celegans	SYN_GO0032446	biological_process	conserved	154	39	0.2532	45.4
mammal	celegans	SYN_GO0006281	biological_process	conserved	140	40	0.2857	39.5
mammal	celegans	SYN_GO0006790	biological_process	conserved	131	66	0.5038	46.2
mammal	celegans	SYN_GO0006511	biological_process	conserved	125	42	0.336	47.1
mammal	celegans	SYN_GO0046394	biological_process	conserved	114	44	0.386	46.1
mammal	celegans	SYN_GO0043583	biological_process	specific	246	44	0.1789	36.75
mammal	celegans	SYN_GO0045087	biological_process	specific	216	29	0.1343	47.6
mammal	celegans	SYN_GO0001525	biological_process	specific	185	30	0.1622	40.9
mammal	celegans	SYN_GO0060041	biological_process	specific	162	25	0.1543	33.9
mammal	celegans	SYN_GO0007292	biological_process	specific	146	25	0.1712	35.2
mammal	celegans	SYN_GO0007605	biological_process	specific	134	24	0.1791	43.0
mammal	celegans	SYN_GO0016358	biological_process	specific	123	32	0.2602	43.7
mammal	celegans	SYN_GO0021782	biological_process	specific	115	24	0.2087	39.6
mammal	celegans	SYN_GO0098771	biological_process	other	250	71	0.284	39.2
mammal	celegans	SYN_GO0071396	biological_process	other	216	40	0.1852	41.75
mammal	celegans	SYN_GO0098609	biological_process	other	193	22	0.114	31.65
mammal	celegans	SYN_GO0007005	biological_process	other	174	72	0.4138	43.9
mammal	celegans	SYN_GO0050670	biological_process	other	156	14	0.0897	34.75
mammal	celegans	SYN_GO0046942	biological_process	other	141	41	0.2908	41.4
mammal	celegans	SYN_GO1903311	biological_process	other	126	34	0.2698	45.25
mammal	celegans	SYN_GO0045936	biological_process	other	118	19	0.161	34.8
mammal	celegans	SYN_GO0009259	biological_process	conserved	102	43	0.4216	52.1
mammal	celegans	SYN_GO0006412	biological_process	conserved	97	82	0.8454	58.4
mammal	celegans	SYN_GO1901293	biological_process	conserved	92	55	0.5978	52.3
mammal	celegans	SYN_GO0019318	biological_process	conserved	84	35	0.4167	56.4
mammal	celegans	SYN_GO0072330	biological_process	conserved	76	24	0.3158	43.3
mammal	celegans	SYN_GO0043161	biological_process	conserved	73	26	0.3562	49.2
mammal	celegans	SYN_GO0072593	biological_process	conserved	69	20	0.2899	45.45
mammal	celegans	SYN_GO0016051	biological_process	conserved	65	28	0.4308	59.0
mammal	celegans	SYN_GO0007498	biological_process	specific	102	13	0.1275	46.4
mammal	celegans	SYN_GO0061008	biological_process	specific	95	22	0.2316	39.2
mammal	celegans	SYN_GO0048588	biological_process	specific	90	15	0.1667	38.7
mammal	celegans	SYN_GO0001704	biological_process	specific	83	12	0.1446	44.15
mammal	celegans	SYN_GO0048663	biological_process	specific	76	7	0.0921	55.1
mammal	celegans	SYN_GO0002062	biological_process	specific	72	12	0.1667	35.95
mammal	celegans	SYN_GO0050885	biological_process	specific	68	18	0.2647	38.55
mammal	celegans	SYN_GO0021695	biological_process	specific	64	18	0.2812	46.7
mammal	celegans	SYN_GO0031345	biological_process	other	103	18	0.1748	33.6
mammal	celegans	SYN_GO0009612	biological_process	other	95	18	0.1895	35.65
mammal	celegans	SYN_GO0030278	biological_process	other	90	10	0.1111	39.35
mammal	celegans	SYN_GO0043409	biological_process	other	83	13	0.1566	34.3
mammal	celegans	SYN_GO0030010	biological_process	other	78	14	0.1795	33.8
mammal	celegans	SYN_GO0035082	biological_process	other	72	4	0.0556	37.6
mammal	celegans	SYN_GO0002637	biological_process	other	67	8	0.1194	37.65
mammal	celegans	SYN_GO2000106	biological_process	other	63	4	0.0635	34.7
mammal	celegans	SYN_GO0072523	biological_process	conserved	59	21	0.3559	47.8
mammal	celegans	SYN_GO0009144	biological_process	conserved	55	17	0.3091	61.8
mammal	celegans	SYN_GO0006195	biological_process	conserved	53	17	0.3208	51.2
mammal	celegans	SYN_GO0018212	biological_process	conserved	51	10	0.1961	40.45
mammal	celegans	SYN_GO0001676	biological_process	conserved	48	14	0.2917	37.6
mammal	celegans	SYN_GO0009123	biological_process	conserved	45	29	0.6444	50.6
mammal	celegans	SYN_GO0009308	biological_process	conserved	43	11	0.2558	42.3
mammal	celegans	SYN_GO0001523	biological_process	conserved	41	9	0.2195	42.3
mammal	celegans	SYN_GO0019226	biological_process	specific	60	11	0.1833	53.3
mammal	celegans	SYN_GO0035315	biological_process	specific	57	18	0.3158	43.45
mammal	celegans	SYN_GO0008286	biological_process	specific	54	15	0.2778	36.8
mammal	celegans	SYN_GO0045446	biological_process	specific	51	9	0.1765	42.7
mammal	celegans	SYN_GO0035710	biological_process	specific	49	6	0.1224	42.3
mammal	celegans	SYN_GO0007143	biological_process	specific	46	7	0.1522	33.2
mammal	celegans	SYN_GO0003382	biological_process	specific	43	9	0.2093	29.8
mammal	celegans	SYN_GO0043491	biological_process	specific	41	7	0.1707	55.2
mammal	celegans	SYN_GO1904375	biological_process	other	60	16	0.2667	53.75
mammal	celegans	SYN_GO0015748	biological_process	other	56	24	0.4286	46.3
mammal	celegans	SYN_GO0042130	biological_process	other	54	4	0.0741	36.6
mammal	celegans	SYN_GO0001906	biological_process	other	51	4	0.0784	64.85
mammal	celegans	SYN_GO0006282	biological_process	other	48	13	0.2708	37.6
mammal	celegans	SYN_GO0031032	biological_process	other	45	11	0.2444	42.3
mammal	celegans	SYN_GO0045682	biological_process	other	43	5	0.1163	32.2
mammal	celegans	SYN_GO0032481	biological_process	other	41	6	0.1463	41.75
mammal	celegans	SYN_GO0046873	molecular_function	other	247	67	0.2713	40.5
mammal	celegans	SYN_GO0030545	molecular_function	other	192	9	0.0469	38.3
mammal	celegans	SYN_GO0019901	molecular_function	other	179	44	0.2458	45.25
mammal	celegans	SYN_GO0042578	molecular_function	other	168	61	0.3631	37.2
mammal	celegans	SYN_GO0019787	molecular_function	other	158	34	0.2152	42.35
mammal	celegans	SYN_GO0016818	molecular_function	other	134	60	0.4478	53.75
mammal	celegans	SYN_GO1901265	molecular_function	other	125	44	0.352	49.45
mammal	celegans	SYN_GO0003779	molecular_function	other	113	19	0.1681	37.6
mammal	celegans	SYN_GO0032555	molecular_function	other	99	35	0.3535	52.2
mammal	celegans	SYN_GO0003729	molecular_function	other	93	23	0.2473	46.7
mammal	celegans	SYN_GO0016829	molecular_function	other	85	39	0.4588	46.1
mammal	celegans	SYN_GO0003713	molecular_function	other	80	14	0.175	35.8
mammal	celegans	SYN_GO0003735	molecular_function	other	77	70	0.9091	68.05
mammal	celegans	SYN_GO0015079	molecular_function	other	71	15	0.2113	44.3
mammal	celegans	SYN_GO0051020	molecular_function	other	67	17	0.2537	30.9
mammal	celegans	SYN_GO0005539	molecular_function	other	64	4	0.0625	35.95
mammal	celegans	SYN_GO0016810	molecular_function	other	59	27	0.4576	49.6
mammal	celegans	SYN_GO0008234	molecular_function	other	56	11	0.1964	35.5
mammal	celegans	SYN_GO0046982	molecular_function	other	53	11	0.2075	33.9
mammal	celegans	SYN_GO0141108	molecular_function	other	49	14	0.2857	42.85
mammal	celegans	SYN_GO0016782	molecular_function	other	47	11	0.234	50.1
mammal	celegans	SYN_GO0044325	molecular_function	other	45	12	0.2667	49.0
mammal	celegans	SYN_GO0051213	molecular_function	other	43	16	0.3721	34.75
mammal	celegans	SYN_GO0000287	molecular_function	other	41	19	0.4634	43.5
mammal	celegans	SYN_GO0032279	cellular_component	other	250	59	0.236	38.1
mammal	celegans	SYN_GO0014069	cellular_component	other	236	57	0.2415	38.1
mammal	celegans	SYN_GO1990234	cellular_component	other	220	81	0.3682	41.8
mammal	celegans	SYN_GO0036126	cellular_component	other	195	22	0.1128	45.2
mammal	celegans	SYN_GO0035770	cellular_component	other	152	49	0.3224	47.7
mammal	celegans	SYN_GO0150034	cellular_component	other	135	38	0.2815	40.9
mammal	celegans	SYN_GO0005813	cellular_component	other	125	30	0.24	37.25
mammal	celegans	SYN_GO0043235	cellular_component	other	120	19	0.1583	34.8
mammal	celegans	SYN_GO0098685	cellular_component	other	109	32	0.2936	39.5
mammal	celegans	SYN_GO0097733	cellular_component	other	96	22	0.2292	39.0
mammal	celegans	SYN_GO0005770	cellular_component	other	90	25	0.2778	42.9
mammal	celegans	SYN_GO0000775	cellular_component	other	85	21	0.2471	35.3
mammal	celegans	SYN_GO0005765	cellular_component	other	79	22	0.2785	41.05
mammal	celegans	SYN_GO0043296	cellular_component	other	72	8	0.1111	32.25
mammal	celegans	SYN_GO0031594	cellular_component	other	69	22	0.3188	40.35
mammal	celegans	SYN_GO0000792	cellular_component	other	66	10	0.1515	39.35
mammal	celegans	SYN_GO0048786	cellular_component	other	62	21	0.3387	37.7
mammal	celegans	SYN_GO0001917	cellular_component	other	57	10	0.1754	44.85
mammal	celegans	SYN_GO0030863	cellular_component	other	53	11	0.2075	55.3
mammal	celegans	SYN_GO0022625	cellular_component	other	51	45	0.8824	64.1
mammal	celegans	SYN_GO0030135	cellular_component	other	49	18	0.3673	49.4
mammal	celegans	SYN_GO0045111	cellular_component	other	46	5	0.1087	34.6
mammal	celegans	SYN_GO0097225	cellular_component	other	43	9	0.2093	41.2
mammal	celegans	SYN_GO0031461	cellular_component	other	41	15	0.3659	45.5
mammal	chicken	SYN_GO0141187	biological_process	conserved	245	203	0.8286	73.5
mammal	chicken	SYN_GO0044283	biological_process	conserved	215	178	0.8279	76.7
mammal	chicken	SYN_GO0090407	biological_process	conserved	176	149	0.8466	79.1
mammal	chicken	SYN_GO0032446	biological_process	conserved	154	121	0.7857	80.3
mammal	chicken	SYN_GO0006281	biological_process	conserved	140	114	0.8143	64.05
mammal	chicken	SYN_GO0006790	biological_process	conserved	131	110	0.8397	75.3
mammal	chicken	SYN_GO0006511	biological_process	conserved	125	104	0.832	83.9
mammal	chicken	SYN_GO0046394	biological_process	conserved	114	93	0.8158	77.3
mammal	chicken	SYN_GO0043583	biological_process	specific	246	214	0.8699	76.9
mammal	chicken	SYN_GO0045087	biological_process	specific	216	127	0.588	66.2
mammal	chicken	SYN_GO0001525	biological_process	specific	185	167	0.9027	79.0
mammal	chicken	SYN_GO0060041	biological_process	specific	162	141	0.8704	74.4
mammal	chicken	SYN_GO0007292	biological_process	specific	146	111	0.7603	70.1
mammal	chicken	SYN_GO0007605	biological_process	specific	134	116	0.8657	73.3
mammal	chicken	SYN_GO0016358	biological_process	specific	123	105	0.8537	83.1
mammal	chicken	SYN_GO0021782	biological_process	specific	115	101	0.8783	76.3
mammal	chicken	SYN_GO0098771	biological_process	other	250	209	0.836	73.1
mammal	chicken	SYN_GO0071396	biological_process	other	216	163	0.7546	72.8
mammal	chicken	SYN_GO0098609	biological_process	other	193	158	0.8187	77.55
mammal	chicken	SYN_GO0007005	biological_process	other	174	142	0.8161	75.45
mammal	chicken	SYN_GO0050670	biological_process	other	156	108	0.6923	64.45
mammal	chicken	SYN_GO0046942	biological_process	other	141	119	0.844	76.8
mammal	chicken	SYN_GO1903311	biological_process	other	126	99	0.7857	84.4
mammal	chicken	SYN_GO0045936	biological_process	other	118	96	0.8136	76.75
mammal	chicken	SYN_GO0009259	biological_process	conserved	102	86	0.8431	79.15
mammal	chicken	SYN_GO0006412	biological_process	conserved	97	78	0.8041	91.7
mammal	chicken	SYN_GO1901293	biological_process	conserved	92	81	0.8804	80.0
mammal	chicken	SYN_GO0019318	biological_process	conserved	84	65	0.7738	81.9
mammal	chicken	SYN_GO0072330	biological_process	conserved	76	60	0.7895	75.9
mammal	chicken	SYN_GO0043161	biological_process	conserved	73	60	0.8219	85.0
mammal	chicken	SYN_GO0072593	biological_process	conserved	69	59	0.8551	69.1
mammal	chicken	SYN_GO0016051	biological_process	conserved	65	51	0.7846	81.6
mammal	chicken	SYN_GO0007498	biological_process	specific	102	79	0.7745	83.7
mammal	chicken	SYN_GO0061008	biological_process	specific	95	87	0.9158	72.7
mammal	chicken	SYN_GO0048588	biological_process	specific	90	77	0.8556	77.9
mammal	chicken	SYN_GO0001704	biological_process	specific	83	69	0.8313	81.9
mammal	chicken	SYN_GO0048663	biological_process	specific	76	70	0.9211	82.95
mammal	chicken	SYN_GO0002062	biological_process	specific	72	62	0.8611	80.3
mammal	chicken	SYN_GO0050885	biological_process	specific	68	58	0.8529	78.05
mammal	chicken	SYN_GO0021695	biological_process	specific	64	59	0.9219	77.6
mammal	chicken	SYN_GO0031345	biological_process	other	103	82	0.7961	81.95
mammal	chicken	SYN_GO0009612	biological_process	other	95	79	0.8316	76.5
mammal	chicken	SYN_GO0030278	biological_process	other	90	73	0.8111	75.9
mammal	chicken	SYN_GO0043409	biological_process	other	83	64	0.7711	79.05
mammal	chicken	SYN_GO0030010	biological_process	other	78	67	0.859	72.1
mammal	chicken	SYN_GO0035082	biological_process	other	72	57	0.7917	54.5
mammal	chicken	SYN_GO0002637	biological_process	other	67	45	0.6716	60.1
mammal	chicken	SYN_GO2000106	biological_process	other	63	46	0.7302	62.25
mammal	chicken	SYN_GO0072523	biological_process	conserved	59	47	0.7966	71.5
mammal	chicken	SYN_GO0009144	biological_process	conserved	55	44	0.8	78.9
mammal	chicken	SYN_GO0006195	biological_process	conserved	53	42	0.7925	74.85
mammal	chicken	SYN_GO0018212	biological_process	conserved	51	45	0.8824	76.8
mammal	chicken	SYN_GO0001676	biological_process	conserved	48	26	0.5417	69.4
mammal	chicken	SYN_GO0009123	biological_process	conserved	45	39	0.8667	79.7
mammal	chicken	SYN_GO0009308	biological_process	conserved	43	39	0.907	75.7
mammal	chicken	SYN_GO0001523	biological_process	conserved	41	34	0.8293	69.2
mammal	chicken	SYN_GO0019226	biological_process	specific	60	50	0.8333	80.9
mammal	chicken	SYN_GO0035315	biological_process	specific	57	52	0.9123	74.7
mammal	chicken	SYN_GO0008286	biological_process	specific	54	46	0.8519	77.55
mammal	chicken	SYN_GO0045446	biological_process	specific	51	46	0.902	73.05
mammal	chicken	SYN_GO0035710	biological_process	specific	49	37	0.7551	73.6
mammal	chicken	SYN_GO0007143	biological_process	specific	46	37	0.8043	69.0
mammal	chicken	SYN_GO0003382	biological_process	specific	43	36	0.8372	66.9
mammal	chicken	SYN_GO0043491	biological_process	specific	41	36	0.878	78.15
mammal	chicken	SYN_GO1904375	biological_process	other	60	52	0.8667	78.5
mammal	chicken	SYN_GO0015748	biological_process	other	56	43	0.7679	75.1
mammal	chicken	SYN_GO0042130	biological_process	other	54	34	0.6296	65.75
mammal	chicken	SYN_GO0001906	biological_process	other	51	30	0.5882	66.15
mammal	chicken	SYN_GO0006282	biological_process	other	48	37	0.7708	64.4
mammal	chicken	SYN_GO0031032	biological_process	other	45	40	0.8889	74.7
mammal	chicken	SYN_GO0045682	biological_process	other	43	32	0.7442	69.9
mammal	chicken	SYN_GO0032481	biological_process	other	41	30	0.7317	55.1
mammal	chicken	SYN_GO0046873	molecular_function	other	247	205	0.83	80.2
mammal	chicken	SYN_GO0030545	molecular_function	other	192	113	0.5885	66.9
mammal	chicken	SYN_GO0019901	molecular_function	other	179	146	0.8156	80.6
mammal	chicken	SYN_GO0042578	molecular_function	other	168	147	0.875	75.4
mammal	chicken	SYN_GO0019787	molecular_function	other	158	124	0.7848	79.5
mammal	chicken	SYN_GO0016818	molecular_function	other	134	106	0.791	78.75
mammal	chicken	SYN_GO1901265	molecular_function	other	125	91	0.728	77.9
mammal	chicken	SYN_GO0003779	molecular_function	other	113	91	0.8053	71.2
mammal	chicken	SYN_GO0032555	molecular_function	other	99	73	0.7374	77.6
mammal	chicken	SYN_GO0003729	molecular_function	other	93	70	0.7527	82.9
mammal	chicken	SYN_GO0016829	molecular_function	other	85	75	0.8824	73.2
mammal	chicken	SYN_GO0003713	molecular_function	other	80	66	0.825	78.05
mammal	chicken	SYN_GO0003735	molecular_function	other	77	56	0.7273	97.75
mammal	chicken	SYN_GO0015079	molecular_function	other	71	57	0.8028	83.7
mammal	chicken	SYN_GO0051020	molecular_function	other	67	55	0.8209	80.4
mammal	chicken	SYN_GO0005539	molecular_function	other	64	51	0.7969	68.8
mammal	chicken	SYN_GO0016810	molecular_function	other	59	51	0.8644	77.7
mammal	chicken	SYN_GO0008234	molecular_function	other	56	40	0.7143	70.65
mammal	chicken	SYN_GO0046982	molecular_function	other	53	41	0.7736	80.5
mammal	chicken	SYN_GO0141108	molecular_function	other	49	37	0.7551	81.8
mammal	chicken	SYN_GO0016782	molecular_function	other	47	38	0.8085	75.6
mammal	chicken	SYN_GO0044325	molecular_function	other	45	36	0.8	82.1
mammal	chicken	SYN_GO0051213	molecular_function	other	43	34	0.7907	72.45
mammal	chicken	SYN_GO0000287	molecular_function	other	41	29	0.7073	75.9
mammal	chicken	SYN_GO0032279	cellular_component	other	250	217	0.868	82.8
mammal	chicken	SYN_GO0014069	cellular_component	other	236	205	0.8686	82.8
mammal	chicken	SYN_GO1990234	cellular_component	other	220	187	0.85	80.9
mammal	chicken	SYN_GO0036126	cellular_component	other	195	106	0.5436	59.3
mammal	chicken	SYN_GO0035770	cellular_component	other	152	131	0.8618	78.9
mammal	chicken	SYN_GO0150034	cellular_component	other	135	117	0.8667	81.6
mammal	chicken	SYN_GO0005813	cellular_component	other	125	102	0.816	69.55
mammal	chicken	SYN_GO0043235	cellular_component	other	120	98	0.8167	73.35
mammal	chicken	SYN_GO0098685	cellular_component	other	109	93	0.8532	85.7
mammal	chicken	SYN_GO0097733	cellular_component	other	96	79	0.8229	73.5
mammal	chicken	SYN_GO0005770	cellular_component	other	90	74	0.8222	81.4
mammal	chicken	SYN_GO0000775	cellular_component	other	85	70	0.8235	67.35
mammal	chicken	SYN_GO0005765	cellular_component	other	79	61	0.7722	76.6
mammal	chicken	SYN_GO0043296	cellular_component	other	72	59	0.8194	67.6
mammal	chicken	SYN_GO0031594	cellular_component	other	69	59	0.8551	78.6
mammal	chicken	SYN_GO0000792	cellular_component	other	66	51	0.7727	75.6
mammal	chicken	SYN_GO0048786	cellular_component	other	62	54	0.871	83.55
mammal	chicken	SYN_GO0001917	cellular_component	other	57	48	0.8421	75.35
mammal	chicken	SYN_GO0030863	cellular_component	other	53	46	0.8679	77.65
mammal	chicken	SYN_GO0022625	cellular_component	other	51	37	0.7255	95.3
mammal	chicken	SYN_GO0030135	cellular_component	other	49	41	0.8367	77.2
mammal	chicken	SYN_GO0045111	cellular_component	other	46	29	0.6304	72.4
mammal	chicken	SYN_GO0097225	cellular_component	other	43	26	0.6047	63.7
mammal	chicken	SYN_GO0031461	cellular_component	other	41	35	0.8537	85.7
mammal	cow	SYN_GO0141187	biological_process	conserved	245	236	0.9633	86.7
mammal	cow	SYN_GO0044283	biological_process	conserved	215	207	0.9628	86.1
mammal	cow	SYN_GO0090407	biological_process	conserved	176	173	0.983	88.5
mammal	cow	SYN_GO0032446	biological_process	conserved	154	151	0.9805	89.1
mammal	cow	SYN_GO0006281	biological_process	conserved	140	133	0.95	77.8
mammal	cow	SYN_GO0006790	biological_process	conserved	131	123	0.9389	86.7
mammal	cow	SYN_GO0006511	biological_process	conserved	125	122	0.976	91.65
mammal	cow	SYN_GO0046394	biological_process	conserved	114	108	0.9474	86.75
mammal	cow	SYN_GO0043583	biological_process	specific	246	237	0.9634	90.9
mammal	cow	SYN_GO0045087	biological_process	specific	216	185	0.8565	78.1
mammal	cow	SYN_GO0001525	biological_process	specific	185	182	0.9838	89.85
mammal	cow	SYN_GO0060041	biological_process	specific	162	160	0.9877	87.55
mammal	cow	SYN_GO0007292	biological_process	specific	146	135	0.9247	81.7
mammal	cow	SYN_GO0007605	biological_process	specific	134	131	0.9776	87.5
mammal	cow	SYN_GO0016358	biological_process	specific	123	119	0.9675	91.3
mammal	cow	SYN_GO0021782	biological_process	specific	115	113	0.9826	89.1
mammal	cow	SYN_GO0098771	biological_process	other	250	241	0.964	86.3
mammal	cow	SYN_GO0071396	biological_process	other	216	196	0.9074	86.8
mammal	cow	SYN_GO0098609	biological_process	other	193	182	0.943	90.35
mammal	cow	SYN_GO0007005	biological_process	other	174	168	0.9655	87.6
mammal	cow	SYN_GO0050670	biological_process	other	156	146	0.9359	75.1
mammal	cow	SYN_GO0046942	biological_process	other	141	136	0.9645	87.4
mammal	cow	SYN_GO1903311	biological_process	other	126	121	0.9603	91.7
mammal	cow	SYN_GO0045936	biological_process	other	118	111	0.9407	89.6
mammal	cow	SYN_GO0009259	biological_process	conserved	102	99	0.9706	89.9
mammal	cow	SYN_GO0006412	biological_process	conserved	97	93	0.9588	97.8
mammal	cow	SYN_GO1901293	biological_process	conserved	92	90	0.9783	89.95
mammal	cow	SYN_GO0019318	biological_process	conserved	84	82	0.9762	89.15
mammal	cow	SYN_GO0072330	biological_process	conserved	76	71	0.9342	85.8
mammal	cow	SYN_GO0043161	biological_process	conserved	73	70	0.9589	92.95
mammal	cow	SYN_GO0072593	biological_process	conserved	69	66	0.9565	84.5
mammal	cow	SYN_GO0016051	biological_process	conserved	65	63	0.9692	89.7
mammal	cow	SYN_GO0007498	biological_process	specific	102	99	0.9706	92.3
mammal	cow	SYN_GO0061008	biological_process	specific	95	91	0.9579	85.1
mammal	cow	SYN_GO0048588	biological_process	specific	90	86	0.9556	91.45
mammal	cow	SYN_GO0001704	biological_process	specific	83	82	0.988	92.0
mammal	cow	SYN_GO0048663	biological_process	specific	76	76	1.0	94.1
mammal	cow	SYN_GO0002062	biological_process	specific	72	68	0.9444	92.0
mammal	cow	SYN_GO0050885	biological_process	specific	68	67	0.9853	91.3
mammal	cow	SYN_GO0021695	biological_process	specific	64	62	0.9688	89.7
mammal	cow	SYN_GO0031345	biological_process	other	103	99	0.9612	90.7
mammal	cow	SYN_GO0009612	biological_process	other	95	92	0.9684	89.55
mammal	cow	SYN_GO0030278	biological_process	other	90	88	0.9778	88.55
mammal	cow	SYN_GO0043409	biological_process	other	83	80	0.9639	87.95
mammal	cow	SYN_GO0030010	biological_process	other	78	75	0.9615	85.6
mammal	cow	SYN_GO0035082	biological_process	other	72	69	0.9583	76.3
mammal	cow	SYN_GO0002637	biological_process	other	67	64	0.9552	73.15
mammal	cow	SYN_GO2000106	biological_process	other	63	59	0.9365	81.5
mammal	cow	SYN_GO0072523	biological_process	conserved	59	54	0.9153	87.25
mammal	cow	SYN_GO0009144	biological_process	conserved	55	52	0.9455	89.35
mammal	cow	SYN_GO0006195	biological_process	conserved	53	48	0.9057	87.8
mammal	cow	SYN_GO0018212	biological_process	conserved	51	48	0.9412	90.1
mammal	cow	SYN_GO0001676	biological_process	conserved	48	37	0.7708	81.9
mammal	cow	SYN_GO0009123	biological_process	conserved	45	44	0.9778	89.25
mammal	cow	SYN_GO0009308	biological_process	conserved	43	40	0.9302	89.1
mammal	cow	SYN_GO0001523	biological_process	conserved	41	38	0.9268	84.0
mammal	cow	SYN_GO0019226	biological_process	specific	60	58	0.9667	92.15
mammal	cow	SYN_GO0035315	biological_process	specific	57	56	0.9825	87.95
mammal	cow	SYN_GO0008286	biological_process	specific	54	50	0.9259	88.2
mammal	cow	SYN_GO0045446	biological_process	specific	51	49	0.9608	90.1
mammal	cow	SYN_GO0035710	biological_process	specific	49	47	0.9592	86.4
mammal	cow	SYN_GO0007143	biological_process	specific	46	42	0.913	81.6
mammal	cow	SYN_GO0003382	biological_process	specific	43	43	1.0	85.5
mammal	cow	SYN_GO0043491	biological_process	specific	41	39	0.9512	90.4
mammal	cow	SYN_GO1904375	biological_process	other	60	59	0.9833	89.2
mammal	cow	SYN_GO0015748	biological_process	other	56	55	0.9821	88.2
mammal	cow	SYN_GO0042130	biological_process	other	54	50	0.9259	76.45
mammal	cow	SYN_GO0001906	biological_process	other	51	39	0.7647	77.9
mammal	cow	SYN_GO0006282	biological_process	other	48	47	0.9792	82.4
mammal	cow	SYN_GO0031032	biological_process	other	45	43	0.9556	90.2
mammal	cow	SYN_GO0045682	biological_process	other	43	41	0.9535	89.7
mammal	cow	SYN_GO0032481	biological_process	other	41	40	0.9756	73.9
mammal	cow	SYN_GO0046873	molecular_function	other	247	244	0.9879	90.4
mammal	cow	SYN_GO0030545	molecular_function	other	192	160	0.8333	77.25
mammal	cow	SYN_GO0019901	molecular_function	other	179	174	0.9721	89.65
mammal	cow	SYN_GO0042578	molecular_function	other	168	162	0.9643	86.6
mammal	cow	SYN_GO0019787	molecular_function	other	158	152	0.962	89.65
mammal	cow	SYN_GO0016818	molecular_function	other	134	121	0.903	88.9
mammal	cow	SYN_GO1901265	molecular_function	other	125	117	0.936	89.0
mammal	cow	SYN_GO0003779	molecular_function	other	113	108	0.9558	87.65
mammal	cow	SYN_GO0032555	molecular_function	other	99	92	0.9293	90.4
mammal	cow	SYN_GO0003729	molecular_function	other	93	87	0.9355	92.7
mammal	cow	SYN_GO0016829	molecular_function	other	85	80	0.9412	86.25
mammal	cow	SYN_GO0003713	molecular_function	other	80	79	0.9875	89.4
mammal	cow	SYN_GO0003735	molecular_function	other	77	74	0.961	99.3
mammal	cow	SYN_GO0015079	molecular_function	other	71	70	0.9859	93.25
mammal	cow	SYN_GO0051020	molecular_function	other	67	65	0.9701	90.0
mammal	cow	SYN_GO0005539	molecular_function	other	64	58	0.9062	81.9
mammal	cow	SYN_GO0016810	molecular_function	other	59	56	0.9492	87.65
mammal	cow	SYN_GO0008234	molecular_function	other	56	49	0.875	85.3
mammal	cow	SYN_GO0046982	molecular_function	other	53	52	0.9811	90.95
mammal	cow	SYN_GO0141108	molecular_function	other	49	47	0.9592	89.5
mammal	cow	SYN_GO0016782	molecular_function	other	47	43	0.9149	86.5
mammal	cow	SYN_GO0044325	molecular_function	other	45	42	0.9333	92.95
mammal	cow	SYN_GO0051213	molecular_function	other	43	42	0.9767	83.75
mammal	cow	SYN_GO0000287	molecular_function	other	41	41	1.0	88.6
mammal	cow	SYN_GO0032279	cellular_component	other	250	239	0.956	91.9
mammal	cow	SYN_GO0014069	cellular_component	other	236	225	0.9534	91.8
mammal	cow	SYN_GO1990234	cellular_component	other	220	213	0.9682	90.8
mammal	cow	SYN_GO0036126	cellular_component	other	195	179	0.9179	76.6
mammal	cow	SYN_GO0035770	cellular_component	other	152	146	0.9605	90.9
mammal	cow	SYN_GO0150034	cellular_component	other	135	128	0.9481	92.15
mammal	cow	SYN_GO0005813	cellular_component	other	125	117	0.936	84.7
mammal	cow	SYN_GO0043235	cellular_component	other	120	117	0.975	86.5
mammal	cow	SYN_GO0098685	cellular_component	other	109	106	0.9725	94.35
mammal	cow	SYN_GO0097733	cellular_component	other	96	93	0.9688	84.4
mammal	cow	SYN_GO0005770	cellular_component	other	90	87	0.9667	89.6
mammal	cow	SYN_GO0000775	cellular_component	other	85	83	0.9765	81.0
mammal	cow	SYN_GO0005765	cellular_component	other	79	75	0.9494	84.8
mammal	cow	SYN_GO0043296	cellular_component	other	72	71	0.9861	86.7
mammal	cow	SYN_GO0031594	cellular_component	other	69	65	0.942	92.1
mammal	cow	SYN_GO0000792	cellular_component	other	66	61	0.9242	88.1
mammal	cow	SYN_GO0048786	cellular_component	other	62	59	0.9516	93.9
mammal	cow	SYN_GO0001917	cellular_component	other	57	56	0.9825	85.9
mammal	cow	SYN_GO0030863	cellular_component	other	53	49	0.9245	90.1
mammal	cow	SYN_GO0022625	cellular_component	other	51	48	0.9412	98.8
mammal	cow	SYN_GO0030135	cellular_component	other	49	46	0.9388	91.0
mammal	cow	SYN_GO0045111	cellular_component	other	46	44	0.9565	87.15
mammal	cow	SYN_GO0097225	cellular_component	other	43	39	0.907	81.4
mammal	cow	SYN_GO0031461	cellular_component	other	41	40	0.9756	90.95
mammal	dog	SYN_GO0141187	biological_process	conserved	245	230	0.9388	87.95
mammal	dog	SYN_GO0044283	biological_process	conserved	215	203	0.9442	86.4
mammal	dog	SYN_GO0090407	biological_process	conserved	176	165	0.9375	89.7
mammal	dog	SYN_GO0032446	biological_process	conserved	154	138	0.8961	90.0
mammal	dog	SYN_GO0006281	biological_process	conserved	140	125	0.8929	80.8
mammal	dog	SYN_GO0006790	biological_process	conserved	131	118	0.9008	87.75
mammal	dog	SYN_GO0006511	biological_process	conserved	125	119	0.952	93.4
mammal	dog	SYN_GO0046394	biological_process	conserved	114	105	0.9211	87.2
mammal	dog	SYN_GO0043583	biological_process	specific	246	225	0.9146	90.9
mammal	dog	SYN_GO0045087	biological_process	specific	216	173	0.8009	81.1
mammal	dog	SYN_GO0001525	biological_process	specific	185	172	0.9297	90.9
mammal	dog	SYN_GO0060041	biological_process	specific	162	156	0.963	87.25
mammal	dog	SYN_GO0007292	biological_process	specific	146	129	0.8836	82.8
mammal	dog	SYN_GO0007605	biological_process	specific	134	124	0.9254	88.2
mammal	dog	SYN_GO0016358	biological_process	specific	123	117	0.9512	92.1
mammal	dog	SYN_GO0021782	biological_process	specific	115	110	0.9565	89.35
mammal	dog	SYN_GO0098771	biological_process	other	250	236	0.944	87.2
mammal	dog	SYN_GO0071396	biological_process	other	216	193	0.8935	87.7
mammal	dog	SYN_GO0098609	biological_process	other	193	183	0.9482	90.6
mammal	dog	SYN_GO0007005	biological_process	other	174	156	0.8966	88.3
mammal	dog	SYN_GO0050670	biological_process	other	156	146	0.9359	77.4
mammal	dog	SYN_GO0046942	biological_process	other	141	129	0.9149	88.1
mammal	dog	SYN_GO1903311	biological_process	other	126	120	0.9524	92.85
mammal	dog	SYN_GO0045936	biological_process	other	118	105	0.8898	89.3
mammal	dog	SYN_GO0009259	biological_process	conserved	102	93	0.9118	90.4
mammal	dog	SYN_GO0006412	biological_process	conserved	97	94	0.9691	97.55
mammal	dog	SYN_GO1901293	biological_process	conserved	92	84	0.913	91.15
mammal	dog	SYN_GO0019318	biological_process	conserved	84	80	0.9524	89.7
mammal	dog	SYN_GO0072330	biological_process	conserved	76	67	0.8816	86.2
mammal	dog	SYN_GO0043161	biological_process	conserved	73	70	0.9589	94.0
mammal	dog	SYN_GO0072593	biological_process	conserved	69	64	0.9275	84.55
mammal	dog	SYN_GO0016051	biological_process	conserved	65	62	0.9538	91.0
mammal	dog	SYN_GO0007498	biological_process	specific	102	95	0.9314	90.9
mammal	dog	SYN_GO0061008	biological_process	specific	95	89	0.9368	87.4
mammal	dog	SYN_GO0048588	biological_process	specific	90	85	0.9444	91.9
mammal	dog	SYN_GO0001704	biological_process	specific	83	78	0.9398	89.85
mammal	dog	SYN_GO0048663	biological_process	specific	76	71	0.9342	93.8
mammal	dog	SYN_GO0002062	biological_process	specific	72	67	0.9306	92.7
mammal	dog	SYN_GO0050885	biological_process	specific	68	67	0.9853	92.0
mammal	dog	SYN_GO0021695	biological_process	specific	64	63	0.9844	89.7
mammal	dog	SYN_GO0031345	biological_process	other	103	94	0.9126	91.55
mammal	dog	SYN_GO0009612	biological_process	other	95	88	0.9263	90.3
mammal	dog	SYN_GO0030278	biological_process	other	90	89	0.9889	89.2
mammal	dog	SYN_GO0043409	biological_process	other	83	81	0.9759	88.9
mammal	dog	SYN_GO0030010	biological_process	other	78	73	0.9359	89.0
mammal	dog	SYN_GO0035082	biological_process	other	72	67	0.9306	74.1
mammal	dog	SYN_GO0002637	biological_process	other	67	64	0.9552	77.3
mammal	dog	SYN_GO2000106	biological_process	other	63	61	0.9683	81.4
mammal	dog	SYN_GO0072523	biological_process	conserved	59	53	0.8983	89.6
mammal	dog	SYN_GO0009144	biological_process	conserved	55	48	0.8727	90.35
mammal	dog	SYN_GO0006195	biological_process	conserved	53	47	0.8868	89.8
mammal	dog	SYN_GO0018212	biological_process	conserved	51	49	0.9608	92.0
mammal	dog	SYN_GO0001676	biological_process	conserved	48	33	0.6875	83.4
mammal	dog	SYN_GO0009123	biological_process	conserved	45	42	0.9333	88.75
mammal	dog	SYN_GO0009308	biological_process	conserved	43	40	0.9302	87.75
mammal	dog	SYN_GO0001523	biological_process	conserved	41	35	0.8537	84.5
mammal	dog	SYN_GO0019226	biological_process	specific	60	55	0.9167	91.9
mammal	dog	SYN_GO0035315	biological_process	specific	57	55	0.9649	88.2
mammal	dog	SYN_GO0008286	biological_process	specific	54	51	0.9444	90.2
mammal	dog	SYN_GO0045446	biological_process	specific	51	50	0.9804	89.55
mammal	dog	SYN_GO0035710	biological_process	specific	49	47	0.9592	84.1
mammal	dog	SYN_GO0007143	biological_process	specific	46	42	0.913	82.3
mammal	dog	SYN_GO0003382	biological_process	specific	43	43	1.0	86.7
mammal	dog	SYN_GO0043491	biological_process	specific	41	37	0.9024	89.2
mammal	dog	SYN_GO1904375	biological_process	other	60	55	0.9167	92.4
mammal	dog	SYN_GO0015748	biological_process	other	56	54	0.9643	88.05
mammal	dog	SYN_GO0042130	biological_process	other	54	49	0.9074	76.5
mammal	dog	SYN_GO0001906	biological_process	other	51	36	0.7059	78.6
mammal	dog	SYN_GO0006282	biological_process	other	48	47	0.9792	86.1
mammal	dog	SYN_GO0031032	biological_process	other	45	41	0.9111	89.5
mammal	dog	SYN_GO0045682	biological_process	other	43	39	0.907	89.0
mammal	dog	SYN_GO0032481	biological_process	other	41	37	0.9024	75.1
mammal	dog	SYN_GO0046873	molecular_function	other	247	235	0.9514	90.2
mammal	dog	SYN_GO0030545	molecular_function	other	192	152	0.7917	79.35
mammal	dog	SYN_GO0019901	molecular_function	other	179	171	0.9553	90.8
mammal	dog	SYN_GO0042578	molecular_function	other	168	160	0.9524	88.15
mammal	dog	SYN_GO0019787	molecular_function	other	158	141	0.8924	90.6
mammal	dog	SYN_GO0016818	molecular_function	other	134	121	0.903	89.7
mammal	dog	SYN_GO1901265	molecular_function	other	125	113	0.904	90.1
mammal	dog	SYN_GO0003779	molecular_function	other	113	105	0.9292	86.7
mammal	dog	SYN_GO0032555	molecular_function	other	99	90	0.9091	90.9
mammal	dog	SYN_GO0003729	molecular_function	other	93	87	0.9355	92.4
mammal	dog	SYN_GO0016829	molecular_function	other	85	78	0.9176	86.6
mammal	dog	SYN_GO0003713	molecular_function	other	80	76	0.95	89.4
mammal	dog	SYN_GO0003735	molecular_function	other	77	74	0.961	99.3
mammal	dog	SYN_GO0015079	molecular_function	other	71	66	0.9296	92.05
mammal	dog	SYN_GO0051020	molecular_function	other	67	64	0.9552	89.6
mammal	dog	SYN_GO0005539	molecular_function	other	64	57	0.8906	84.1
mammal	dog	SYN_GO0016810	molecular_function	other	59	55	0.9322	86.6
mammal	dog	SYN_GO0008234	molecular_function	other	56	45	0.8036	83.0
mammal	dog	SYN_GO0046982	molecular_function	other	53	50	0.9434	90.25
mammal	dog	SYN_GO0141108	molecular_function	other	49	44	0.898	90.95
mammal	dog	SYN_GO0016782	molecular_function	other	47	40	0.8511	86.6
mammal	dog	SYN_GO0044325	molecular_function	other	45	41	0.9111	91.7
mammal	dog	SYN_GO0051213	molecular_function	other	43	40	0.9302	86.5
mammal	dog	SYN_GO0000287	molecular_function	other	41	40	0.9756	89.05
mammal	dog	SYN_GO0032279	cellular_component	other	250	241	0.964	92.4
mammal	dog	SYN_GO0014069	cellular_component	other	236	227	0.9619	92.4
mammal	dog	SYN_GO1990234	cellular_component	other	220	206	0.9364	91.55
mammal	dog	SYN_GO0036126	cellular_component	other	195	168	0.8615	77.2
mammal	dog	SYN_GO0035770	cellular_component	other	152	146	0.9605	91.05
mammal	dog	SYN_GO0150034	cellular_component	other	135	123	0.9111	90.8
mammal	dog	SYN_GO0005813	cellular_component	other	125	117	0.936	85.8
mammal	dog	SYN_GO0043235	cellular_component	other	120	116	0.9667	86.9
mammal	dog	SYN_GO0098685	cellular_component	other	109	100	0.9174	93.45
mammal	dog	SYN_GO0097733	cellular_component	other	96	94	0.9792	85.25
mammal	dog	SYN_GO0005770	cellular_component	other	90	84	0.9333	89.0
mammal	dog	SYN_GO0000775	cellular_component	other	85	81	0.9529	81.3
mammal	dog	SYN_GO0005765	cellular_component	other	79	75	0.9494	85.7
mammal	dog	SYN_GO0043296	cellular_component	other	72	70	0.9722	88.5
mammal	dog	SYN_GO0031594	cellular_component	other	69	63	0.913	92.7
mammal	dog	SYN_GO0000792	cellular_component	other	66	60	0.9091	88.55
mammal	dog	SYN_GO0048786	cellular_component	other	62	61	0.9839	93.8
mammal	dog	SYN_GO0001917	cellular_component	other	57	57	1.0	86.1
mammal	dog	SYN_GO0030863	cellular_component	other	53	46	0.8679	90.15
mammal	dog	SYN_GO0022625	cellular_component	other	51	48	0.9412	99.1
mammal	dog	SYN_GO0030135	cellular_component	other	49	45	0.9184	92.1
mammal	dog	SYN_GO0045111	cellular_component	other	46	41	0.8913	86.3
mammal	dog	SYN_GO0097225	cellular_component	other	43	34	0.7907	84.45
mammal	dog	SYN_GO0031461	cellular_component	other	41	40	0.9756	92.9
mammal	fruitfly	SYN_GO0141187	biological_process	conserved	245	110	0.449	46.7
mammal	fruitfly	SYN_GO0044283	biological_process	conserved	215	101	0.4698	52.0
mammal	fruitfly	SYN_GO0090407	biological_process	conserved	176	103	0.5852	51.6
mammal	fruitfly	SYN_GO0032446	biological_process	conserved	154	51	0.3312	48.1
mammal	fruitfly	SYN_GO0006281	biological_process	conserved	140	46	0.3286	44.55
mammal	fruitfly	SYN_GO0006790	biological_process	conserved	131	76	0.5802	50.85
mammal	fruitfly	SYN_GO0006511	biological_process	conserved	125	58	0.464	48.0
mammal	fruitfly	SYN_GO0046394	biological_process	conserved	114	44	0.386	52.7
mammal	fruitfly	SYN_GO0043583	biological_process	specific	246	53	0.2154	39.4
mammal	fruitfly	SYN_GO0045087	biological_process	specific	216	34	0.1574	49.35
mammal	fruitfly	SYN_GO0001525	biological_process	specific	185	37	0.2	49.2
mammal	fruitfly	SYN_GO0060041	biological_process	specific	162	36	0.2222	40.95
mammal	fruitfly	SYN_GO0007292	biological_process	specific	146	30	0.2055	43.2
mammal	fruitfly	SYN_GO0007605	biological_process	specific	134	28	0.209	38.65
mammal	fruitfly	SYN_GO0016358	biological_process	specific	123	43	0.3496	47.0
mammal	fruitfly	SYN_GO0021782	biological_process	specific	115	29	0.2522	42.8
mammal	fruitfly	SYN_GO0098771	biological_process	other	250	81	0.324	47.3
mammal	fruitfly	SYN_GO0071396	biological_process	other	216	42	0.1944	49.75
mammal	fruitfly	SYN_GO0098609	biological_process	other	193	32	0.1658	37.7
mammal	fruitfly	SYN_GO0007005	biological_process	other	174	90	0.5172	47.15
mammal	fruitfly	SYN_GO0050670	biological_process	other	156	20	0.1282	41.6
mammal	fruitfly	SYN_GO0046942	biological_process	other	141	46	0.3262	47.05
mammal	fruitfly	SYN_GO1903311	biological_process	other	126	36	0.2857	47.2
mammal	fruitfly	SYN_GO0045936	biological_process	other	118	29	0.2458	41.0
mammal	fruitfly	SYN_GO0009259	biological_process	conserved	102	52	0.5098	55.95
mammal	fruitfly	SYN_GO0006412	biological_process	conserved	97	81	0.8351	61.0
mammal	fruitfly	SYN_GO1901293	biological_process	conserved	92	55	0.5978	58.9
mammal	fruitfly	SYN_GO0019318	biological_process	conserved	84	35	0.4167	60.5
mammal	fruitfly	SYN_GO0072330	biological_process	conserved	76	23	0.3026	52.4
mammal	fruitfly	SYN_GO0043161	biological_process	conserved	73	35	0.4795	53.7
mammal	fruitfly	SYN_GO0072593	biological_process	conserved	69	29	0.4203	45.9
mammal	fruitfly	SYN_GO0016051	biological_process	conserved	65	30	0.4615	62.7
mammal	fruitfly	SYN_GO0007498	biological_process	specific	102	28	0.2745	43.5
mammal	fruitfly	SYN_GO0061008	biological_process	specific	95	25	0.2632	42.8
mammal	fruitfly	SYN_GO0048588	biological_process	specific	90	23	0.2556	46.5
mammal	fruitfly	SYN_GO0001704	biological_process	specific	83	25	0.3012	39.1
mammal	fruitfly	SYN_GO0048663	biological_process	specific	76	15	0.1974	50.9
mammal	fruitfly	SYN_GO0002062	biological_process	specific	72	15	0.2083	43.3
mammal	fruitfly	SYN_GO0050885	biological_process	specific	68	23	0.3382	35.5
mammal	fruitfly	SYN_GO0021695	biological_process	specific	64	24	0.375	50.3
mammal	fruitfly	SYN_GO0031345	biological_process	other	103	25	0.2427	41.1
mammal	fruitfly	SYN_GO0009612	biological_process	other	95	17	0.1789	32.8
mammal	fruitfly	SYN_GO0030278	biological_process	other	90	18	0.2	41.85
mammal	fruitfly	SYN_GO0043409	biological_process	other	83	18	0.2169	46.1
mammal	fruitfly	SYN_GO0030010	biological_process	other	78	21	0.2692	37.7
mammal	fruitfly	SYN_GO0035082	biological_process	other	72	21	0.2917	28.4
mammal	fruitfly	SYN_GO0002637	biological_process	other	67	12	0.1791	42.15
mammal	fruitfly	SYN_GO2000106	biological_process	other	63	9	0.1429	41.7
mammal	fruitfly	SYN_GO0072523	biological_process	conserved	59	26	0.4407	51.7
mammal	fruitfly	SYN_GO0009144	biological_process	conserved	55	23	0.4182	61.1
mammal	fruitfly	SYN_GO0006195	biological_process	conserved	53	23	0.434	52.2
mammal	fruitfly	SYN_GO0018212	biological_process	conserved	51	10	0.1961	42.85
mammal	fruitfly	SYN_GO0001676	biological_process	conserved	48	12	0.25	41.95
mammal	fruitfly	SYN_GO0009123	biological_process	conserved	45	28	0.6222	58.6
mammal	fruitfly	SYN_GO0009308	biological_process	conserved	43	18	0.4186	45.45
mammal	fruitfly	SYN_GO0001523	biological_process	conserved	41	9	0.2195	44.6
mammal	fruitfly	SYN_GO0019226	biological_process	specific	60	15	0.25	49.6
mammal	fruitfly	SYN_GO0035315	biological_process	specific	57	18	0.3158	48.5
mammal	fruitfly	SYN_GO0008286	biological_process	specific	54	17	0.3148	41.3
mammal	fruitfly	SYN_GO0045446	biological_process	specific	51	9	0.1765	43.9
mammal	fruitfly	SYN_GO0035710	biological_process	specific	49	7	0.1429	49.7
mammal	fruitfly	SYN_GO0007143	biological_process	specific	46	13	0.2826	40.0
mammal	fruitfly	SYN_GO0003382	biological_process	specific	43	6	0.1395	40.15
mammal	fruitfly	SYN_GO0043491	biological_process	specific	41	11	0.2683	38.6
mammal	fruitfly	SYN_GO1904375	biological_process	other	60	19	0.3167	54.2
mammal	fruitfly	SYN_GO0015748	biological_process	other	56	21	0.375	51.7
mammal	fruitfly	SYN_GO0042130	biological_process	other	54	4	0.0741	42.5
mammal	fruitfly	SYN_GO0001906	biological_process	other	51	3	0.0588	59.7
mammal	fruitfly	SYN_GO0006282	biological_process	other	48	20	0.4167	42.8
mammal	fruitfly	SYN_GO0031032	biological_process	other	45	9	0.2	44.4
mammal	fruitfly	SYN_GO0045682	biological_process	other	43	6	0.1395	41.4
mammal	fruitfly	SYN_GO0032481	biological_process	other	41	7	0.1707	45.2
mammal	fruitfly	SYN_GO0046873	molecular_function	other	247	62	0.251	47.4
mammal	fruitfly	SYN_GO0030545	molecular_function	other	192	16	0.0833	43.1
mammal	fruitfly	SYN_GO0019901	molecular_function	other	179	52	0.2905	45.85
mammal	fruitfly	SYN_GO0042578	molecular_function	other	168	60	0.3571	42.2
mammal	fruitfly	SYN_GO0019787	molecular_function	other	158	50	0.3165	43.2
mammal	fruitfly	SYN_GO0016818	molecular_function	other	134	54	0.403	62.85
mammal	fruitfly	SYN_GO1901265	molecular_function	other	125	49	0.392	57.1
mammal	fruitfly	SYN_GO0003779	molecular_function	other	113	19	0.1681	41.6
mammal	fruitfly	SYN_GO0032555	molecular_function	other	99	38	0.3838	60.05
mammal	fruitfly	SYN_GO0003729	molecular_function	other	93	27	0.2903	47.9
mammal	fruitfly	SYN_GO0016829	molecular_function	other	85	44	0.5176	54.8
mammal	fruitfly	SYN_GO0003713	molecular_function	other	80	17	0.2125	49.4
mammal	fruitfly	SYN_GO0003735	molecular_function	other	77	68	0.8831	73.8
mammal	fruitfly	SYN_GO0015079	molecular_function	other	71	16	0.2254	47.15
mammal	fruitfly	SYN_GO0051020	molecular_function	other	67	20	0.2985	41.5
mammal	fruitfly	SYN_GO0005539	molecular_function	other	64	4	0.0625	38.8
mammal	fruitfly	SYN_GO0016810	molecular_function	other	59	34	0.5763	52.3
mammal	fruitfly	SYN_GO0008234	molecular_function	other	56	14	0.25	47.35
mammal	fruitfly	SYN_GO0046982	molecular_function	other	53	11	0.2075	48.0
mammal	fruitfly	SYN_GO0141108	molecular_function	other	49	10	0.2041	50.1
mammal	fruitfly	SYN_GO0016782	molecular_function	other	47	12	0.2553	56.6
mammal	fruitfly	SYN_GO0044325	molecular_function	other	45	12	0.2667	51.65
mammal	fruitfly	SYN_GO0051213	molecular_function	other	43	14	0.3256	45.55
mammal	fruitfly	SYN_GO0000287	molecular_function	other	41	16	0.3902	46.25
mammal	fruitfly	SYN_GO0032279	cellular_component	other	250	53	0.212	47.5
mammal	fruitfly	SYN_GO0014069	cellular_component	other	236	51	0.2161	47.8
mammal	fruitfly	SYN_GO1990234	cellular_component	other	220	110	0.5	48.8
mammal	fruitfly	SYN_GO0036126	cellular_component	other	195	44	0.2256	39.65
mammal	fruitfly	SYN_GO0035770	cellular_component	other	152	52	0.3421	51.35
mammal	fruitfly	SYN_GO0150034	cellular_component	other	135	40	0.2963	50.95
mammal	fruitfly	SYN_GO0005813	cellular_component	other	125	37	0.296	38.3
mammal	fruitfly	SYN_GO0043235	cellular_component	other	120	17	0.1417	42.9
mammal	fruitfly	SYN_GO0098685	cellular_component	other	109	32	0.2936	51.05
mammal	fruitfly	SYN_GO0097733	cellular_component	other	96	23	0.2396	40.3
mammal	fruitfly	SYN_GO0005770	cellular_component	other	90	34	0.3778	45.9
mammal	fruitfly	SYN_GO0000775	cellular_component	other	85	27	0.3176	46.2
mammal	fruitfly	SYN_GO0005765	cellular_component	other	79	29	0.3671	43.9
mammal	fruitfly	SYN_GO0043296	cellular_component	other	72	9	0.125	44.5
mammal	fruitfly	SYN_GO0031594	cellular_component	other	69	19	0.2754	47.4
mammal	fruitfly	SYN_GO0000792	cellular_component	other	66	18	0.2727	49.15
mammal	fruitfly	SYN_GO0048786	cellular_component	other	62	21	0.3387	49.3
mammal	fruitfly	SYN_GO0001917	cellular_component	other	57	12	0.2105	40.9
mammal	fruitfly	SYN_GO0030863	cellular_component	other	53	12	0.2264	44.6
mammal	fruitfly	SYN_GO0022625	cellular_component	other	51	42	0.8235	70.2
mammal	fruitfly	SYN_GO0030135	cellular_component	other	49	21	0.4286	53.6
mammal	fruitfly	SYN_GO0045111	cellular_component	other	46	5	0.1087	36.1
mammal	fruitfly	SYN_GO0097225	cellular_component	other	43	13	0.3023	53.2
mammal	fruitfly	SYN_GO0031461	cellular_component	other	41	21	0.5122	55.1
mammal	gar	SYN_GO0141187	biological_process	conserved	245	190	0.7755	66.3
mammal	gar	SYN_GO0044283	biological_process	conserved	215	176	0.8186	69.55
mammal	gar	SYN_GO0090407	biological_process	conserved	176	144	0.8182	73.95
mammal	gar	SYN_GO0032446	biological_process	conserved	154	117	0.7597	71.7
mammal	gar	SYN_GO0006281	biological_process	conserved	140	110	0.7857	56.95
mammal	gar	SYN_GO0006790	biological_process	conserved	131	106	0.8092	70.0
mammal	gar	SYN_GO0006511	biological_process	conserved	125	96	0.768	76.95
mammal	gar	SYN_GO0046394	biological_process	conserved	114	92	0.807	70.25
mammal	gar	SYN_GO0043583	biological_process	specific	246	212	0.8618	69.15
mammal	gar	SYN_GO0045087	biological_process	specific	216	132	0.6111	59.75
mammal	gar	SYN_GO0001525	biological_process	specific	185	159	0.8595	68.0
mammal	gar	SYN_GO0060041	biological_process	specific	162	140	0.8642	68.55
mammal	gar	SYN_GO0007292	biological_process	specific	146	101	0.6918	59.3
mammal	gar	SYN_GO0007605	biological_process	specific	134	113	0.8433	65.9
mammal	gar	SYN_GO0016358	biological_process	specific	123	102	0.8293	73.1
mammal	gar	SYN_GO0021782	biological_process	specific	115	94	0.8174	69.35
mammal	gar	SYN_GO0098771	biological_process	other	250	192	0.768	68.0
mammal	gar	SYN_GO0071396	biological_process	other	216	150	0.6944	66.8
mammal	gar	SYN_GO0098609	biological_process	other	193	138	0.715	67.25
mammal	gar	SYN_GO0007005	biological_process	other	174	137	0.7874	69.4
mammal	gar	SYN_GO0050670	biological_process	other	156	97	0.6218	57.8
mammal	gar	SYN_GO0046942	biological_process	other	141	106	0.7518	70.65
mammal	gar	SYN_GO1903311	biological_process	other	126	94	0.746	70.75
mammal	gar	SYN_GO0045936	biological_process	other	118	90	0.7627	66.95
mammal	gar	SYN_GO0009259	biological_process	conserved	102	85	0.8333	73.7
mammal	gar	SYN_GO0006412	biological_process	conserved	97	80	0.8247	89.6
mammal	gar	SYN_GO1901293	biological_process	conserved	92	78	0.8478	75.75
mammal	gar	SYN_GO0019318	biological_process	conserved	84	65	0.7738	74.4
mammal	gar	SYN_GO0072330	biological_process	conserved	76	59	0.7763	68.3
mammal	gar	SYN_GO0043161	biological_process	conserved	73	58	0.7945	81.25
mammal	gar	SYN_GO0072593	biological_process	conserved	69	55	0.7971	66.1
mammal	gar	SYN_GO0016051	biological_process	conserved	65	51	0.7846	74.4
mammal	gar	SYN_GO0007498	biological_process	specific	102	82	0.8039	73.8
mammal	gar	SYN_GO0061008	biological_process	specific	95	86	0.9053	64.3
mammal	gar	SYN_GO0048588	biological_process	specific	90	76	0.8444	72.0
mammal	gar	SYN_GO0001704	biological_process	specific	83	66	0.7952	73.75
mammal	gar	SYN_GO0048663	biological_process	specific	76	70	0.9211	74.85
mammal	gar	SYN_GO0002062	biological_process	specific	72	61	0.8472	71.0
mammal	gar	SYN_GO0050885	biological_process	specific	68	56	0.8235	70.65
mammal	gar	SYN_GO0021695	biological_process	specific	64	54	0.8438	71.95
mammal	gar	SYN_GO0031345	biological_process	other	103	76	0.7379	71.65
mammal	gar	SYN_GO0009612	biological_process	other	95	73	0.7684	67.9
mammal	gar	SYN_GO0030278	biological_process	other	90	73	0.8111	67.9
mammal	gar	SYN_GO0043409	biological_process	other	83	64	0.7711	68.15
mammal	gar	SYN_GO0030010	biological_process	other	78	63	0.8077	65.9
mammal	gar	SYN_GO0035082	biological_process	other	72	61	0.8472	51.0
mammal	gar	SYN_GO0002637	biological_process	other	67	37	0.5522	54.5
mammal	gar	SYN_GO2000106	biological_process	other	63	39	0.619	59.2
mammal	gar	SYN_GO0072523	biological_process	conserved	59	45	0.7627	67.3
mammal	gar	SYN_GO0009144	biological_process	conserved	55	45	0.8182	74.4
mammal	gar	SYN_GO0006195	biological_process	conserved	53	42	0.7925	69.05
mammal	gar	SYN_GO0018212	biological_process	conserved	51	38	0.7451	66.5
mammal	gar	SYN_GO0001676	biological_process	conserved	48	25	0.5208	64.9
mammal	gar	SYN_GO0009123	biological_process	conserved	45	41	0.9111	72.8
mammal	gar	SYN_GO0009308	biological_process	conserved	43	37	0.8605	71.6
mammal	gar	SYN_GO0001523	biological_process	conserved	41	31	0.7561	65.8
mammal	gar	SYN_GO0019226	biological_process	specific	60	46	0.7667	71.55
mammal	gar	SYN_GO0035315	biological_process	specific	57	49	0.8596	67.7
mammal	gar	SYN_GO0008286	biological_process	specific	54	47	0.8704	69.2
mammal	gar	SYN_GO0045446	biological_process	specific	51	46	0.902	65.85
mammal	gar	SYN_GO0035710	biological_process	specific	49	31	0.6327	71.6
mammal	gar	SYN_GO0007143	biological_process	specific	46	32	0.6957	58.2
mammal	gar	SYN_GO0003382	biological_process	specific	43	36	0.8372	61.45
mammal	gar	SYN_GO0043491	biological_process	specific	41	33	0.8049	67.8
mammal	gar	SYN_GO1904375	biological_process	other	60	47	0.7833	68.6
mammal	gar	SYN_GO0015748	biological_process	other	56	40	0.7143	68.9
mammal	gar	SYN_GO0042130	biological_process	other	54	32	0.5926	57.7
mammal	gar	SYN_GO0001906	biological_process	other	51	27	0.5294	63.2
mammal	gar	SYN_GO0006282	biological_process	other	48	37	0.7708	54.6
mammal	gar	SYN_GO0031032	biological_process	other	45	43	0.9556	69.5
mammal	gar	SYN_GO0045682	biological_process	other	43	28	0.6512	63.9
mammal	gar	SYN_GO0032481	biological_process	other	41	33	0.8049	46.9
mammal	gar	SYN_GO0046873	molecular_function	other	247	188	0.7611	72.0
mammal	gar	SYN_GO0030545	molecular_function	other	192	96	0.5	59.7
mammal	gar	SYN_GO0019901	molecular_function	other	179	146	0.8156	71.3
mammal	gar	SYN_GO0042578	molecular_function	other	168	137	0.8155	66.5
mammal	gar	SYN_GO0019787	molecular_function	other	158	116	0.7342	71.1
mammal	gar	SYN_GO0016818	molecular_function	other	134	107	0.7985	75.7
mammal	gar	SYN_GO1901265	molecular_function	other	125	98	0.784	73.6
mammal	gar	SYN_GO0003779	molecular_function	other	113	83	0.7345	66.0
mammal	gar	SYN_GO0032555	molecular_function	other	99	77	0.7778	73.5
mammal	gar	SYN_GO0003729	molecular_function	other	93	74	0.7957	71.5
mammal	gar	SYN_GO0016829	molecular_function	other	85	74	0.8706	68.8
mammal	gar	SYN_GO0003713	molecular_function	other	80	62	0.775	64.4
mammal	gar	SYN_GO0003735	molecular_function	other	77	68	0.8831	94.55
mammal	gar	SYN_GO0015079	molecular_function	other	71	53	0.7465	74.0
mammal	gar	SYN_GO0051020	molecular_function	other	67	56	0.8358	69.0
mammal	gar	SYN_GO0005539	molecular_function	other	64	49	0.7656	64.2
mammal	gar	SYN_GO0016810	molecular_function	other	59	47	0.7966	70.6
mammal	gar	SYN_GO0008234	molecular_function	other	56	41	0.7321	65.0
mammal	gar	SYN_GO0046982	molecular_function	other	53	41	0.7736	74.3
mammal	gar	SYN_GO0141108	molecular_function	other	49	32	0.6531	76.05
mammal	gar	SYN_GO0016782	molecular_function	other	47	32	0.6809	67.45
mammal	gar	SYN_GO0044325	molecular_function	other	45	35	0.7778	75.9
mammal	gar	SYN_GO0051213	molecular_function	other	43	30	0.6977	65.8
mammal	gar	SYN_GO0000287	molecular_function	other	41	32	0.7805	64.35
mammal	gar	SYN_GO0032279	cellular_component	other	250	207	0.828	74.1
mammal	gar	SYN_GO0014069	cellular_component	other	236	195	0.8263	73.6
mammal	gar	SYN_GO1990234	cellular_component	other	220	178	0.8091	71.0
mammal	gar	SYN_GO0036126	cellular_component	other	195	122	0.6256	51.4
mammal	gar	SYN_GO0035770	cellular_component	other	152	120	0.7895	69.6
mammal	gar	SYN_GO0150034	cellular_component	other	135	111	0.8222	74.0
mammal	gar	SYN_GO0005813	cellular_component	other	125	99	0.792	63.0
mammal	gar	SYN_GO0043235	cellular_component	other	120	86	0.7167	66.7
mammal	gar	SYN_GO0098685	cellular_component	other	109	94	0.8624	77.15
mammal	gar	SYN_GO0097733	cellular_component	other	96	73	0.7604	70.3
mammal	gar	SYN_GO0005770	cellular_component	other	90	77	0.8556	73.3
mammal	gar	SYN_GO0000775	cellular_component	other	85	61	0.7176	61.7
mammal	gar	SYN_GO0005765	cellular_component	other	79	61	0.7722	64.8
mammal	gar	SYN_GO0043296	cellular_component	other	72	57	0.7917	58.9
mammal	gar	SYN_GO0031594	cellular_component	other	69	61	0.8841	71.8
mammal	gar	SYN_GO0000792	cellular_component	other	66	45	0.6818	66.3
mammal	gar	SYN_GO0048786	cellular_component	other	62	52	0.8387	75.2
mammal	gar	SYN_GO0001917	cellular_component	other	57	43	0.7544	70.3
mammal	gar	SYN_GO0030863	cellular_component	other	53	33	0.6226	66.2
mammal	gar	SYN_GO0022625	cellular_component	other	51	44	0.8627	93.3
mammal	gar	SYN_GO0030135	cellular_component	other	49	41	0.8367	67.8
mammal	gar	SYN_GO0045111	cellular_component	other	46	32	0.6957	65.35
mammal	gar	SYN_GO0097225	cellular_component	other	43	27	0.6279	61.6
mammal	gar	SYN_GO0031461	cellular_component	other	41	34	0.8293	68.8
mammal	horse	SYN_GO0141187	biological_process	conserved	245	229	0.9347	87.5
mammal	horse	SYN_GO0044283	biological_process	conserved	215	201	0.9349	86.9
mammal	horse	SYN_GO0090407	biological_process	conserved	176	165	0.9375	87.9
mammal	horse	SYN_GO0032446	biological_process	conserved	154	139	0.9026	88.5
mammal	horse	SYN_GO0006281	biological_process	conserved	140	126	0.9	79.7
mammal	horse	SYN_GO0006790	biological_process	conserved	131	114	0.8702	87.9
mammal	horse	SYN_GO0006511	biological_process	conserved	125	114	0.912	91.95
mammal	horse	SYN_GO0046394	biological_process	conserved	114	105	0.9211	87.6
mammal	horse	SYN_GO0043583	biological_process	specific	246	235	0.9553	91.3
mammal	horse	SYN_GO0045087	biological_process	specific	216	170	0.787	80.6
mammal	horse	SYN_GO0001525	biological_process	specific	185	174	0.9405	91.25
mammal	horse	SYN_GO0060041	biological_process	specific	162	158	0.9753	87.9
mammal	horse	SYN_GO0007292	biological_process	specific	146	130	0.8904	82.7
mammal	horse	SYN_GO0007605	biological_process	specific	134	129	0.9627	88.5
mammal	horse	SYN_GO0016358	biological_process	specific	123	116	0.9431	92.7
mammal	horse	SYN_GO0021782	biological_process	specific	115	110	0.9565	89.4
mammal	horse	SYN_GO0098771	biological_process	other	250	235	0.94	87.6
mammal	horse	SYN_GO0071396	biological_process	other	216	188	0.8704	87.55
mammal	horse	SYN_GO0098609	biological_process	other	193	178	0.9223	91.55
mammal	horse	SYN_GO0007005	biological_process	other	174	152	0.8736	88.65
mammal	horse	SYN_GO0050670	biological_process	other	156	143	0.9167	78.3
mammal	horse	SYN_GO0046942	biological_process	other	141	132	0.9362	87.2
mammal	horse	SYN_GO1903311	biological_process	other	126	113	0.8968	92.4
mammal	horse	SYN_GO0045936	biological_process	other	118	108	0.9153	89.7
mammal	horse	SYN_GO0009259	biological_process	conserved	102	91	0.8922	89.7
mammal	horse	SYN_GO0006412	biological_process	conserved	97	84	0.866	94.35
mammal	horse	SYN_GO1901293	biological_process	conserved	92	84	0.913	89.35
mammal	horse	SYN_GO0019318	biological_process	conserved	84	79	0.9405	90.3
mammal	horse	SYN_GO0072330	biological_process	conserved	76	68	0.8947	86.5
mammal	horse	SYN_GO0043161	biological_process	conserved	73	66	0.9041	94.35
mammal	horse	SYN_GO0072593	biological_process	conserved	69	64	0.9275	85.7
mammal	horse	SYN_GO0016051	biological_process	conserved	65	62	0.9538	90.55
mammal	horse	SYN_GO0007498	biological_process	specific	102	96	0.9412	91.8
mammal	horse	SYN_GO0061008	biological_process	specific	95	90	0.9474	87.7
mammal	horse	SYN_GO0048588	biological_process	specific	90	83	0.9222	93.1
mammal	horse	SYN_GO0001704	biological_process	specific	83	77	0.9277	91.2
mammal	horse	SYN_GO0048663	biological_process	specific	76	72	0.9474	95.45
mammal	horse	SYN_GO0002062	biological_process	specific	72	68	0.9444	92.6
mammal	horse	SYN_GO0050885	biological_process	specific	68	66	0.9706	93.25
mammal	horse	SYN_GO0021695	biological_process	specific	64	63	0.9844	91.7
mammal	horse	SYN_GO0031345	biological_process	other	103	94	0.9126	91.75
mammal	horse	SYN_GO0009612	biological_process	other	95	89	0.9368	88.8
mammal	horse	SYN_GO0030278	biological_process	other	90	88	0.9778	89.75
mammal	horse	SYN_GO0043409	biological_process	other	83	80	0.9639	88.0
mammal	horse	SYN_GO0030010	biological_process	other	78	72	0.9231	87.75
mammal	horse	SYN_GO0035082	biological_process	other	72	67	0.9306	76.3
mammal	horse	SYN_GO0002637	biological_process	other	67	63	0.9403	74.3
mammal	horse	SYN_GO2000106	biological_process	other	63	55	0.873	81.8
mammal	horse	SYN_GO0072523	biological_process	conserved	59	52	0.8814	87.45
mammal	horse	SYN_GO0009144	biological_process	conserved	55	49	0.8909	89.4
mammal	horse	SYN_GO0006195	biological_process	conserved	53	48	0.9057	87.95
mammal	horse	SYN_GO0018212	biological_process	conserved	51	49	0.9608	92.0
mammal	horse	SYN_GO0001676	biological_process	conserved	48	34	0.7083	83.0
mammal	horse	SYN_GO0009123	biological_process	conserved	45	39	0.8667	88.2
mammal	horse	SYN_GO0009308	biological_process	conserved	43	42	0.9767	87.6
mammal	horse	SYN_GO0001523	biological_process	conserved	41	35	0.8537	84.6
mammal	horse	SYN_GO0019226	biological_process	specific	60	58	0.9667	92.4
mammal	horse	SYN_GO0035315	biological_process	specific	57	55	0.9649	88.5
mammal	horse	SYN_GO0008286	biological_process	specific	54	49	0.9074	90.5
mammal	horse	SYN_GO0045446	biological_process	specific	51	48	0.9412	89.2
mammal	horse	SYN_GO0035710	biological_process	specific	49	46	0.9388	86.8
mammal	horse	SYN_GO0007143	biological_process	specific	46	41	0.8913	82.5
mammal	horse	SYN_GO0003382	biological_process	specific	43	40	0.9302	84.85
mammal	horse	SYN_GO0043491	biological_process	specific	41	37	0.9024	89.9
mammal	horse	SYN_GO1904375	biological_process	other	60	53	0.8833	90.9
mammal	horse	SYN_GO0015748	biological_process	other	56	54	0.9643	87.5
mammal	horse	SYN_GO0042130	biological_process	other	54	50	0.9259	75.6
mammal	horse	SYN_GO0001906	biological_process	other	51	35	0.6863	79.3
mammal	horse	SYN_GO0006282	biological_process	other	48	47	0.9792	84.6
mammal	horse	SYN_GO0031032	biological_process	other	45	40	0.8889	91.05
mammal	horse	SYN_GO0045682	biological_process	other	43	37	0.8605	90.7
mammal	horse	SYN_GO0032481	biological_process	other	41	38	0.9268	76.0
mammal	horse	SYN_GO0046873	molecular_function	other	247	238	0.9636	90.45
mammal	horse	SYN_GO0030545	molecular_function	other	192	147	0.7656	78.1
mammal	horse	SYN_GO0019901	molecular_function	other	179	171	0.9553	90.8
mammal	horse	SYN_GO0042578	molecular_function	other	168	156	0.9286	88.05
mammal	horse	SYN_GO0019787	molecular_function	other	158	144	0.9114	88.3
mammal	horse	SYN_GO0016818	molecular_function	other	134	112	0.8358	89.4
mammal	horse	SYN_GO1901265	molecular_function	other	125	106	0.848	89.05
mammal	horse	SYN_GO0003779	molecular_function	other	113	101	0.8938	87.5
mammal	horse	SYN_GO0032555	molecular_function	other	99	85	0.8586	89.2
mammal	horse	SYN_GO0003729	molecular_function	other	93	83	0.8925	92.3
mammal	horse	SYN_GO0016829	molecular_function	other	85	77	0.9059	88.0
mammal	horse	SYN_GO0003713	molecular_function	other	80	76	0.95	89.2
mammal	horse	SYN_GO0003735	molecular_function	other	77	62	0.8052	98.45
mammal	horse	SYN_GO0015079	molecular_function	other	71	69	0.9718	93.9
mammal	horse	SYN_GO0051020	molecular_function	other	67	64	0.9552	89.8
mammal	horse	SYN_GO0005539	molecular_function	other	64	59	0.9219	84.5
mammal	horse	SYN_GO0016810	molecular_function	other	59	52	0.8814	87.75
mammal	horse	SYN_GO0008234	molecular_function	other	56	51	0.9107	84.2
mammal	horse	SYN_GO0046982	molecular_function	other	53	53	1.0	91.4
mammal	horse	SYN_GO0141108	molecular_function	other	49	45	0.9184	90.4
mammal	horse	SYN_GO0016782	molecular_function	other	47	41	0.8723	87.9
mammal	horse	SYN_GO0044325	molecular_function	other	45	39	0.8667	94.3
mammal	horse	SYN_GO0051213	molecular_function	other	43	40	0.9302	86.7
mammal	horse	SYN_GO0000287	molecular_function	other	41	36	0.878	88.5
mammal	horse	SYN_GO0032279	cellular_component	other	250	234	0.936	92.6
mammal	horse	SYN_GO0014069	cellular_component	other	236	221	0.9364	92.6
mammal	horse	SYN_GO1990234	cellular_component	other	220	202	0.9182	91.6
mammal	horse	SYN_GO0036126	cellular_component	other	195	161	0.8256	77.9
mammal	horse	SYN_GO0035770	cellular_component	other	152	139	0.9145	92.3
mammal	horse	SYN_GO0150034	cellular_component	other	135	127	0.9407	91.8
mammal	horse	SYN_GO0005813	cellular_component	other	125	116	0.928	85.7
mammal	horse	SYN_GO0043235	cellular_component	other	120	115	0.9583	87.4
mammal	horse	SYN_GO0098685	cellular_component	other	109	101	0.9266	94.1
mammal	horse	SYN_GO0097733	cellular_component	other	96	92	0.9583	85.3
mammal	horse	SYN_GO0005770	cellular_component	other	90	81	0.9	88.0
mammal	horse	SYN_GO0000775	cellular_component	other	85	78	0.9176	81.95
mammal	horse	SYN_GO0005765	cellular_component	other	79	69	0.8734	85.7
mammal	horse	SYN_GO0043296	cellular_component	other	72	69	0.9583	87.5
mammal	horse	SYN_GO0031594	cellular_component	other	69	64	0.9275	93.25
mammal	horse	SYN_GO0000792	cellular_component	other	66	60	0.9091	86.9
mammal	horse	SYN_GO0048786	cellular_component	other	62	57	0.9194	94.6
mammal	horse	SYN_GO0001917	cellular_component	other	57	54	0.9474	87.45
mammal	horse	SYN_GO0030863	cellular_component	other	53	51	0.9623	89.7
mammal	horse	SYN_GO0022625	cellular_component	other	51	42	0.8235	97.65
mammal	horse	SYN_GO0030135	cellular_component	other	49	42	0.8571	92.1
mammal	horse	SYN_GO0045111	cellular_component	other	46	39	0.8478	88.1
mammal	horse	SYN_GO0097225	cellular_component	other	43	33	0.7674	82.7
mammal	horse	SYN_GO0031461	cellular_component	other	41	38	0.9268	93.95
mammal	human	SYN_GO0141187	biological_process	conserved	245	242	0.9878	88.25
mammal	human	SYN_GO0044283	biological_process	conserved	215	207	0.9628	87.6
mammal	human	SYN_GO0090407	biological_process	conserved	176	175	0.9943	90.2
mammal	human	SYN_GO0032446	biological_process	conserved	154	153	0.9935	91.2
mammal	human	SYN_GO0006281	biological_process	conserved	140	134	0.9571	79.8
mammal	human	SYN_GO0006790	biological_process	conserved	131	123	0.9389	88.1
mammal	human	SYN_GO0006511	biological_process	conserved	125	122	0.976	93.25
mammal	human	SYN_GO0046394	biological_process	conserved	114	108	0.9474	88.5
mammal	human	SYN_GO0043583	biological_process	specific	246	243	0.9878	91.8
mammal	human	SYN_GO0045087	biological_process	specific	216	190	0.8796	82.45
mammal	human	SYN_GO0001525	biological_process	specific	185	183	0.9892	91.5
mammal	human	SYN_GO0060041	biological_process	specific	162	161	0.9938	88.9
mammal	human	SYN_GO0007292	biological_process	specific	146	140	0.9589	83.25
mammal	human	SYN_GO0007605	biological_process	specific	134	132	0.9851	88.65
mammal	human	SYN_GO0016358	biological_process	specific	123	123	1.0	93.9
mammal	human	SYN_GO0021782	biological_process	specific	115	115	1.0	90.8
mammal	human	SYN_GO0098771	biological_process	other	250	246	0.984	88.7
mammal	human	SYN_GO0071396	biological_process	other	216	199	0.9213	87.9
mammal	human	SYN_GO0098609	biological_process	other	193	186	0.9637	91.2
mammal	human	SYN_GO0007005	biological_process	other	174	168	0.9655	88.95
mammal	human	SYN_GO0050670	biological_process	other	156	149	0.9551	77.9
mammal	human	SYN_GO0046942	biological_process	other	141	138	0.9787	89.45
mammal	human	SYN_GO1903311	biological_process	other	126	124	0.9841	93.3
mammal	human	SYN_GO0045936	biological_process	other	118	112	0.9492	90.45
mammal	human	SYN_GO0009259	biological_process	conserved	102	99	0.9706	91.3
mammal	human	SYN_GO0006412	biological_process	conserved	97	93	0.9588	98.4
mammal	human	SYN_GO1901293	biological_process	conserved	92	91	0.9891	91.4
mammal	human	SYN_GO0019318	biological_process	conserved	84	83	0.9881	92.1
mammal	human	SYN_GO0072330	biological_process	conserved	76	71	0.9342	87.0
mammal	human	SYN_GO0043161	biological_process	conserved	73	71	0.9726	95.1
mammal	human	SYN_GO0072593	biological_process	conserved	69	68	0.9855	87.25
mammal	human	SYN_GO0016051	biological_process	conserved	65	62	0.9538	92.95
mammal	human	SYN_GO0007498	biological_process	specific	102	102	1.0	92.65
mammal	human	SYN_GO0061008	biological_process	specific	95	95	1.0	86.9
mammal	human	SYN_GO0048588	biological_process	specific	90	88	0.9778	92.95
mammal	human	SYN_GO0001704	biological_process	specific	83	83	1.0	92.5
mammal	human	SYN_GO0048663	biological_process	specific	76	76	1.0	95.1
mammal	human	SYN_GO0002062	biological_process	specific	72	69	0.9583	92.5
mammal	human	SYN_GO0050885	biological_process	specific	68	68	1.0	92.7
mammal	human	SYN_GO0021695	biological_process	specific	64	64	1.0	90.95
mammal	human	SYN_GO0031345	biological_process	other	103	100	0.9709	91.95
mammal	human	SYN_GO0009612	biological_process	other	95	94	0.9895	91.0
mammal	human	SYN_GO0030278	biological_process	other	90	90	1.0	90.4
mammal	human	SYN_GO0043409	biological_process	other	83	82	0.988	89.5
mammal	human	SYN_GO0030010	biological_process	other	78	78	1.0	88.75
mammal	human	SYN_GO0035082	biological_process	other	72	71	0.9861	75.5
mammal	human	SYN_GO0002637	biological_process	other	67	66	0.9851	77.5
mammal	human	SYN_GO2000106	biological_process	other	63	60	0.9524	83.6
mammal	human	SYN_GO0072523	biological_process	conserved	59	54	0.9153	88.75
mammal	human	SYN_GO0009144	biological_process	conserved	55	54	0.9818	91.15
mammal	human	SYN_GO0006195	biological_process	conserved	53	48	0.9057	89.35
mammal	human	SYN_GO0018212	biological_process	conserved	51	49	0.9608	93.4
mammal	human	SYN_GO0001676	biological_process	conserved	48	37	0.7708	84.3
mammal	human	SYN_GO0009123	biological_process	conserved	45	43	0.9556	91.0
mammal	human	SYN_GO0009308	biological_process	conserved	43	43	1.0	89.3
mammal	human	SYN_GO0001523	biological_process	conserved	41	39	0.9512	86.2
mammal	human	SYN_GO0019226	biological_process	specific	60	59	0.9833	92.9
mammal	human	SYN_GO0035315	biological_process	specific	57	57	1.0	88.8
mammal	human	SYN_GO0008286	biological_process	specific	54	52	0.963	92.8
mammal	human	SYN_GO0045446	biological_process	specific	51	51	1.0	90.7
mammal	human	SYN_GO0035710	biological_process	specific	49	47	0.9592	87.8
mammal	human	SYN_GO0007143	biological_process	specific	46	45	0.9783	81.9
mammal	human	SYN_GO0003382	biological_process	specific	43	43	1.0	86.9
mammal	human	SYN_GO0043491	biological_process	specific	41	41	1.0	89.8
mammal	human	SYN_GO1904375	biological_process	other	60	59	0.9833	93.7
mammal	human	SYN_GO0015748	biological_process	other	56	55	0.9821	88.5
mammal	human	SYN_GO0042130	biological_process	other	54	51	0.9444	77.8
mammal	human	SYN_GO0001906	biological_process	other	51	40	0.7843	80.4
mammal	human	SYN_GO0006282	biological_process	other	48	47	0.9792	85.2
mammal	human	SYN_GO0031032	biological_process	other	45	45	1.0	92.0
mammal	human	SYN_GO0045682	biological_process	other	43	41	0.9535	91.0
mammal	human	SYN_GO0032481	biological_process	other	41	41	1.0	76.5
mammal	human	SYN_GO0046873	molecular_function	other	247	243	0.9838	91.4
mammal	human	SYN_GO0030545	molecular_function	other	192	167	0.8698	79.4
mammal	human	SYN_GO0019901	molecular_function	other	179	179	1.0	92.3
mammal	human	SYN_GO0042578	molecular_function	other	168	162	0.9643	89.4
mammal	human	SYN_GO0019787	molecular_function	other	158	157	0.9937	91.2
mammal	human	SYN_GO0016818	molecular_function	other	134	126	0.9403	90.55
mammal	human	SYN_GO1901265	molecular_function	other	125	119	0.952	91.0
mammal	human	SYN_GO0003779	molecular_function	other	113	113	1.0	88.3
mammal	human	SYN_GO0032555	molecular_function	other	99	95	0.9596	91.3
mammal	human	SYN_GO0003729	molecular_function	other	93	92	0.9892	93.35
mammal	human	SYN_GO0016829	molecular_function	other	85	82	0.9647	88.75
mammal	human	SYN_GO0003713	molecular_function	other	80	79	0.9875	90.1
mammal	human	SYN_GO0003735	molecular_function	other	77	73	0.9481	100.0
mammal	human	SYN_GO0015079	molecular_function	other	71	71	1.0	94.5
mammal	human	SYN_GO0051020	molecular_function	other	67	66	0.9851	90.9
mammal	human	SYN_GO0005539	molecular_function	other	64	59	0.9219	85.0
mammal	human	SYN_GO0016810	molecular_function	other	59	56	0.9492	88.35
mammal	human	SYN_GO0008234	molecular_function	other	56	51	0.9107	83.0
mammal	human	SYN_GO0046982	molecular_function	other	53	53	1.0	91.5
mammal	human	SYN_GO0141108	molecular_function	other	49	49	1.0	91.1
mammal	human	SYN_GO0016782	molecular_function	other	47	43	0.9149	88.5
mammal	human	SYN_GO0044325	molecular_function	other	45	44	0.9778	93.55
mammal	human	SYN_GO0051213	molecular_function	other	43	41	0.9535	86.3
mammal	human	SYN_GO0000287	molecular_function	other	41	41	1.0	89.6
mammal	human	SYN_GO0032279	cellular_component	other	250	246	0.984	93.0
mammal	human	SYN_GO0014069	cellular_component	other	236	232	0.9831	93.0
mammal	human	SYN_GO1990234	cellular_component	other	220	218	0.9909	92.45
mammal	human	SYN_GO0036126	cellular_component	other	195	180	0.9231	77.05
mammal	human	SYN_GO0035770	cellular_component	other	152	149	0.9803	91.8
mammal	human	SYN_GO0150034	cellular_component	other	135	132	0.9778	92.2
mammal	human	SYN_GO0005813	cellular_component	other	125	120	0.96	86.2
mammal	human	SYN_GO0043235	cellular_component	other	120	118	0.9833	88.15
mammal	human	SYN_GO0098685	cellular_component	other	109	108	0.9908	94.8
mammal	human	SYN_GO0097733	cellular_component	other	96	95	0.9896	86.0
mammal	human	SYN_GO0005770	cellular_component	other	90	88	0.9778	91.4
mammal	human	SYN_GO0000775	cellular_component	other	85	84	0.9882	83.25
mammal	human	SYN_GO0005765	cellular_component	other	79	77	0.9747	86.9
mammal	human	SYN_GO0043296	cellular_component	other	72	72	1.0	88.8
mammal	human	SYN_GO0031594	cellular_component	other	69	68	0.9855	94.25
mammal	human	SYN_GO0000792	cellular_component	other	66	64	0.9697	89.25
mammal	human	SYN_GO0048786	cellular_component	other	62	62	1.0	94.7
mammal	human	SYN_GO0001917	cellular_component	other	57	57	1.0	86.5
mammal	human	SYN_GO0030863	cellular_component	other	53	53	1.0	91.3
mammal	human	SYN_GO0022625	cellular_component	other	51	47	0.9216	99.4
mammal	human	SYN_GO0030135	cellular_component	other	49	48	0.9796	91.7
mammal	human	SYN_GO0045111	cellular_component	other	46	45	0.9783	87.8
mammal	human	SYN_GO0097225	cellular_component	other	43	39	0.907	81.6
mammal	human	SYN_GO0031461	cellular_component	other	41	41	1.0	93.3
mammal	lamprey	SYN_GO0141187	biological_process	conserved	245	156	0.6367	56.6
mammal	lamprey	SYN_GO0044283	biological_process	conserved	215	148	0.6884	63.8
mammal	lamprey	SYN_GO0090407	biological_process	conserved	176	123	0.6989	64.0
mammal	lamprey	SYN_GO0032446	biological_process	conserved	154	77	0.5	60.1
mammal	lamprey	SYN_GO0006281	biological_process	conserved	140	91	0.65	52.4
mammal	lamprey	SYN_GO0006790	biological_process	conserved	131	91	0.6947	64.3
mammal	lamprey	SYN_GO0006511	biological_process	conserved	125	74	0.592	64.6
mammal	lamprey	SYN_GO0046394	biological_process	conserved	114	76	0.6667	64.05
mammal	lamprey	SYN_GO0043583	biological_process	specific	246	126	0.5122	56.9
mammal	lamprey	SYN_GO0045087	biological_process	specific	216	80	0.3704	50.2
mammal	lamprey	SYN_GO0001525	biological_process	specific	185	84	0.4541	55.3
mammal	lamprey	SYN_GO0060041	biological_process	specific	162	90	0.5556	54.45
mammal	lamprey	SYN_GO0007292	biological_process	specific	146	72	0.4932	51.75
mammal	lamprey	SYN_GO0007605	biological_process	specific	134	71	0.5299	54.2
mammal	lamprey	SYN_GO0016358	biological_process	specific	123	62	0.5041	59.55
mammal	lamprey	SYN_GO0021782	biological_process	specific	115	58	0.5043	56.95
mammal	lamprey	SYN_GO0098771	biological_process	other	250	135	0.54	59.8
mammal	lamprey	SYN_GO0071396	biological_process	other	216	104	0.4815	57.15
mammal	lamprey	SYN_GO0098609	biological_process	other	193	75	0.3886	52.6
mammal	lamprey	SYN_GO0007005	biological_process	other	174	116	0.6667	62.35
mammal	lamprey	SYN_GO0050670	biological_process	other	156	43	0.2756	48.2
mammal	lamprey	SYN_GO0046942	biological_process	other	141	86	0.6099	61.05
mammal	lamprey	SYN_GO1903311	biological_process	other	126	59	0.4683	61.7
mammal	lamprey	SYN_GO0045936	biological_process	other	118	56	0.4746	53.45
mammal	lamprey	SYN_GO0009259	biological_process	conserved	102	63	0.6176	64.5
mammal	lamprey	SYN_GO0006412	biological_process	conserved	97	83	0.8557	81.3
mammal	lamprey	SYN_GO1901293	biological_process	conserved	92	66	0.7174	68.0
mammal	lamprey	SYN_GO0019318	biological_process	conserved	84	52	0.619	66.5
mammal	lamprey	SYN_GO0072330	biological_process	conserved	76	46	0.6053	64.05
mammal	lamprey	SYN_GO0043161	biological_process	conserved	73	46	0.6301	64.6
mammal	lamprey	SYN_GO0072593	biological_process	conserved	69	42	0.6087	56.3
mammal	lamprey	SYN_GO0016051	biological_process	conserved	65	40	0.6154	66.5
mammal	lamprey	SYN_GO0007498	biological_process	specific	102	51	0.5	61.7
mammal	lamprey	SYN_GO0061008	biological_process	specific	95	55	0.5789	53.7
mammal	lamprey	SYN_GO0048588	biological_process	specific	90	44	0.4889	58.65
mammal	lamprey	SYN_GO0001704	biological_process	specific	83	43	0.5181	61.7
mammal	lamprey	SYN_GO0048663	biological_process	specific	76	35	0.4605	59.7
mammal	lamprey	SYN_GO0002062	biological_process	specific	72	38	0.5278	55.85
mammal	lamprey	SYN_GO0050885	biological_process	specific	68	40	0.5882	56.75
mammal	lamprey	SYN_GO0021695	biological_process	specific	64	40	0.625	59.5
mammal	lamprey	SYN_GO0031345	biological_process	other	103	44	0.4272	58.75
mammal	lamprey	SYN_GO0009612	biological_process	other	95	48	0.5053	57.65
mammal	lamprey	SYN_GO0030278	biological_process	other	90	46	0.5111	56.7
mammal	lamprey	SYN_GO0043409	biological_process	other	83	34	0.4096	54.45
mammal	lamprey	SYN_GO0030010	biological_process	other	78	38	0.4872	51.75
mammal	lamprey	SYN_GO0035082	biological_process	other	72	55	0.7639	43.7
mammal	lamprey	SYN_GO0002637	biological_process	other	67	29	0.4328	47.5
mammal	lamprey	SYN_GO2000106	biological_process	other	63	23	0.3651	48.7
mammal	lamprey	SYN_GO0072523	biological_process	conserved	59	38	0.6441	58.9
mammal	lamprey	SYN_GO0009144	biological_process	conserved	55	33	0.6	64.5
mammal	lamprey	SYN_GO0006195	biological_process	conserved	53	33	0.6226	60.4
mammal	lamprey	SYN_GO0018212	biological_process	conserved	51	20	0.3922	58.8
mammal	lamprey	SYN_GO0001676	biological_process	conserved	48	19	0.3958	60.4
mammal	lamprey	SYN_GO0009123	biological_process	conserved	45	32	0.7111	68.95
mammal	lamprey	SYN_GO0009308	biological_process	conserved	43	25	0.5814	59.0
mammal	lamprey	SYN_GO0001523	biological_process	conserved	41	31	0.7561	59.3
mammal	lamprey	SYN_GO0019226	biological_process	specific	60	26	0.4333	61.6
mammal	lamprey	SYN_GO0035315	biological_process	specific	57	32	0.5614	56.9
mammal	lamprey	SYN_GO0008286	biological_process	specific	54	31	0.5741	60.1
mammal	lamprey	SYN_GO0045446	biological_process	specific	51	21	0.4118	54.0
mammal	lamprey	SYN_GO0035710	biological_process	specific	49	15	0.3061	60.2
mammal	lamprey	SYN_GO0007143	biological_process	specific	46	27	0.587	45.7
mammal	lamprey	SYN_GO0003382	biological_process	specific	43	15	0.3488	48.9
mammal	lamprey	SYN_GO0043491	biological_process	specific	41	24	0.5854	53.5
mammal	lamprey	SYN_GO1904375	biological_process	other	60	37	0.6167	60.5
mammal	lamprey	SYN_GO0015748	biological_process	other	56	33	0.5893	59.9
mammal	lamprey	SYN_GO0042130	biological_process	other	54	15	0.2778	48.2
mammal	lamprey	SYN_GO0001906	biological_process	other	51	16	0.3137	54.8
mammal	lamprey	SYN_GO0006282	biological_process	other	48	26	0.5417	58.3
mammal	lamprey	SYN_GO0031032	biological_process	other	45	31	0.6889	56.4
mammal	lamprey	SYN_GO0045682	biological_process	other	43	13	0.3023	53.0
mammal	lamprey	SYN_GO0032481	biological_process	other	41	13	0.3171	46.2
mammal	lamprey	SYN_GO0046873	molecular_function	other	247	127	0.5142	63.8
mammal	lamprey	SYN_GO0030545	molecular_function	other	192	40	0.2083	53.3
mammal	lamprey	SYN_GO0019901	molecular_function	other	179	101	0.5642	56.2
mammal	lamprey	SYN_GO0042578	molecular_function	other	168	93	0.5536	56.3
mammal	lamprey	SYN_GO0019787	molecular_function	other	158	81	0.5127	59.5
mammal	lamprey	SYN_GO0016818	molecular_function	other	134	90	0.6716	67.25
mammal	lamprey	SYN_GO1901265	molecular_function	other	125	76	0.608	66.5
mammal	lamprey	SYN_GO0003779	molecular_function	other	113	50	0.4425	53.55
mammal	lamprey	SYN_GO0032555	molecular_function	other	99	58	0.5859	67.15
mammal	lamprey	SYN_GO0003729	molecular_function	other	93	46	0.4946	62.75
mammal	lamprey	SYN_GO0016829	molecular_function	other	85	62	0.7294	63.0
mammal	lamprey	SYN_GO0003713	molecular_function	other	80	37	0.4625	50.6
mammal	lamprey	SYN_GO0003735	molecular_function	other	77	70	0.9091	87.35
mammal	lamprey	SYN_GO0015079	molecular_function	other	71	30	0.4225	68.0
mammal	lamprey	SYN_GO0051020	molecular_function	other	67	35	0.5224	51.6
mammal	lamprey	SYN_GO0005539	molecular_function	other	64	27	0.4219	50.2
mammal	lamprey	SYN_GO0016810	molecular_function	other	59	41	0.6949	63.1
mammal	lamprey	SYN_GO0008234	molecular_function	other	56	29	0.5179	55.4
mammal	lamprey	SYN_GO0046982	molecular_function	other	53	19	0.3585	57.9
mammal	lamprey	SYN_GO0141108	molecular_function	other	49	19	0.3878	62.4
mammal	lamprey	SYN_GO0016782	molecular_function	other	47	26	0.5532	57.5
mammal	lamprey	SYN_GO0044325	molecular_function	other	45	24	0.5333	64.35
mammal	lamprey	SYN_GO0051213	molecular_function	other	43	21	0.4884	55.5
mammal	lamprey	SYN_GO0000287	molecular_function	other	41	25	0.6098	57.1
mammal	lamprey	SYN_GO0032279	cellular_component	other	250	125	0.5	58.5
mammal	lamprey	SYN_GO0014069	cellular_component	other	236	117	0.4958	59.3
mammal	lamprey	SYN_GO1990234	cellular_component	other	220	148	0.6727	60.35
mammal	lamprey	SYN_GO0036126	cellular_component	other	195	93	0.4769	46.1
mammal	lamprey	SYN_GO0035770	cellular_component	other	152	92	0.6053	61.55
mammal	lamprey	SYN_GO0150034	cellular_component	other	135	69	0.5111	61.7
mammal	lamprey	SYN_GO0005813	cellular_component	other	125	78	0.624	54.35
mammal	lamprey	SYN_GO0043235	cellular_component	other	120	49	0.4083	55.0
mammal	lamprey	SYN_GO0098685	cellular_component	other	109	59	0.5413	64.7
mammal	lamprey	SYN_GO0097733	cellular_component	other	96	64	0.6667	57.1
mammal	lamprey	SYN_GO0005770	cellular_component	other	90	53	0.5889	59.6
mammal	lamprey	SYN_GO0000775	cellular_component	other	85	42	0.4941	55.3
mammal	lamprey	SYN_GO0005765	cellular_component	other	79	51	0.6456	54.8
mammal	lamprey	SYN_GO0043296	cellular_component	other	72	29	0.4028	46.0
mammal	lamprey	SYN_GO0031594	cellular_component	other	69	39	0.5652	59.4
mammal	lamprey	SYN_GO0000792	cellular_component	other	66	24	0.3636	60.25
mammal	lamprey	SYN_GO0048786	cellular_component	other	62	34	0.5484	60.05
mammal	lamprey	SYN_GO0001917	cellular_component	other	57	38	0.6667	57.3
mammal	lamprey	SYN_GO0030863	cellular_component	other	53	21	0.3962	61.6
mammal	lamprey	SYN_GO0022625	cellular_component	other	51	44	0.8627	86.8
mammal	lamprey	SYN_GO0030135	cellular_component	other	49	32	0.6531	59.15
mammal	lamprey	SYN_GO0045111	cellular_component	other	46	14	0.3043	54.8
mammal	lamprey	SYN_GO0097225	cellular_component	other	43	23	0.5349	57.5
mammal	lamprey	SYN_GO0031461	cellular_component	other	41	26	0.6341	59.1
mammal	opossum	SYN_GO0141187	biological_process	conserved	245	214	0.8735	79.05
mammal	opossum	SYN_GO0044283	biological_process	conserved	215	186	0.8651	80.5
mammal	opossum	SYN_GO0090407	biological_process	conserved	176	162	0.9205	81.95
mammal	opossum	SYN_GO0032446	biological_process	conserved	154	131	0.8506	84.2
mammal	opossum	SYN_GO0006281	biological_process	conserved	140	113	0.8071	68.7
mammal	opossum	SYN_GO0006790	biological_process	conserved	131	112	0.855	83.45
mammal	opossum	SYN_GO0006511	biological_process	conserved	125	107	0.856	84.9
mammal	opossum	SYN_GO0046394	biological_process	conserved	114	96	0.8421	81.4
mammal	opossum	SYN_GO0043583	biological_process	specific	246	218	0.8862	81.85
mammal	opossum	SYN_GO0045087	biological_process	specific	216	148	0.6852	72.9
mammal	opossum	SYN_GO0001525	biological_process	specific	185	161	0.8703	81.2
mammal	opossum	SYN_GO0060041	biological_process	specific	162	139	0.858	81.3
mammal	opossum	SYN_GO0007292	biological_process	specific	146	121	0.8288	74.7
mammal	opossum	SYN_GO0007605	biological_process	specific	134	113	0.8433	79.7
mammal	opossum	SYN_GO0016358	biological_process	specific	123	106	0.8618	84.95
mammal	opossum	SYN_GO0021782	biological_process	specific	115	101	0.8783	83.4
mammal	opossum	SYN_GO0098771	biological_process	other	250	215	0.86	79.6
mammal	opossum	SYN_GO0071396	biological_process	other	216	173	0.8009	78.9
mammal	opossum	SYN_GO0098609	biological_process	other	193	162	0.8394	82.4
mammal	opossum	SYN_GO0007005	biological_process	other	174	153	0.8793	80.3
mammal	opossum	SYN_GO0050670	biological_process	other	156	123	0.7885	70.8
mammal	opossum	SYN_GO0046942	biological_process	other	141	122	0.8652	81.9
mammal	opossum	SYN_GO1903311	biological_process	other	126	107	0.8492	88.1
mammal	opossum	SYN_GO0045936	biological_process	other	118	98	0.8305	81.45
mammal	opossum	SYN_GO0009259	biological_process	conserved	102	94	0.9216	84.05
mammal	opossum	SYN_GO0006412	biological_process	conserved	97	86	0.8866	94.7
mammal	opossum	SYN_GO1901293	biological_process	conserved	92	86	0.9348	84.45
mammal	opossum	SYN_GO0019318	biological_process	conserved	84	72	0.8571	84.4
mammal	opossum	SYN_GO0072330	biological_process	conserved	76	62	0.8158	79.85
mammal	opossum	SYN_GO0043161	biological_process	conserved	73	60	0.8219	87.45
mammal	opossum	SYN_GO0072593	biological_process	conserved	69	59	0.8551	79.7
mammal	opossum	SYN_GO0016051	biological_process	conserved	65	59	0.9077	84.0
mammal	opossum	SYN_GO0007498	biological_process	specific	102	91	0.8922	86.7
mammal	opossum	SYN_GO0061008	biological_process	specific	95	87	0.9158	78.9
mammal	opossum	SYN_GO0048588	biological_process	specific	90	75	0.8333	83.9
mammal	opossum	SYN_GO0001704	biological_process	specific	83	75	0.9036	84.7
mammal	opossum	SYN_GO0048663	biological_process	specific	76	66	0.8684	88.9
mammal	opossum	SYN_GO0002062	biological_process	specific	72	62	0.8611	86.15
mammal	opossum	SYN_GO0050885	biological_process	specific	68	56	0.8235	82.35
mammal	opossum	SYN_GO0021695	biological_process	specific	64	52	0.8125	86.7
mammal	opossum	SYN_GO0031345	biological_process	other	103	87	0.8447	84.7
mammal	opossum	SYN_GO0009612	biological_process	other	95	84	0.8842	81.7
mammal	opossum	SYN_GO0030278	biological_process	other	90	79	0.8778	82.2
mammal	opossum	SYN_GO0043409	biological_process	other	83	69	0.8313	82.9
mammal	opossum	SYN_GO0030010	biological_process	other	78	67	0.859	78.0
mammal	opossum	SYN_GO0035082	biological_process	other	72	65	0.9028	66.5
mammal	opossum	SYN_GO0002637	biological_process	other	67	54	0.806	61.25
mammal	opossum	SYN_GO2000106	biological_process	other	63	54	0.8571	70.85
mammal	opossum	SYN_GO0072523	biological_process	conserved	59	49	0.8305	80.6
mammal	opossum	SYN_GO0009144	biological_process	conserved	55	49	0.8909	83.3
mammal	opossum	SYN_GO0006195	biological_process	conserved	53	46	0.8679	80.95
mammal	opossum	SYN_GO0018212	biological_process	conserved	51	40	0.7843	84.2
mammal	opossum	SYN_GO0001676	biological_process	conserved	48	30	0.625	75.8
mammal	opossum	SYN_GO0009123	biological_process	conserved	45	44	0.9778	84.05
mammal	opossum	SYN_GO0009308	biological_process	conserved	43	37	0.8605	79.5
mammal	opossum	SYN_GO0001523	biological_process	conserved	41	35	0.8537	77.1
mammal	opossum	SYN_GO0019226	biological_process	specific	60	53	0.8833	85.2
mammal	opossum	SYN_GO0035315	biological_process	specific	57	47	0.8246	80.2
mammal	opossum	SYN_GO0008286	biological_process	specific	54	46	0.8519	82.6
mammal	opossum	SYN_GO0045446	biological_process	specific	51	41	0.8039	81.6
mammal	opossum	SYN_GO0035710	biological_process	specific	49	42	0.8571	78.95
mammal	opossum	SYN_GO0007143	biological_process	specific	46	37	0.8043	75.2
mammal	opossum	SYN_GO0003382	biological_process	specific	43	36	0.8372	75.9
mammal	opossum	SYN_GO0043491	biological_process	specific	41	35	0.8537	82.7
mammal	opossum	SYN_GO1904375	biological_process	other	60	53	0.8833	85.4
mammal	opossum	SYN_GO0015748	biological_process	other	56	49	0.875	81.3
mammal	opossum	SYN_GO0042130	biological_process	other	54	43	0.7963	70.2
mammal	opossum	SYN_GO0001906	biological_process	other	51	33	0.6471	71.1
mammal	opossum	SYN_GO0006282	biological_process	other	48	42	0.875	75.1
mammal	opossum	SYN_GO0031032	biological_process	other	45	40	0.8889	86.4
mammal	opossum	SYN_GO0045682	biological_process	other	43	36	0.8372	81.6
mammal	opossum	SYN_GO0032481	biological_process	other	41	31	0.7561	64.3
mammal	opossum	SYN_GO0046873	molecular_function	other	247	203	0.8219	85.1
mammal	opossum	SYN_GO0030545	molecular_function	other	192	131	0.6823	69.1
mammal	opossum	SYN_GO0019901	molecular_function	other	179	156	0.8715	83.65
mammal	opossum	SYN_GO0042578	molecular_function	other	168	141	0.8393	80.1
mammal	opossum	SYN_GO0019787	molecular_function	other	158	138	0.8734	83.0
mammal	opossum	SYN_GO0016818	molecular_function	other	134	109	0.8134	84.4
mammal	opossum	SYN_GO1901265	molecular_function	other	125	106	0.848	82.85
mammal	opossum	SYN_GO0003779	molecular_function	other	113	97	0.8584	82.2
mammal	opossum	SYN_GO0032555	molecular_function	other	99	82	0.8283	84.0
mammal	opossum	SYN_GO0003729	molecular_function	other	93	77	0.828	87.4
mammal	opossum	SYN_GO0016829	molecular_function	other	85	77	0.9059	80.0
mammal	opossum	SYN_GO0003713	molecular_function	other	80	66	0.825	81.25
mammal	opossum	SYN_GO0003735	molecular_function	other	77	71	0.9221	98.5
mammal	opossum	SYN_GO0015079	molecular_function	other	71	57	0.8028	89.5
mammal	opossum	SYN_GO0051020	molecular_function	other	67	60	0.8955	79.35
mammal	opossum	SYN_GO0005539	molecular_function	other	64	50	0.7812	76.05
mammal	opossum	SYN_GO0016810	molecular_function	other	59	49	0.8305	80.6
mammal	opossum	SYN_GO0008234	molecular_function	other	56	43	0.7679	74.3
mammal	opossum	SYN_GO0046982	molecular_function	other	53	43	0.8113	84.9
mammal	opossum	SYN_GO0141108	molecular_function	other	49	37	0.7551	82.4
mammal	opossum	SYN_GO0016782	molecular_function	other	47	39	0.8298	79.1
mammal	opossum	SYN_GO0044325	molecular_function	other	45	35	0.7778	82.6
mammal	opossum	SYN_GO0051213	molecular_function	other	43	37	0.8605	77.1
mammal	opossum	SYN_GO0000287	molecular_function	other	41	35	0.8537	82.9
mammal	opossum	SYN_GO0032279	cellular_component	other	250	209	0.836	85.4
mammal	opossum	SYN_GO0014069	cellular_component	other	236	197	0.8347	85.4
mammal	opossum	SYN_GO1990234	cellular_component	other	220	193	0.8773	85.6
mammal	opossum	SYN_GO0036126	cellular_component	other	195	147	0.7538	66.1
mammal	opossum	SYN_GO0035770	cellular_component	other	152	134	0.8816	87.8
mammal	opossum	SYN_GO0150034	cellular_component	other	135	104	0.7704	85.95
mammal	opossum	SYN_GO0005813	cellular_component	other	125	102	0.816	77.95
mammal	opossum	SYN_GO0043235	cellular_component	other	120	104	0.8667	78.5
mammal	opossum	SYN_GO0098685	cellular_component	other	109	95	0.8716	88.3
mammal	opossum	SYN_GO0097733	cellular_component	other	96	80	0.8333	79.45
mammal	opossum	SYN_GO0005770	cellular_component	other	90	80	0.8889	81.3
mammal	opossum	SYN_GO0000775	cellular_component	other	85	75	0.8824	71.9
mammal	opossum	SYN_GO0005765	cellular_component	other	79	65	0.8228	78.1
mammal	opossum	SYN_GO0043296	cellular_component	other	72	58	0.8056	78.35
mammal	opossum	SYN_GO0031594	cellular_component	other	69	60	0.8696	82.85
mammal	opossum	SYN_GO0000792	cellular_component	other	66	53	0.803	77.2
mammal	opossum	SYN_GO0048786	cellular_component	other	62	52	0.8387	85.4
mammal	opossum	SYN_GO0001917	cellular_component	other	57	46	0.807	82.05
mammal	opossum	SYN_GO0030863	cellular_component	other	53	49	0.9245	85.5
mammal	opossum	SYN_GO0022625	cellular_component	other	51	47	0.9216	97.4
mammal	opossum	SYN_GO0030135	cellular_component	other	49	40	0.8163	84.2
mammal	opossum	SYN_GO0045111	cellular_component	other	46	34	0.7391	83.2
mammal	opossum	SYN_GO0097225	cellular_component	other	43	32	0.7442	75.0
mammal	opossum	SYN_GO0031461	cellular_component	other	41	36	0.878	87.1
mammal	pig	SYN_GO0141187	biological_process	conserved	245	229	0.9347	87.6
mammal	pig	SYN_GO0044283	biological_process	conserved	215	204	0.9488	86.05
mammal	pig	SYN_GO0090407	biological_process	conserved	176	169	0.9602	88.1
mammal	pig	SYN_GO0032446	biological_process	conserved	154	149	0.9675	89.7
mammal	pig	SYN_GO0006281	biological_process	conserved	140	128	0.9143	79.65
mammal	pig	SYN_GO0006790	biological_process	conserved	131	127	0.9695	86.5
mammal	pig	SYN_GO0006511	biological_process	conserved	125	119	0.952	91.3
mammal	pig	SYN_GO0046394	biological_process	conserved	114	105	0.9211	87.1
mammal	pig	SYN_GO0043583	biological_process	specific	246	232	0.9431	90.7
mammal	pig	SYN_GO0045087	biological_process	specific	216	185	0.8565	79.5
mammal	pig	SYN_GO0001525	biological_process	specific	185	178	0.9622	90.0
mammal	pig	SYN_GO0060041	biological_process	specific	162	156	0.963	88.2
mammal	pig	SYN_GO0007292	biological_process	specific	146	130	0.8904	81.95
mammal	pig	SYN_GO0007605	biological_process	specific	134	125	0.9328	87.9
mammal	pig	SYN_GO0016358	biological_process	specific	123	118	0.9593	92.55
mammal	pig	SYN_GO0021782	biological_process	specific	115	112	0.9739	89.5
mammal	pig	SYN_GO0098771	biological_process	other	250	240	0.96	87.05
mammal	pig	SYN_GO0071396	biological_process	other	216	195	0.9028	87.0
mammal	pig	SYN_GO0098609	biological_process	other	193	183	0.9482	89.7
mammal	pig	SYN_GO0007005	biological_process	other	174	167	0.9598	87.1
mammal	pig	SYN_GO0050670	biological_process	other	156	144	0.9231	76.05
mammal	pig	SYN_GO0046942	biological_process	other	141	137	0.9716	87.8
mammal	pig	SYN_GO1903311	biological_process	other	126	118	0.9365	92.9
mammal	pig	SYN_GO0045936	biological_process	other	118	112	0.9492	90.25
mammal	pig	SYN_GO0009259	biological_process	conserved	102	98	0.9608	90.05
mammal	pig	SYN_GO0006412	biological_process	conserved	97	93	0.9588	97.2
mammal	pig	SYN_GO1901293	biological_process	conserved	92	87	0.9457	90.3
mammal	pig	SYN_GO0019318	biological_process	conserved	84	78	0.9286	90.35
mammal	pig	SYN_GO0072330	biological_process	conserved	76	68	0.8947	85.05
mammal	pig	SYN_GO0043161	biological_process	conserved	73	69	0.9452	92.8
mammal	pig	SYN_GO0072593	biological_process	conserved	69	65	0.942	82.6
mammal	pig	SYN_GO0016051	biological_process	conserved	65	62	0.9538	91.2
mammal	pig	SYN_GO0007498	biological_process	specific	102	97	0.951	91.6
mammal	pig	SYN_GO0061008	biological_process	specific	95	92	0.9684	86.4
mammal	pig	SYN_GO0048588	biological_process	specific	90	83	0.9222	92.2
mammal	pig	SYN_GO0001704	biological_process	specific	83	81	0.9759	91.0
mammal	pig	SYN_GO0048663	biological_process	specific	76	75	0.9868	95.2
mammal	pig	SYN_GO0002062	biological_process	specific	72	67	0.9306	92.5
mammal	pig	SYN_GO0050885	biological_process	specific	68	64	0.9412	91.4
mammal	pig	SYN_GO0021695	biological_process	specific	64	59	0.9219	90.2
mammal	pig	SYN_GO0031345	biological_process	other	103	97	0.9417	91.2
mammal	pig	SYN_GO0009612	biological_process	other	95	91	0.9579	89.8
mammal	pig	SYN_GO0030278	biological_process	other	90	85	0.9444	89.0
mammal	pig	SYN_GO0043409	biological_process	other	83	80	0.9639	88.25
mammal	pig	SYN_GO0030010	biological_process	other	78	75	0.9615	88.6
mammal	pig	SYN_GO0035082	biological_process	other	72	67	0.9306	75.4
mammal	pig	SYN_GO0002637	biological_process	other	67	66	0.9851	76.4
mammal	pig	SYN_GO2000106	biological_process	other	63	60	0.9524	82.85
mammal	pig	SYN_GO0072523	biological_process	conserved	59	55	0.9322	88.4
mammal	pig	SYN_GO0009144	biological_process	conserved	55	51	0.9273	90.3
mammal	pig	SYN_GO0006195	biological_process	conserved	53	49	0.9245	89.1
mammal	pig	SYN_GO0018212	biological_process	conserved	51	48	0.9412	91.25
mammal	pig	SYN_GO0001676	biological_process	conserved	48	33	0.6875	82.9
mammal	pig	SYN_GO0009123	biological_process	conserved	45	44	0.9778	89.15
mammal	pig	SYN_GO0009308	biological_process	conserved	43	43	1.0	87.4
mammal	pig	SYN_GO0001523	biological_process	conserved	41	39	0.9512	84.5
mammal	pig	SYN_GO0019226	biological_process	specific	60	59	0.9833	93.0
mammal	pig	SYN_GO0035315	biological_process	specific	57	50	0.8772	89.0
mammal	pig	SYN_GO0008286	biological_process	specific	54	51	0.9444	90.9
mammal	pig	SYN_GO0045446	biological_process	specific	51	49	0.9608	89.0
mammal	pig	SYN_GO0035710	biological_process	specific	49	47	0.9592	85.7
mammal	pig	SYN_GO0007143	biological_process	specific	46	44	0.9565	81.95
mammal	pig	SYN_GO0003382	biological_process	specific	43	40	0.9302	84.9
mammal	pig	SYN_GO0043491	biological_process	specific	41	39	0.9512	90.6
mammal	pig	SYN_GO1904375	biological_process	other	60	58	0.9667	89.8
mammal	pig	SYN_GO0015748	biological_process	other	56	55	0.9821	88.5
mammal	pig	SYN_GO0042130	biological_process	other	54	46	0.8519	76.2
mammal	pig	SYN_GO0001906	biological_process	other	51	38	0.7451	76.3
mammal	pig	SYN_GO0006282	biological_process	other	48	45	0.9375	84.9
mammal	pig	SYN_GO0031032	biological_process	other	45	41	0.9111	91.8
mammal	pig	SYN_GO0045682	biological_process	other	43	39	0.907	89.0
mammal	pig	SYN_GO0032481	biological_process	other	41	41	1.0	74.9
mammal	pig	SYN_GO0046873	molecular_function	other	247	239	0.9676	90.0
mammal	pig	SYN_GO0030545	molecular_function	other	192	157	0.8177	76.7
mammal	pig	SYN_GO0019901	molecular_function	other	179	172	0.9609	89.95
mammal	pig	SYN_GO0042578	molecular_function	other	168	162	0.9643	87.35
mammal	pig	SYN_GO0019787	molecular_function	other	158	154	0.9747	90.0
mammal	pig	SYN_GO0016818	molecular_function	other	134	120	0.8955	89.8
mammal	pig	SYN_GO1901265	molecular_function	other	125	113	0.904	89.9
mammal	pig	SYN_GO0003779	molecular_function	other	113	105	0.9292	87.8
mammal	pig	SYN_GO0032555	molecular_function	other	99	89	0.899	90.5
mammal	pig	SYN_GO0003729	molecular_function	other	93	83	0.8925	93.1
mammal	pig	SYN_GO0016829	molecular_function	other	85	80	0.9412	86.55
mammal	pig	SYN_GO0003713	molecular_function	other	80	77	0.9625	88.4
mammal	pig	SYN_GO0003735	molecular_function	other	77	74	0.961	99.2
mammal	pig	SYN_GO0015079	molecular_function	other	71	70	0.9859	93.6
mammal	pig	SYN_GO0051020	molecular_function	other	67	65	0.9701	88.6
mammal	pig	SYN_GO0005539	molecular_function	other	64	57	0.8906	84.1
mammal	pig	SYN_GO0016810	molecular_function	other	59	56	0.9492	87.05
mammal	pig	SYN_GO0008234	molecular_function	other	56	50	0.8929	83.6
mammal	pig	SYN_GO0046982	molecular_function	other	53	50	0.9434	89.75
mammal	pig	SYN_GO0141108	molecular_function	other	49	47	0.9592	91.7
mammal	pig	SYN_GO0016782	molecular_function	other	47	44	0.9362	86.25
mammal	pig	SYN_GO0044325	molecular_function	other	45	40	0.8889	93.8
mammal	pig	SYN_GO0051213	molecular_function	other	43	40	0.9302	85.15
mammal	pig	SYN_GO0000287	molecular_function	other	41	41	1.0	89.4
mammal	pig	SYN_GO0032279	cellular_component	other	250	234	0.936	92.45
mammal	pig	SYN_GO0014069	cellular_component	other	236	220	0.9322	92.45
mammal	pig	SYN_GO1990234	cellular_component	other	220	213	0.9682	91.5
mammal	pig	SYN_GO0036126	cellular_component	other	195	169	0.8667	77.2
mammal	pig	SYN_GO0035770	cellular_component	other	152	146	0.9605	91.7
mammal	pig	SYN_GO0150034	cellular_component	other	135	125	0.9259	90.5
mammal	pig	SYN_GO0005813	cellular_component	other	125	117	0.936	85.7
mammal	pig	SYN_GO0043235	cellular_component	other	120	114	0.95	86.9
mammal	pig	SYN_GO0098685	cellular_component	other	109	105	0.9633	94.4
mammal	pig	SYN_GO0097733	cellular_component	other	96	92	0.9583	84.95
mammal	pig	SYN_GO0005770	cellular_component	other	90	87	0.9667	88.0
mammal	pig	SYN_GO0000775	cellular_component	other	85	80	0.9412	82.5
mammal	pig	SYN_GO0005765	cellular_component	other	79	76	0.962	85.35
mammal	pig	SYN_GO0043296	cellular_component	other	72	71	0.9861	87.3
mammal	pig	SYN_GO0031594	cellular_component	other	69	62	0.8986	92.4
mammal	pig	SYN_GO0000792	cellular_component	other	66	61	0.9242	87.4
mammal	pig	SYN_GO0048786	cellular_component	other	62	60	0.9677	93.2
mammal	pig	SYN_GO0001917	cellular_component	other	57	54	0.9474	86.0
mammal	pig	SYN_GO0030863	cellular_component	other	53	50	0.9434	90.65
mammal	pig	SYN_GO0022625	cellular_component	other	51	48	0.9412	98.95
mammal	pig	SYN_GO0030135	cellular_component	other	49	47	0.9592	90.9
mammal	pig	SYN_GO0045111	cellular_component	other	46	43	0.9348	85.0
mammal	pig	SYN_GO0097225	cellular_component	other	43	37	0.8605	83.4
mammal	pig	SYN_GO0031461	cellular_component	other	41	40	0.9756	92.65
mammal	platypus	SYN_GO0141187	biological_process	conserved	245	211	0.8612	77.3
mammal	platypus	SYN_GO0044283	biological_process	conserved	215	186	0.8651	80.2
mammal	platypus	SYN_GO0090407	biological_process	conserved	176	152	0.8636	82.1
mammal	platypus	SYN_GO0032446	biological_process	conserved	154	134	0.8701	81.45
mammal	platypus	SYN_GO0006281	biological_process	conserved	140	113	0.8071	68.3
mammal	platypus	SYN_GO0006790	biological_process	conserved	131	109	0.8321	80.3
mammal	platypus	SYN_GO0006511	biological_process	conserved	125	106	0.848	85.5
mammal	platypus	SYN_GO0046394	biological_process	conserved	114	94	0.8246	81.8
mammal	platypus	SYN_GO0043583	biological_process	specific	246	209	0.8496	78.8
mammal	platypus	SYN_GO0045087	biological_process	specific	216	143	0.662	71.9
mammal	platypus	SYN_GO0001525	biological_process	specific	185	158	0.8541	80.25
mammal	platypus	SYN_GO0060041	biological_process	specific	162	141	0.8704	77.3
mammal	platypus	SYN_GO0007292	biological_process	specific	146	114	0.7808	72.4
mammal	platypus	SYN_GO0007605	biological_process	specific	134	107	0.7985	76.7
mammal	platypus	SYN_GO0016358	biological_process	specific	123	111	0.9024	85.3
mammal	platypus	SYN_GO0021782	biological_process	specific	115	95	0.8261	79.3
mammal	platypus	SYN_GO0098771	biological_process	other	250	214	0.856	78.2
mammal	platypus	SYN_GO0071396	biological_process	other	216	163	0.7546	78.2
mammal	platypus	SYN_GO0098609	biological_process	other	193	166	0.8601	77.4
mammal	platypus	SYN_GO0007005	biological_process	other	174	144	0.8276	79.1
mammal	platypus	SYN_GO0050670	biological_process	other	156	121	0.7756	64.3
mammal	platypus	SYN_GO0046942	biological_process	other	141	127	0.9007	81.2
mammal	platypus	SYN_GO1903311	biological_process	other	126	104	0.8254	86.05
mammal	platypus	SYN_GO0045936	biological_process	other	118	92	0.7797	79.2
mammal	platypus	SYN_GO0009259	biological_process	conserved	102	91	0.8922	82.8
mammal	platypus	SYN_GO0006412	biological_process	conserved	97	85	0.8763	94.8
mammal	platypus	SYN_GO1901293	biological_process	conserved	92	83	0.9022	85.0
mammal	platypus	SYN_GO0019318	biological_process	conserved	84	75	0.8929	82.2
mammal	platypus	SYN_GO0072330	biological_process	conserved	76	61	0.8026	81.5
mammal	platypus	SYN_GO0043161	biological_process	conserved	73	61	0.8356	86.0
mammal	platypus	SYN_GO0072593	biological_process	conserved	69	57	0.8261	74.8
mammal	platypus	SYN_GO0016051	biological_process	conserved	65	56	0.8615	83.25
mammal	platypus	SYN_GO0007498	biological_process	specific	102	87	0.8529	84.8
mammal	platypus	SYN_GO0061008	biological_process	specific	95	86	0.9053	76.4
mammal	platypus	SYN_GO0048588	biological_process	specific	90	81	0.9	82.4
mammal	platypus	SYN_GO0001704	biological_process	specific	83	73	0.8795	84.6
mammal	platypus	SYN_GO0048663	biological_process	specific	76	68	0.8947	83.6
mammal	platypus	SYN_GO0002062	biological_process	specific	72	62	0.8611	84.25
mammal	platypus	SYN_GO0050885	biological_process	specific	68	60	0.8824	80.7
mammal	platypus	SYN_GO0021695	biological_process	specific	64	59	0.9219	83.0
mammal	platypus	SYN_GO0031345	biological_process	other	103	89	0.8641	82.3
mammal	platypus	SYN_GO0009612	biological_process	other	95	81	0.8526	81.0
mammal	platypus	SYN_GO0030278	biological_process	other	90	80	0.8889	80.95
mammal	platypus	SYN_GO0043409	biological_process	other	83	73	0.8795	79.6
mammal	platypus	SYN_GO0030010	biological_process	other	78	68	0.8718	74.0
mammal	platypus	SYN_GO0035082	biological_process	other	72	59	0.8194	64.4
mammal	platypus	SYN_GO0002637	biological_process	other	67	55	0.8209	58.6
mammal	platypus	SYN_GO2000106	biological_process	other	63	46	0.7302	70.95
mammal	platypus	SYN_GO0072523	biological_process	conserved	59	52	0.8814	79.25
mammal	platypus	SYN_GO0009144	biological_process	conserved	55	48	0.8727	79.6
mammal	platypus	SYN_GO0006195	biological_process	conserved	53	47	0.8868	79.6
mammal	platypus	SYN_GO0018212	biological_process	conserved	51	41	0.8039	82.1
mammal	platypus	SYN_GO0001676	biological_process	conserved	48	31	0.6458	73.0
mammal	platypus	SYN_GO0009123	biological_process	conserved	45	43	0.9556	84.7
mammal	platypus	SYN_GO0009308	biological_process	conserved	43	37	0.8605	80.9
mammal	platypus	SYN_GO0001523	biological_process	conserved	41	31	0.7561	77.3
mammal	platypus	SYN_GO0019226	biological_process	specific	60	50	0.8333	85.25
mammal	platypus	SYN_GO0035315	biological_process	specific	57	48	0.8421	82.4
mammal	platypus	SYN_GO0008286	biological_process	specific	54	46	0.8519	82.45
mammal	platypus	SYN_GO0045446	biological_process	specific	51	40	0.7843	78.1
mammal	platypus	SYN_GO0035710	biological_process	specific	49	41	0.8367	77.3
mammal	platypus	SYN_GO0007143	biological_process	specific	46	39	0.8478	71.9
mammal	platypus	SYN_GO0003382	biological_process	specific	43	38	0.8837	75.4
mammal	platypus	SYN_GO0043491	biological_process	specific	41	39	0.9512	77.7
mammal	platypus	SYN_GO1904375	biological_process	other	60	57	0.95	79.0
mammal	platypus	SYN_GO0015748	biological_process	other	56	53	0.9464	79.1
mammal	platypus	SYN_GO0042130	biological_process	other	54	44	0.8148	63.6
mammal	platypus	SYN_GO0001906	biological_process	other	51	35	0.6863	71.5
mammal	platypus	SYN_GO0006282	biological_process	other	48	43	0.8958	70.1
mammal	platypus	SYN_GO0031032	biological_process	other	45	39	0.8667	84.0
mammal	platypus	SYN_GO0045682	biological_process	other	43	32	0.7442	77.85
mammal	platypus	SYN_GO0032481	biological_process	other	41	30	0.7317	63.75
mammal	platypus	SYN_GO0046873	molecular_function	other	247	218	0.8826	82.75
mammal	platypus	SYN_GO0030545	molecular_function	other	192	113	0.5885	66.4
mammal	platypus	SYN_GO0019901	molecular_function	other	179	160	0.8939	80.95
mammal	platypus	SYN_GO0042578	molecular_function	other	168	152	0.9048	79.05
mammal	platypus	SYN_GO0019787	molecular_function	other	158	126	0.7975	82.4
mammal	platypus	SYN_GO0016818	molecular_function	other	134	111	0.8284	82.4
mammal	platypus	SYN_GO1901265	molecular_function	other	125	101	0.808	81.2
mammal	platypus	SYN_GO0003779	molecular_function	other	113	98	0.8673	77.55
mammal	platypus	SYN_GO0032555	molecular_function	other	99	81	0.8182	81.7
mammal	platypus	SYN_GO0003729	molecular_function	other	93	77	0.828	86.6
mammal	platypus	SYN_GO0016829	molecular_function	other	85	76	0.8941	79.6
mammal	platypus	SYN_GO0003713	molecular_function	other	80	66	0.825	78.85
mammal	platypus	SYN_GO0003735	molecular_function	other	77	68	0.8831	98.3
mammal	platypus	SYN_GO0015079	molecular_function	other	71	61	0.8592	84.6
mammal	platypus	SYN_GO0051020	molecular_function	other	67	64	0.9552	79.8
mammal	platypus	SYN_GO0005539	molecular_function	other	64	54	0.8438	73.65
mammal	platypus	SYN_GO0016810	molecular_function	other	59	55	0.9322	81.7
mammal	platypus	SYN_GO0008234	molecular_function	other	56	42	0.75	72.45
mammal	platypus	SYN_GO0046982	molecular_function	other	53	40	0.7547	78.25
mammal	platypus	SYN_GO0141108	molecular_function	other	49	42	0.8571	82.7
mammal	platypus	SYN_GO0016782	molecular_function	other	47	35	0.7447	76.7
mammal	platypus	SYN_GO0044325	molecular_function	other	45	38	0.8444	86.0
mammal	platypus	SYN_GO0051213	molecular_function	other	43	36	0.8372	76.85
mammal	platypus	SYN_GO0000287	molecular_function	other	41	37	0.9024	81.4
mammal	platypus	SYN_GO0032279	cellular_component	other	250	214	0.856	83.9
mammal	platypus	SYN_GO0014069	cellular_component	other	236	204	0.8644	83.4
mammal	platypus	SYN_GO1990234	cellular_component	other	220	194	0.8818	83.3
mammal	platypus	SYN_GO0036126	cellular_component	other	195	141	0.7231	65.2
mammal	platypus	SYN_GO0035770	cellular_component	other	152	131	0.8618	84.0
mammal	platypus	SYN_GO0150034	cellular_component	other	135	121	0.8963	82.3
mammal	platypus	SYN_GO0005813	cellular_component	other	125	109	0.872	71.9
mammal	platypus	SYN_GO0043235	cellular_component	other	120	102	0.85	75.1
mammal	platypus	SYN_GO0098685	cellular_component	other	109	100	0.9174	88.35
mammal	platypus	SYN_GO0097733	cellular_component	other	96	79	0.8229	76.1
mammal	platypus	SYN_GO0005770	cellular_component	other	90	77	0.8556	83.5
mammal	platypus	SYN_GO0000775	cellular_component	other	85	70	0.8235	71.9
mammal	platypus	SYN_GO0005765	cellular_component	other	79	68	0.8608	78.8
mammal	platypus	SYN_GO0043296	cellular_component	other	72	66	0.9167	75.5
mammal	platypus	SYN_GO0031594	cellular_component	other	69	61	0.8841	81.2
mammal	platypus	SYN_GO0000792	cellular_component	other	66	51	0.7727	79.3
mammal	platypus	SYN_GO0048786	cellular_component	other	62	55	0.8871	85.3
mammal	platypus	SYN_GO0001917	cellular_component	other	57	49	0.8596	78.6
mammal	platypus	SYN_GO0030863	cellular_component	other	53	48	0.9057	84.0
mammal	platypus	SYN_GO0022625	cellular_component	other	51	42	0.8235	96.75
mammal	platypus	SYN_GO0030135	cellular_component	other	49	45	0.9184	83.6
mammal	platypus	SYN_GO0045111	cellular_component	other	46	33	0.7174	79.4
mammal	platypus	SYN_GO0097225	cellular_component	other	43	31	0.7209	73.2
mammal	platypus	SYN_GO0031461	cellular_component	other	41	35	0.8537	85.6
mammal	rabbit	SYN_GO0141187	biological_process	conserved	245	197	0.8041	87.4
mammal	rabbit	SYN_GO0044283	biological_process	conserved	215	179	0.8326	87.8
mammal	rabbit	SYN_GO0090407	biological_process	conserved	176	149	0.8466	90.1
mammal	rabbit	SYN_GO0032446	biological_process	conserved	154	131	0.8506	89.7
mammal	rabbit	SYN_GO0006281	biological_process	conserved	140	115	0.8214	77.8
mammal	rabbit	SYN_GO0006790	biological_process	conserved	131	112	0.855	88.05
mammal	rabbit	SYN_GO0006511	biological_process	conserved	125	111	0.888	93.2
mammal	rabbit	SYN_GO0046394	biological_process	conserved	114	93	0.8158	88.5
mammal	rabbit	SYN_GO0043583	biological_process	specific	246	200	0.813	90.25
mammal	rabbit	SYN_GO0045087	biological_process	specific	216	159	0.7361	79.9
mammal	rabbit	SYN_GO0001525	biological_process	specific	185	158	0.8541	90.65
mammal	rabbit	SYN_GO0060041	biological_process	specific	162	135	0.8333	86.9
mammal	rabbit	SYN_GO0007292	biological_process	specific	146	118	0.8082	81.35
mammal	rabbit	SYN_GO0007605	biological_process	specific	134	113	0.8433	87.7
mammal	rabbit	SYN_GO0016358	biological_process	specific	123	107	0.8699	91.9
mammal	rabbit	SYN_GO0021782	biological_process	specific	115	85	0.7391	87.3
mammal	rabbit	SYN_GO0098771	biological_process	other	250	224	0.896	86.8
mammal	rabbit	SYN_GO0071396	biological_process	other	216	182	0.8426	88.7
mammal	rabbit	SYN_GO0098609	biological_process	other	193	159	0.8238	87.9
mammal	rabbit	SYN_GO0007005	biological_process	other	174	152	0.8736	88.2
mammal	rabbit	SYN_GO0050670	biological_process	other	156	129	0.8269	77.0
mammal	rabbit	SYN_GO0046942	biological_process	other	141	124	0.8794	87.75
mammal	rabbit	SYN_GO1903311	biological_process	other	126	102	0.8095	91.4
mammal	rabbit	SYN_GO0045936	biological_process	other	118	96	0.8136	88.1
mammal	rabbit	SYN_GO0009259	biological_process	conserved	102	86	0.8431	91.45
mammal	rabbit	SYN_GO0006412	biological_process	conserved	97	92	0.9485	97.0
mammal	rabbit	SYN_GO1901293	biological_process	conserved	92	76	0.8261	91.4
mammal	rabbit	SYN_GO0019318	biological_process	conserved	84	69	0.8214	91.0
mammal	rabbit	SYN_GO0072330	biological_process	conserved	76	59	0.7763	87.8
mammal	rabbit	SYN_GO0043161	biological_process	conserved	73	61	0.8356	94.9
mammal	rabbit	SYN_GO0072593	biological_process	conserved	69	60	0.8696	83.35
mammal	rabbit	SYN_GO0016051	biological_process	conserved	65	53	0.8154	90.7
mammal	rabbit	SYN_GO0007498	biological_process	specific	102	81	0.7941	91.8
mammal	rabbit	SYN_GO0061008	biological_process	specific	95	84	0.8842	86.25
mammal	rabbit	SYN_GO0048588	biological_process	specific	90	77	0.8556	91.6
mammal	rabbit	SYN_GO0001704	biological_process	specific	83	66	0.7952	91.0
mammal	rabbit	SYN_GO0048663	biological_process	specific	76	56	0.7368	94.55
mammal	rabbit	SYN_GO0002062	biological_process	specific	72	63	0.875	90.8
mammal	rabbit	SYN_GO0050885	biological_process	specific	68	54	0.7941	88.95
mammal	rabbit	SYN_GO0021695	biological_process	specific	64	53	0.8281	90.1
mammal	rabbit	SYN_GO0031345	biological_process	other	103	89	0.8641	91.5
mammal	rabbit	SYN_GO0009612	biological_process	other	95	79	0.8316	90.3
mammal	rabbit	SYN_GO0030278	biological_process	other	90	78	0.8667	88.6
mammal	rabbit	SYN_GO0043409	biological_process	other	83	71	0.8554	91.0
mammal	rabbit	SYN_GO0030010	biological_process	other	78	65	0.8333	84.3
mammal	rabbit	SYN_GO0035082	biological_process	other	72	62	0.8611	75.95
mammal	rabbit	SYN_GO0002637	biological_process	other	67	54	0.806	72.5
mammal	rabbit	SYN_GO2000106	biological_process	other	63	55	0.873	83.5
mammal	rabbit	SYN_GO0072523	biological_process	conserved	59	49	0.8305	87.9
mammal	rabbit	SYN_GO0009144	biological_process	conserved	55	45	0.8182	91.3
mammal	rabbit	SYN_GO0006195	biological_process	conserved	53	44	0.8302	89.4
mammal	rabbit	SYN_GO0018212	biological_process	conserved	51	45	0.8824	93.0
mammal	rabbit	SYN_GO0001676	biological_process	conserved	48	31	0.6458	82.1
mammal	rabbit	SYN_GO0009123	biological_process	conserved	45	41	0.9111	89.5
mammal	rabbit	SYN_GO0009308	biological_process	conserved	43	37	0.8605	88.4
mammal	rabbit	SYN_GO0001523	biological_process	conserved	41	34	0.8293	82.6
mammal	rabbit	SYN_GO0019226	biological_process	specific	60	50	0.8333	91.6
mammal	rabbit	SYN_GO0035315	biological_process	specific	57	47	0.8246	89.1
mammal	rabbit	SYN_GO0008286	biological_process	specific	54	41	0.7593	90.9
mammal	rabbit	SYN_GO0045446	biological_process	specific	51	40	0.7843	90.3
mammal	rabbit	SYN_GO0035710	biological_process	specific	49	42	0.8571	86.7
mammal	rabbit	SYN_GO0007143	biological_process	specific	46	40	0.8696	81.6
mammal	rabbit	SYN_GO0003382	biological_process	specific	43	38	0.8837	85.05
mammal	rabbit	SYN_GO0043491	biological_process	specific	41	33	0.8049	89.0
mammal	rabbit	SYN_GO1904375	biological_process	other	60	53	0.8833	90.1
mammal	rabbit	SYN_GO0015748	biological_process	other	56	47	0.8393	89.9
mammal	rabbit	SYN_GO0042130	biological_process	other	54	42	0.7778	77.5
mammal	rabbit	SYN_GO0001906	biological_process	other	51	31	0.6078	77.8
mammal	rabbit	SYN_GO0006282	biological_process	other	48	42	0.875	85.25
mammal	rabbit	SYN_GO0031032	biological_process	other	45	38	0.8444	89.55
mammal	rabbit	SYN_GO0045682	biological_process	other	43	33	0.7674	89.7
mammal	rabbit	SYN_GO0032481	biological_process	other	41	34	0.8293	74.7
mammal	rabbit	SYN_GO0046873	molecular_function	other	247	216	0.8745	90.75
mammal	rabbit	SYN_GO0030545	molecular_function	other	192	144	0.75	77.4
mammal	rabbit	SYN_GO0019901	molecular_function	other	179	144	0.8045	90.05
mammal	rabbit	SYN_GO0042578	molecular_function	other	168	140	0.8333	88.9
mammal	rabbit	SYN_GO0019787	molecular_function	other	158	132	0.8354	89.9
mammal	rabbit	SYN_GO0016818	molecular_function	other	134	103	0.7687	88.5
mammal	rabbit	SYN_GO1901265	molecular_function	other	125	99	0.792	90.5
mammal	rabbit	SYN_GO0003779	molecular_function	other	113	86	0.7611	85.2
mammal	rabbit	SYN_GO0032555	molecular_function	other	99	78	0.7879	90.65
mammal	rabbit	SYN_GO0003729	molecular_function	other	93	76	0.8172	92.55
mammal	rabbit	SYN_GO0016829	molecular_function	other	85	72	0.8471	88.0
mammal	rabbit	SYN_GO0003713	molecular_function	other	80	71	0.8875	89.4
mammal	rabbit	SYN_GO0003735	molecular_function	other	77	74	0.961	99.35
mammal	rabbit	SYN_GO0015079	molecular_function	other	71	62	0.8732	93.8
mammal	rabbit	SYN_GO0051020	molecular_function	other	67	60	0.8955	90.5
mammal	rabbit	SYN_GO0005539	molecular_function	other	64	54	0.8438	81.9
mammal	rabbit	SYN_GO0016810	molecular_function	other	59	53	0.8983	88.8
mammal	rabbit	SYN_GO0008234	molecular_function	other	56	50	0.8929	82.2
mammal	rabbit	SYN_GO0046982	molecular_function	other	53	43	0.8113	92.1
mammal	rabbit	SYN_GO0141108	molecular_function	other	49	41	0.8367	92.4
mammal	rabbit	SYN_GO0016782	molecular_function	other	47	34	0.7234	87.3
mammal	rabbit	SYN_GO0044325	molecular_function	other	45	38	0.8444	94.0
mammal	rabbit	SYN_GO0051213	molecular_function	other	43	35	0.814	83.7
mammal	rabbit	SYN_GO0000287	molecular_function	other	41	33	0.8049	90.7
mammal	rabbit	SYN_GO0032279	cellular_component	other	250	210	0.84	92.3
mammal	rabbit	SYN_GO0014069	cellular_component	other	236	199	0.8432	92.0
mammal	rabbit	SYN_GO1990234	cellular_component	other	220	181	0.8227	91.8
mammal	rabbit	SYN_GO0036126	cellular_component	other	195	147	0.7538	76.7
mammal	rabbit	SYN_GO0035770	cellular_component	other	152	135	0.8882	91.2
mammal	rabbit	SYN_GO0150034	cellular_component	other	135	104	0.7704	91.15
mammal	rabbit	SYN_GO0005813	cellular_component	other	125	105	0.84	85.2
mammal	rabbit	SYN_GO0043235	cellular_component	other	120	99	0.825	87.4
mammal	rabbit	SYN_GO0098685	cellular_component	other	109	86	0.789	93.8
mammal	rabbit	SYN_GO0097733	cellular_component	other	96	87	0.9062	84.8
mammal	rabbit	SYN_GO0005770	cellular_component	other	90	77	0.8556	90.3
mammal	rabbit	SYN_GO0000775	cellular_component	other	85	69	0.8118	78.6
mammal	rabbit	SYN_GO0005765	cellular_component	other	79	70	0.8861	84.45
mammal	rabbit	SYN_GO0043296	cellular_component	other	72	57	0.7917	87.4
mammal	rabbit	SYN_GO0031594	cellular_component	other	69	55	0.7971	89.9
mammal	rabbit	SYN_GO0000792	cellular_component	other	66	52	0.7879	89.0
mammal	rabbit	SYN_GO0048786	cellular_component	other	62	51	0.8226	93.6
mammal	rabbit	SYN_GO0001917	cellular_component	other	57	47	0.8246	86.4
mammal	rabbit	SYN_GO0030863	cellular_component	other	53	43	0.8113	89.6
mammal	rabbit	SYN_GO0022625	cellular_component	other	51	48	0.9412	98.5
mammal	rabbit	SYN_GO0030135	cellular_component	other	49	40	0.8163	89.25
mammal	rabbit	SYN_GO0045111	cellular_component	other	46	40	0.8696	85.5
mammal	rabbit	SYN_GO0097225	cellular_component	other	43	33	0.7674	82.7
mammal	rabbit	SYN_GO0031461	cellular_component	other	41	33	0.8049	93.8
mammal	rat	SYN_GO0141187	biological_process	conserved	245	240	0.9796	95.5
mammal	rat	SYN_GO0044283	biological_process	conserved	215	210	0.9767	95.15
mammal	rat	SYN_GO0090407	biological_process	conserved	176	175	0.9943	96.3
mammal	rat	SYN_GO0032446	biological_process	conserved	154	151	0.9805	96.8
mammal	rat	SYN_GO0006281	biological_process	conserved	140	134	0.9571	91.25
mammal	rat	SYN_GO0006790	biological_process	conserved	131	125	0.9542	96.1
mammal	rat	SYN_GO0006511	biological_process	conserved	125	123	0.984	97.1
mammal	rat	SYN_GO0046394	biological_process	conserved	114	110	0.9649	95.45
mammal	rat	SYN_GO0043583	biological_process	specific	246	241	0.9797	97.2
mammal	rat	SYN_GO0045087	biological_process	specific	216	198	0.9167	92.6
mammal	rat	SYN_GO0001525	biological_process	specific	185	181	0.9784	96.6
mammal	rat	SYN_GO0060041	biological_process	specific	162	161	0.9938	96.1
mammal	rat	SYN_GO0007292	biological_process	specific	146	142	0.9726	92.45
mammal	rat	SYN_GO0007605	biological_process	specific	134	130	0.9701	95.65
mammal	rat	SYN_GO0016358	biological_process	specific	123	122	0.9919	97.6
mammal	rat	SYN_GO0021782	biological_process	specific	115	114	0.9913	97.0
mammal	rat	SYN_GO0098771	biological_process	other	250	248	0.992	95.7
mammal	rat	SYN_GO0071396	biological_process	other	216	205	0.9491	95.6
mammal	rat	SYN_GO0098609	biological_process	other	193	186	0.9637	96.6
mammal	rat	SYN_GO0007005	biological_process	other	174	170	0.977	96.05
mammal	rat	SYN_GO0050670	biological_process	other	156	153	0.9808	91.9
mammal	rat	SYN_GO0046942	biological_process	other	141	140	0.9929	96.35
mammal	rat	SYN_GO1903311	biological_process	other	126	123	0.9762	97.1
mammal	rat	SYN_GO0045936	biological_process	other	118	114	0.9661	96.6
mammal	rat	SYN_GO0009259	biological_process	conserved	102	102	1.0	96.35
mammal	rat	SYN_GO0006412	biological_process	conserved	97	95	0.9794	99.1
mammal	rat	SYN_GO1901293	biological_process	conserved	92	91	0.9891	96.8
mammal	rat	SYN_GO0019318	biological_process	conserved	84	83	0.9881	96.4
mammal	rat	SYN_GO0072330	biological_process	conserved	76	74	0.9737	95.0
mammal	rat	SYN_GO0043161	biological_process	conserved	73	71	0.9726	97.5
mammal	rat	SYN_GO0072593	biological_process	conserved	69	68	0.9855	95.05
mammal	rat	SYN_GO0016051	biological_process	conserved	65	63	0.9692	96.3
mammal	rat	SYN_GO0007498	biological_process	specific	102	98	0.9608	97.25
mammal	rat	SYN_GO0061008	biological_process	specific	95	93	0.9789	95.1
mammal	rat	SYN_GO0048588	biological_process	specific	90	87	0.9667	97.4
mammal	rat	SYN_GO0001704	biological_process	specific	83	81	0.9759	96.8
mammal	rat	SYN_GO0048663	biological_process	specific	76	73	0.9605	98.1
mammal	rat	SYN_GO0002062	biological_process	specific	72	69	0.9583	97.6
mammal	rat	SYN_GO0050885	biological_process	specific	68	67	0.9853	97.3
mammal	rat	SYN_GO0021695	biological_process	specific	64	64	1.0	97.6
mammal	rat	SYN_GO0031345	biological_process	other	103	98	0.9515	96.55
mammal	rat	SYN_GO0009612	biological_process	other	95	93	0.9789	96.8
mammal	rat	SYN_GO0030278	biological_process	other	90	88	0.9778	96.2
mammal	rat	SYN_GO0043409	biological_process	other	83	80	0.9639	96.1
mammal	rat	SYN_GO0030010	biological_process	other	78	77	0.9872	94.7
mammal	rat	SYN_GO0035082	biological_process	other	72	69	0.9583	89.3
mammal	rat	SYN_GO0002637	biological_process	other	67	66	0.9851	90.5
mammal	rat	SYN_GO2000106	biological_process	other	63	62	0.9841	93.65
mammal	rat	SYN_GO0072523	biological_process	conserved	59	58	0.9831	95.5
mammal	rat	SYN_GO0009144	biological_process	conserved	55	55	1.0	96.1
mammal	rat	SYN_GO0006195	biological_process	conserved	53	52	0.9811	96.0
mammal	rat	SYN_GO0018212	biological_process	conserved	51	50	0.9804	97.4
mammal	rat	SYN_GO0001676	biological_process	conserved	48	41	0.8542	94.0
mammal	rat	SYN_GO0009123	biological_process	conserved	45	45	1.0	96.9
mammal	rat	SYN_GO0009308	biological_process	conserved	43	43	1.0	95.8
mammal	rat	SYN_GO0001523	biological_process	conserved	41	37	0.9024	93.8
mammal	rat	SYN_GO0019226	biological_process	specific	60	60	1.0	98.15
mammal	rat	SYN_GO0035315	biological_process	specific	57	57	1.0	95.9
mammal	rat	SYN_GO0008286	biological_process	specific	54	52	0.963	96.4
mammal	rat	SYN_GO0045446	biological_process	specific	51	50	0.9804	96.15
mammal	rat	SYN_GO0035710	biological_process	specific	49	46	0.9388	94.5
mammal	rat	SYN_GO0007143	biological_process	specific	46	44	0.9565	91.7
mammal	rat	SYN_GO0003382	biological_process	specific	43	42	0.9767	95.25
mammal	rat	SYN_GO0043491	biological_process	specific	41	41	1.0	96.7
mammal	rat	SYN_GO1904375	biological_process	other	60	59	0.9833	97.9
mammal	rat	SYN_GO0015748	biological_process	other	56	53	0.9464	96.3
mammal	rat	SYN_GO0042130	biological_process	other	54	54	1.0	91.7
mammal	rat	SYN_GO0001906	biological_process	other	51	46	0.902	89.85
mammal	rat	SYN_GO0006282	biological_process	other	48	47	0.9792	94.5
mammal	rat	SYN_GO0031032	biological_process	other	45	44	0.9778	97.2
mammal	rat	SYN_GO0045682	biological_process	other	43	42	0.9767	95.95
mammal	rat	SYN_GO0032481	biological_process	other	41	41	1.0	90.0
mammal	rat	SYN_GO0046873	molecular_function	other	247	245	0.9919	97.0
mammal	rat	SYN_GO0030545	molecular_function	other	192	169	0.8802	92.4
mammal	rat	SYN_GO0019901	molecular_function	other	179	174	0.9721	97.3
mammal	rat	SYN_GO0042578	molecular_function	other	168	164	0.9762	95.5
mammal	rat	SYN_GO0019787	molecular_function	other	158	152	0.962	96.15
mammal	rat	SYN_GO0016818	molecular_function	other	134	128	0.9552	96.7
mammal	rat	SYN_GO1901265	molecular_function	other	125	120	0.96	96.7
mammal	rat	SYN_GO0003779	molecular_function	other	113	111	0.9823	94.9
mammal	rat	SYN_GO0032555	molecular_function	other	99	94	0.9495	96.9
mammal	rat	SYN_GO0003729	molecular_function	other	93	90	0.9677	97.6
mammal	rat	SYN_GO0016829	molecular_function	other	85	82	0.9647	95.75
mammal	rat	SYN_GO0003713	molecular_function	other	80	79	0.9875	95.9
mammal	rat	SYN_GO0003735	molecular_function	other	77	76	0.987	100.0
mammal	rat	SYN_GO0015079	molecular_function	other	71	70	0.9859	98.35
mammal	rat	SYN_GO0051020	molecular_function	other	67	64	0.9552	95.2
mammal	rat	SYN_GO0005539	molecular_function	other	64	62	0.9688	94.5
mammal	rat	SYN_GO0016810	molecular_function	other	59	57	0.9661	95.8
mammal	rat	SYN_GO0008234	molecular_function	other	56	52	0.9286	94.35
mammal	rat	SYN_GO0046982	molecular_function	other	53	52	0.9811	96.95
mammal	rat	SYN_GO0141108	molecular_function	other	49	49	1.0	98.0
mammal	rat	SYN_GO0016782	molecular_function	other	47	43	0.9149	96.5
mammal	rat	SYN_GO0044325	molecular_function	other	45	44	0.9778	97.9
mammal	rat	SYN_GO0051213	molecular_function	other	43	42	0.9767	95.45
mammal	rat	SYN_GO0000287	molecular_function	other	41	40	0.9756	95.0
mammal	rat	SYN_GO0032279	cellular_component	other	250	245	0.98	97.9
mammal	rat	SYN_GO0014069	cellular_component	other	236	231	0.9788	97.7
mammal	rat	SYN_GO1990234	cellular_component	other	220	216	0.9818	97.1
mammal	rat	SYN_GO0036126	cellular_component	other	195	186	0.9538	90.0
mammal	rat	SYN_GO0035770	cellular_component	other	152	151	0.9934	96.9
mammal	rat	SYN_GO0150034	cellular_component	other	135	131	0.9704	97.3
mammal	rat	SYN_GO0005813	cellular_component	other	125	120	0.96	93.95
mammal	rat	SYN_GO0043235	cellular_component	other	120	115	0.9583	95.9
mammal	rat	SYN_GO0098685	cellular_component	other	109	107	0.9817	98.5
mammal	rat	SYN_GO0097733	cellular_component	other	96	93	0.9688	95.4
mammal	rat	SYN_GO0005770	cellular_component	other	90	88	0.9778	96.75
mammal	rat	SYN_GO0000775	cellular_component	other	85	80	0.9412	91.5
mammal	rat	SYN_GO0005765	cellular_component	other	79	79	1.0	95.0
mammal	rat	SYN_GO0043296	cellular_component	other	72	71	0.9861	96.3
mammal	rat	SYN_GO0031594	cellular_component	other	69	68	0.9855	97.3
mammal	rat	SYN_GO0000792	cellular_component	other	66	61	0.9242	94.8
mammal	rat	SYN_GO0048786	cellular_component	other	62	62	1.0	98.05
mammal	rat	SYN_GO0001917	cellular_component	other	57	56	0.9825	95.85
mammal	rat	SYN_GO0030863	cellular_component	other	53	51	0.9623	96.4
mammal	rat	SYN_GO0022625	cellular_component	other	51	50	0.9804	99.65
mammal	rat	SYN_GO0030135	cellular_component	other	49	46	0.9388	96.85
mammal	rat	SYN_GO0045111	cellular_component	other	46	44	0.9565	95.2
mammal	rat	SYN_GO0097225	cellular_component	other	43	41	0.9535	93.5
mammal	rat	SYN_GO0031461	cellular_component	other	41	41	1.0	97.6
mammal	seaurchin	SYN_GO0141187	biological_process	conserved	245	137	0.5592	49.4
mammal	seaurchin	SYN_GO0044283	biological_process	conserved	215	130	0.6047	55.35
mammal	seaurchin	SYN_GO0090407	biological_process	conserved	176	113	0.642	57.5
mammal	seaurchin	SYN_GO0032446	biological_process	conserved	154	73	0.474	50.1
mammal	seaurchin	SYN_GO0006281	biological_process	conserved	140	84	0.6	48.5
mammal	seaurchin	SYN_GO0006790	biological_process	conserved	131	85	0.6489	54.5
mammal	seaurchin	SYN_GO0006511	biological_process	conserved	125	69	0.552	56.3
mammal	seaurchin	SYN_GO0046394	biological_process	conserved	114	63	0.5526	53.1
mammal	seaurchin	SYN_GO0043583	biological_process	specific	246	83	0.3374	46.7
mammal	seaurchin	SYN_GO0045087	biological_process	specific	216	55	0.2546	44.1
mammal	seaurchin	SYN_GO0001525	biological_process	specific	185	54	0.2919	50.1
mammal	seaurchin	SYN_GO0060041	biological_process	specific	162	57	0.3519	40.4
mammal	seaurchin	SYN_GO0007292	biological_process	specific	146	56	0.3836	48.4
mammal	seaurchin	SYN_GO0007605	biological_process	specific	134	49	0.3657	47.9
mammal	seaurchin	SYN_GO0016358	biological_process	specific	123	50	0.4065	49.8
mammal	seaurchin	SYN_GO0021782	biological_process	specific	115	39	0.3391	48.8
mammal	seaurchin	SYN_GO0098771	biological_process	other	250	97	0.388	47.4
mammal	seaurchin	SYN_GO0071396	biological_process	other	216	67	0.3102	49.6
mammal	seaurchin	SYN_GO0098609	biological_process	other	193	47	0.2435	42.1
mammal	seaurchin	SYN_GO0007005	biological_process	other	174	102	0.5862	51.8
mammal	seaurchin	SYN_GO0050670	biological_process	other	156	28	0.1795	43.45
mammal	seaurchin	SYN_GO0046942	biological_process	other	141	60	0.4255	48.95
mammal	seaurchin	SYN_GO1903311	biological_process	other	126	42	0.3333	51.75
mammal	seaurchin	SYN_GO0045936	biological_process	other	118	42	0.3559	43.9
mammal	seaurchin	SYN_GO0009259	biological_process	conserved	102	56	0.549	58.2
mammal	seaurchin	SYN_GO0006412	biological_process	conserved	97	84	0.866	64.8
mammal	seaurchin	SYN_GO1901293	biological_process	conserved	92	60	0.6522	61.6
mammal	seaurchin	SYN_GO0019318	biological_process	conserved	84	41	0.4881	58.9
mammal	seaurchin	SYN_GO0072330	biological_process	conserved	76	36	0.4737	51.15
mammal	seaurchin	SYN_GO0043161	biological_process	conserved	73	43	0.589	58.5
mammal	seaurchin	SYN_GO0072593	biological_process	conserved	69	33	0.4783	50.9
mammal	seaurchin	SYN_GO0016051	biological_process	conserved	65	33	0.5077	63.6
mammal	seaurchin	SYN_GO0007498	biological_process	specific	102	40	0.3922	55.45
mammal	seaurchin	SYN_GO0061008	biological_process	specific	95	38	0.4	50.25
mammal	seaurchin	SYN_GO0048588	biological_process	specific	90	29	0.3222	51.0
mammal	seaurchin	SYN_GO0001704	biological_process	specific	83	33	0.3976	55.0
mammal	seaurchin	SYN_GO0048663	biological_process	specific	76	27	0.3553	53.4
mammal	seaurchin	SYN_GO0002062	biological_process	specific	72	26	0.3611	41.35
mammal	seaurchin	SYN_GO0050885	biological_process	specific	68	27	0.3971	48.4
mammal	seaurchin	SYN_GO0021695	biological_process	specific	64	29	0.4531	56.6
mammal	seaurchin	SYN_GO0031345	biological_process	other	103	30	0.2913	48.3
mammal	seaurchin	SYN_GO0009612	biological_process	other	95	34	0.3579	41.25
mammal	seaurchin	SYN_GO0030278	biological_process	other	90	26	0.2889	50.35
mammal	seaurchin	SYN_GO0043409	biological_process	other	83	22	0.2651	45.75
mammal	seaurchin	SYN_GO0030010	biological_process	other	78	28	0.359	45.55
mammal	seaurchin	SYN_GO0035082	biological_process	other	72	55	0.7639	43.4
mammal	seaurchin	SYN_GO0002637	biological_process	other	67	18	0.2687	45.8
mammal	seaurchin	SYN_GO2000106	biological_process	other	63	16	0.254	35.25
mammal	seaurchin	SYN_GO0072523	biological_process	conserved	59	29	0.4915	55.8
mammal	seaurchin	SYN_GO0009144	biological_process	conserved	55	27	0.4909	58.9
mammal	seaurchin	SYN_GO0006195	biological_process	conserved	53	24	0.4528	57.65
mammal	seaurchin	SYN_GO0018212	biological_process	conserved	51	16	0.3137	47.85
mammal	seaurchin	SYN_GO0001676	biological_process	conserved	48	16	0.3333	47.9
mammal	seaurchin	SYN_GO0009123	biological_process	conserved	45	32	0.7111	58.4
mammal	seaurchin	SYN_GO0009308	biological_process	conserved	43	23	0.5349	45.8
mammal	seaurchin	SYN_GO0001523	biological_process	conserved	41	14	0.3415	48.9
mammal	seaurchin	SYN_GO0019226	biological_process	specific	60	17	0.2833	48.5
mammal	seaurchin	SYN_GO0035315	biological_process	specific	57	26	0.4561	47.55
mammal	seaurchin	SYN_GO0008286	biological_process	specific	54	25	0.463	49.3
mammal	seaurchin	SYN_GO0045446	biological_process	specific	51	14	0.2745	45.85
mammal	seaurchin	SYN_GO0035710	biological_process	specific	49	10	0.2041	48.3
mammal	seaurchin	SYN_GO0007143	biological_process	specific	46	22	0.4783	41.5
mammal	seaurchin	SYN_GO0003382	biological_process	specific	43	11	0.2558	41.8
mammal	seaurchin	SYN_GO0043491	biological_process	specific	41	15	0.3659	47.3
mammal	seaurchin	SYN_GO1904375	biological_process	other	60	25	0.4167	46.8
mammal	seaurchin	SYN_GO0015748	biological_process	other	56	25	0.4464	50.6
mammal	seaurchin	SYN_GO0042130	biological_process	other	54	5	0.0926	48.9
mammal	seaurchin	SYN_GO0001906	biological_process	other	51	9	0.1765	52.7
mammal	seaurchin	SYN_GO0006282	biological_process	other	48	24	0.5	47.2
mammal	seaurchin	SYN_GO0031032	biological_process	other	45	9	0.2	40.9
mammal	seaurchin	SYN_GO0045682	biological_process	other	43	8	0.186	46.2
mammal	seaurchin	SYN_GO0032481	biological_process	other	41	10	0.2439	42.3
mammal	seaurchin	SYN_GO0046873	molecular_function	other	247	88	0.3563	47.65
mammal	seaurchin	SYN_GO0030545	molecular_function	other	192	25	0.1302	42.4
mammal	seaurchin	SYN_GO0019901	molecular_function	other	179	70	0.3911	48.5
mammal	seaurchin	SYN_GO0042578	molecular_function	other	168	92	0.5476	46.3
mammal	seaurchin	SYN_GO0019787	molecular_function	other	158	70	0.443	46.05
mammal	seaurchin	SYN_GO0016818	molecular_function	other	134	85	0.6343	59.6
mammal	seaurchin	SYN_GO1901265	molecular_function	other	125	64	0.512	58.95
mammal	seaurchin	SYN_GO0003779	molecular_function	other	113	33	0.292	47.6
mammal	seaurchin	SYN_GO0032555	molecular_function	other	99	48	0.4848	59.6
mammal	seaurchin	SYN_GO0003729	molecular_function	other	93	37	0.3978	53.2
mammal	seaurchin	SYN_GO0016829	molecular_function	other	85	56	0.6588	56.15
mammal	seaurchin	SYN_GO0003713	molecular_function	other	80	24	0.3	54.8
mammal	seaurchin	SYN_GO0003735	molecular_function	other	77	67	0.8701	75.0
mammal	seaurchin	SYN_GO0015079	molecular_function	other	71	23	0.3239	49.8
mammal	seaurchin	SYN_GO0051020	molecular_function	other	67	29	0.4328	40.6
mammal	seaurchin	SYN_GO0005539	molecular_function	other	64	12	0.1875	37.75
mammal	seaurchin	SYN_GO0016810	molecular_function	other	59	39	0.661	54.5
mammal	seaurchin	SYN_GO0008234	molecular_function	other	56	20	0.3571	51.15
mammal	seaurchin	SYN_GO0046982	molecular_function	other	53	15	0.283	41.8
mammal	seaurchin	SYN_GO0141108	molecular_function	other	49	16	0.3265	47.5
mammal	seaurchin	SYN_GO0016782	molecular_function	other	47	18	0.383	49.35
mammal	seaurchin	SYN_GO0044325	molecular_function	other	45	14	0.3111	54.65
mammal	seaurchin	SYN_GO0051213	molecular_function	other	43	21	0.4884	44.8
mammal	seaurchin	SYN_GO0000287	molecular_function	other	41	23	0.561	50.7
mammal	seaurchin	SYN_GO0032279	cellular_component	other	250	87	0.348	45.6
mammal	seaurchin	SYN_GO0014069	cellular_component	other	236	83	0.3517	46.7
mammal	seaurchin	SYN_GO1990234	cellular_component	other	220	134	0.6091	54.75
mammal	seaurchin	SYN_GO0036126	cellular_component	other	195	109	0.559	46.1
mammal	seaurchin	SYN_GO0035770	cellular_component	other	152	69	0.4539	53.2
mammal	seaurchin	SYN_GO0150034	cellular_component	other	135	57	0.4222	47.2
mammal	seaurchin	SYN_GO0005813	cellular_component	other	125	73	0.584	49.9
mammal	seaurchin	SYN_GO0043235	cellular_component	other	120	22	0.1833	37.5
mammal	seaurchin	SYN_GO0098685	cellular_component	other	109	39	0.3578	52.1
mammal	seaurchin	SYN_GO0097733	cellular_component	other	96	43	0.4479	44.1
mammal	seaurchin	SYN_GO0005770	cellular_component	other	90	45	0.5	49.8
mammal	seaurchin	SYN_GO0000775	cellular_component	other	85	39	0.4588	47.3
mammal	seaurchin	SYN_GO0005765	cellular_component	other	79	49	0.6203	45.3
mammal	seaurchin	SYN_GO0043296	cellular_component	other	72	15	0.2083	41.3
mammal	seaurchin	SYN_GO0031594	cellular_component	other	69	27	0.3913	46.4
mammal	seaurchin	SYN_GO0000792	cellular_component	other	66	24	0.3636	52.0
mammal	seaurchin	SYN_GO0048786	cellular_component	other	62	27	0.4355	45.4
mammal	seaurchin	SYN_GO0001917	cellular_component	other	57	24	0.4211	42.6
mammal	seaurchin	SYN_GO0030863	cellular_component	other	53	16	0.3019	54.35
mammal	seaurchin	SYN_GO0022625	cellular_component	other	51	43	0.8431	73.4
mammal	seaurchin	SYN_GO0030135	cellular_component	other	49	28	0.5714	51.35
mammal	seaurchin	SYN_GO0045111	cellular_component	other	46	9	0.1957	43.6
mammal	seaurchin	SYN_GO0097225	cellular_component	other	43	21	0.4884	54.7
mammal	seaurchin	SYN_GO0031461	cellular_component	other	41	27	0.6585	62.1
mammal	xenopus	SYN_GO0141187	biological_process	conserved	245	215	0.8776	69.6
mammal	xenopus	SYN_GO0044283	biological_process	conserved	215	195	0.907	73.7
mammal	xenopus	SYN_GO0090407	biological_process	conserved	176	158	0.8977	75.25
mammal	xenopus	SYN_GO0032446	biological_process	conserved	154	127	0.8247	71.8
mammal	xenopus	SYN_GO0006281	biological_process	conserved	140	122	0.8714	61.45
mammal	xenopus	SYN_GO0006790	biological_process	conserved	131	116	0.8855	72.55
mammal	xenopus	SYN_GO0006511	biological_process	conserved	125	111	0.888	77.5
mammal	xenopus	SYN_GO0046394	biological_process	conserved	114	99	0.8684	74.8
mammal	xenopus	SYN_GO0043583	biological_process	specific	246	221	0.8984	72.3
mammal	xenopus	SYN_GO0045087	biological_process	specific	216	129	0.5972	62.8
mammal	xenopus	SYN_GO0001525	biological_process	specific	185	166	0.8973	72.7
mammal	xenopus	SYN_GO0060041	biological_process	specific	162	139	0.858	71.2
mammal	xenopus	SYN_GO0007292	biological_process	specific	146	117	0.8014	62.7
mammal	xenopus	SYN_GO0007605	biological_process	specific	134	116	0.8657	69.3
mammal	xenopus	SYN_GO0016358	biological_process	specific	123	114	0.9268	76.6
mammal	xenopus	SYN_GO0021782	biological_process	specific	115	100	0.8696	71.55
mammal	xenopus	SYN_GO0098771	biological_process	other	250	215	0.86	68.6
mammal	xenopus	SYN_GO0071396	biological_process	other	216	164	0.7593	69.1
mammal	xenopus	SYN_GO0098609	biological_process	other	193	154	0.7979	70.05
mammal	xenopus	SYN_GO0007005	biological_process	other	174	152	0.8736	71.2
mammal	xenopus	SYN_GO0050670	biological_process	other	156	105	0.6731	58.5
mammal	xenopus	SYN_GO0046942	biological_process	other	141	119	0.844	73.2
mammal	xenopus	SYN_GO1903311	biological_process	other	126	98	0.7778	77.2
mammal	xenopus	SYN_GO0045936	biological_process	other	118	94	0.7966	69.4
mammal	xenopus	SYN_GO0009259	biological_process	conserved	102	92	0.902	76.4
mammal	xenopus	SYN_GO0006412	biological_process	conserved	97	88	0.9072	90.0
mammal	xenopus	SYN_GO1901293	biological_process	conserved	92	84	0.913	78.45
mammal	xenopus	SYN_GO0019318	biological_process	conserved	84	78	0.9286	77.5
mammal	xenopus	SYN_GO0072330	biological_process	conserved	76	64	0.8421	73.45
mammal	xenopus	SYN_GO0043161	biological_process	conserved	73	66	0.9041	80.65
mammal	xenopus	SYN_GO0072593	biological_process	conserved	69	61	0.8841	68.1
mammal	xenopus	SYN_GO0016051	biological_process	conserved	65	60	0.9231	77.85
mammal	xenopus	SYN_GO0007498	biological_process	specific	102	88	0.8627	76.5
mammal	xenopus	SYN_GO0061008	biological_process	specific	95	92	0.9684	66.5
mammal	xenopus	SYN_GO0048588	biological_process	specific	90	80	0.8889	74.75
mammal	xenopus	SYN_GO0001704	biological_process	specific	83	72	0.8675	76.2
mammal	xenopus	SYN_GO0048663	biological_process	specific	76	71	0.9342	76.7
mammal	xenopus	SYN_GO0002062	biological_process	specific	72	62	0.8611	75.8
mammal	xenopus	SYN_GO0050885	biological_process	specific	68	63	0.9265	72.3
mammal	xenopus	SYN_GO0021695	biological_process	specific	64	61	0.9531	71.9
mammal	xenopus	SYN_GO0031345	biological_process	other	103	83	0.8058	73.1
mammal	xenopus	SYN_GO0009612	biological_process	other	95	82	0.8632	71.2
mammal	xenopus	SYN_GO0030278	biological_process	other	90	78	0.8667	72.25
mammal	xenopus	SYN_GO0043409	biological_process	other	83	65	0.7831	70.9
mammal	xenopus	SYN_GO0030010	biological_process	other	78	69	0.8846	68.4
mammal	xenopus	SYN_GO0035082	biological_process	other	72	62	0.8611	53.1
mammal	xenopus	SYN_GO0002637	biological_process	other	67	51	0.7612	51.4
mammal	xenopus	SYN_GO2000106	biological_process	other	63	43	0.6825	61.1
mammal	xenopus	SYN_GO0072523	biological_process	conserved	59	50	0.8475	66.45
mammal	xenopus	SYN_GO0009144	biological_process	conserved	55	48	0.8727	76.4
mammal	xenopus	SYN_GO0006195	biological_process	conserved	53	45	0.8491	67.5
mammal	xenopus	SYN_GO0018212	biological_process	conserved	51	42	0.8235	71.6
mammal	xenopus	SYN_GO0001676	biological_process	conserved	48	30	0.625	67.95
mammal	xenopus	SYN_GO0009123	biological_process	conserved	45	43	0.9556	78.2
mammal	xenopus	SYN_GO0009308	biological_process	conserved	43	38	0.8837	74.5
mammal	xenopus	SYN_GO0001523	biological_process	conserved	41	34	0.8293	68.05
mammal	xenopus	SYN_GO0019226	biological_process	specific	60	53	0.8833	73.0
mammal	xenopus	SYN_GO0035315	biological_process	specific	57	54	0.9474	69.85
mammal	xenopus	SYN_GO0008286	biological_process	specific	54	44	0.8148	75.65
mammal	xenopus	SYN_GO0045446	biological_process	specific	51	45	0.8824	70.2
mammal	xenopus	SYN_GO0035710	biological_process	specific	49	38	0.7755	68.3
mammal	xenopus	SYN_GO0007143	biological_process	specific	46	38	0.8261	57.6
mammal	xenopus	SYN_GO0003382	biological_process	specific	43	37	0.8605	64.7
mammal	xenopus	SYN_GO0043491	biological_process	specific	41	35	0.8537	71.5
mammal	xenopus	SYN_GO1904375	biological_process	other	60	52	0.8667	74.35
mammal	xenopus	SYN_GO0015748	biological_process	other	56	51	0.9107	71.3
mammal	xenopus	SYN_GO0042130	biological_process	other	54	36	0.6667	55.35
mammal	xenopus	SYN_GO0001906	biological_process	other	51	29	0.5686	60.8
mammal	xenopus	SYN_GO0006282	biological_process	other	48	40	0.8333	63.7
mammal	xenopus	SYN_GO0031032	biological_process	other	45	40	0.8889	71.7
mammal	xenopus	SYN_GO0045682	biological_process	other	43	31	0.7209	68.1
mammal	xenopus	SYN_GO0032481	biological_process	other	41	25	0.6098	64.9
mammal	xenopus	SYN_GO0046873	molecular_function	other	247	209	0.8462	75.4
mammal	xenopus	SYN_GO0030545	molecular_function	other	192	112	0.5833	59.0
mammal	xenopus	SYN_GO0019901	molecular_function	other	179	153	0.8547	73.2
mammal	xenopus	SYN_GO0042578	molecular_function	other	168	148	0.881	69.5
mammal	xenopus	SYN_GO0019787	molecular_function	other	158	132	0.8354	71.65
mammal	xenopus	SYN_GO0016818	molecular_function	other	134	116	0.8657	72.9
mammal	xenopus	SYN_GO1901265	molecular_function	other	125	99	0.792	74.8
mammal	xenopus	SYN_GO0003779	molecular_function	other	113	93	0.823	68.6
mammal	xenopus	SYN_GO0032555	molecular_function	other	99	78	0.7879	76.55
mammal	xenopus	SYN_GO0003729	molecular_function	other	93	78	0.8387	75.6
mammal	xenopus	SYN_GO0016829	molecular_function	other	85	80	0.9412	71.3
mammal	xenopus	SYN_GO0003713	molecular_function	other	80	69	0.8625	70.6
mammal	xenopus	SYN_GO0003735	molecular_function	other	77	72	0.9351	95.8
mammal	xenopus	SYN_GO0015079	molecular_function	other	71	59	0.831	78.6
mammal	xenopus	SYN_GO0051020	molecular_function	other	67	60	0.8955	72.6
mammal	xenopus	SYN_GO0005539	molecular_function	other	64	48	0.75	64.85
mammal	xenopus	SYN_GO0016810	molecular_function	other	59	57	0.9661	72.8
mammal	xenopus	SYN_GO0008234	molecular_function	other	56	39	0.6964	63.6
mammal	xenopus	SYN_GO0046982	molecular_function	other	53	44	0.8302	71.8
mammal	xenopus	SYN_GO0141108	molecular_function	other	49	43	0.8776	73.0
mammal	xenopus	SYN_GO0016782	molecular_function	other	47	36	0.766	70.85
mammal	xenopus	SYN_GO0044325	molecular_function	other	45	39	0.8667	76.2
mammal	xenopus	SYN_GO0051213	molecular_function	other	43	35	0.814	67.3
mammal	xenopus	SYN_GO0000287	molecular_function	other	41	30	0.7317	69.05
mammal	xenopus	SYN_GO0032279	cellular_component	other	250	224	0.896	76.5
mammal	xenopus	SYN_GO0014069	cellular_component	other	236	211	0.8941	76.6
mammal	xenopus	SYN_GO1990234	cellular_component	other	220	202	0.9182	75.85
mammal	xenopus	SYN_GO0036126	cellular_component	other	195	119	0.6103	54.7
mammal	xenopus	SYN_GO0035770	cellular_component	other	152	133	0.875	75.8
mammal	xenopus	SYN_GO0150034	cellular_component	other	135	114	0.8444	79.1
mammal	xenopus	SYN_GO0005813	cellular_component	other	125	105	0.84	67.0
mammal	xenopus	SYN_GO0043235	cellular_component	other	120	106	0.8833	68.0
mammal	xenopus	SYN_GO0098685	cellular_component	other	109	101	0.9266	78.9
mammal	xenopus	SYN_GO0097733	cellular_component	other	96	80	0.8333	68.8
mammal	xenopus	SYN_GO0005770	cellular_component	other	90	80	0.8889	72.25
mammal	xenopus	SYN_GO0000775	cellular_component	other	85	64	0.7529	64.2
mammal	xenopus	SYN_GO0005765	cellular_component	other	79	66	0.8354	68.15
mammal	xenopus	SYN_GO0043296	cellular_component	other	72	66	0.9167	64.05
mammal	xenopus	SYN_GO0031594	cellular_component	other	69	63	0.913	73.9
mammal	xenopus	SYN_GO0000792	cellular_component	other	66	52	0.7879	69.65
mammal	xenopus	SYN_GO0048786	cellular_component	other	62	57	0.9194	77.6
mammal	xenopus	SYN_GO0001917	cellular_component	other	57	46	0.807	69.2
mammal	xenopus	SYN_GO0030863	cellular_component	other	53	41	0.7736	74.9
mammal	xenopus	SYN_GO0022625	cellular_component	other	51	46	0.902	93.8
mammal	xenopus	SYN_GO0030135	cellular_component	other	49	46	0.9388	73.0
mammal	xenopus	SYN_GO0045111	cellular_component	other	46	33	0.7174	68.7
mammal	xenopus	SYN_GO0097225	cellular_component	other	43	27	0.6279	69.9
mammal	xenopus	SYN_GO0031461	cellular_component	other	41	37	0.9024	76.3
mammal	yeast	SYN_GO0141187	biological_process	conserved	245	53	0.2163	36.9
mammal	yeast	SYN_GO0044283	biological_process	conserved	215	75	0.3488	39.9
mammal	yeast	SYN_GO0090407	biological_process	conserved	176	69	0.392	45.4
mammal	yeast	SYN_GO0032446	biological_process	conserved	154	12	0.0779	40.0
mammal	yeast	SYN_GO0006281	biological_process	conserved	140	34	0.2429	38.05
mammal	yeast	SYN_GO0006790	biological_process	conserved	131	36	0.2748	46.65
mammal	yeast	SYN_GO0006511	biological_process	conserved	125	17	0.136	41.1
mammal	yeast	SYN_GO0046394	biological_process	conserved	114	35	0.307	37.1
mammal	yeast	SYN_GO0043583	biological_process	specific	246	9	0.0366	32.6
mammal	yeast	SYN_GO0045087	biological_process	specific	216	16	0.0741	39.9
mammal	yeast	SYN_GO0001525	biological_process	specific	185	8	0.0432	35.7
mammal	yeast	SYN_GO0060041	biological_process	specific	162	4	0.0247	37.45
mammal	yeast	SYN_GO0007292	biological_process	specific	146	12	0.0822	36.05
mammal	yeast	SYN_GO0007605	biological_process	specific	134	5	0.0373	35.4
mammal	yeast	SYN_GO0016358	biological_process	specific	123	6	0.0488	43.95
mammal	yeast	SYN_GO0021782	biological_process	specific	115	10	0.087	36.15
mammal	yeast	SYN_GO0098771	biological_process	other	250	18	0.072	37.9
mammal	yeast	SYN_GO0071396	biological_process	other	216	13	0.0602	38.9
mammal	yeast	SYN_GO0098609	biological_process	other	193	1	0.0052	32.0
mammal	yeast	SYN_GO0007005	biological_process	other	174	26	0.1494	38.95
mammal	yeast	SYN_GO0050670	biological_process	other	156	6	0.0385	37.05
mammal	yeast	SYN_GO0046942	biological_process	other	141	16	0.1135	31.2
mammal	yeast	SYN_GO1903311	biological_process	other	126	13	0.1032	39.5
mammal	yeast	SYN_GO0045936	biological_process	other	118	3	0.0254	51.4
mammal	yeast	SYN_GO0009259	biological_process	conserved	102	33	0.3235	49.8
mammal	yeast	SYN_GO0006412	biological_process	conserved	97	63	0.6495	55.9
mammal	yeast	SYN_GO1901293	biological_process	conserved	92	45	0.4891	48.3
mammal	yeast	SYN_GO0019318	biological_process	conserved	84	23	0.2738	49.3
mammal	yeast	SYN_GO0072330	biological_process	conserved	76	17	0.2237	32.9
mammal	yeast	SYN_GO0043161	biological_process	conserved	73	12	0.1644	49.45
mammal	yeast	SYN_GO0072593	biological_process	conserved	69	12	0.1739	45.1
mammal	yeast	SYN_GO0016051	biological_process	conserved	65	22	0.3385	48.6
mammal	yeast	SYN_GO0007498	biological_process	specific	102	3	0.0294	50.0
mammal	yeast	SYN_GO0061008	biological_process	specific	95	10	0.1053	35.25
mammal	yeast	SYN_GO0048588	biological_process	specific	90	3	0.0333	42.6
mammal	yeast	SYN_GO0001704	biological_process	specific	83	3	0.0361	24.5
mammal	yeast	SYN_GO0048663	biological_process	specific	76	1	0.0132	80.1
mammal	yeast	SYN_GO0002062	biological_process	specific	72	1	0.0139	52.3
mammal	yeast	SYN_GO0050885	biological_process	specific	68	5	0.0735	35.4
mammal	yeast	SYN_GO0021695	biological_process	specific	64	7	0.1094	38.9
mammal	yeast	SYN_GO0031345	biological_process	other	103	3	0.0291	56.6
mammal	yeast	SYN_GO0009612	biological_process	other	95	2	0.0211	38.55
mammal	yeast	SYN_GO0030278	biological_process	other	90	3	0.0333	51.2
mammal	yeast	SYN_GO0043409	biological_process	other	83	2	0.0241	33.9
mammal	yeast	SYN_GO0030010	biological_process	other	78	1	0.0128	37.8
mammal	yeast	SYN_GO0035082	biological_process	other	72	0	0.0	
mammal	yeast	SYN_GO0002637	biological_process	other	67	9	0.1343	37.6
mammal	yeast	SYN_GO2000106	biological_process	other	63	3	0.0476	32.9
mammal	yeast	SYN_GO0072523	biological_process	conserved	59	14	0.2373	49.6
mammal	yeast	SYN_GO0009144	biological_process	conserved	55	17	0.3091	52.2
mammal	yeast	SYN_GO0006195	biological_process	conserved	53	14	0.2642	49.6
mammal	yeast	SYN_GO0018212	biological_process	conserved	51	1	0.0196	35.6
mammal	yeast	SYN_GO0001676	biological_process	conserved	48	4	0.0833	31.45
mammal	yeast	SYN_GO0009123	biological_process	conserved	45	21	0.4667	49.8
mammal	yeast	SYN_GO0009308	biological_process	conserved	43	5	0.1163	32.1
mammal	yeast	SYN_GO0001523	biological_process	conserved	41	2	0.0488	48.95
mammal	yeast	SYN_GO0019226	biological_process	specific	60	3	0.05	45.3
mammal	yeast	SYN_GO0035315	biological_process	specific	57	4	0.0702	42.55
mammal	yeast	SYN_GO0008286	biological_process	specific	54	3	0.0556	51.2
mammal	yeast	SYN_GO0045446	biological_process	specific	51	1	0.0196	35.0
mammal	yeast	SYN_GO0035710	biological_process	specific	49	3	0.0612	33.2
mammal	yeast	SYN_GO0007143	biological_process	specific	46	7	0.1522	34.5
mammal	yeast	SYN_GO0003382	biological_process	specific	43	0	0.0	
mammal	yeast	SYN_GO0043491	biological_process	specific	41	1	0.0244	56.6
mammal	yeast	SYN_GO1904375	biological_process	other	60	7	0.1167	36.7
mammal	yeast	SYN_GO0015748	biological_process	other	56	6	0.1071	39.7
mammal	yeast	SYN_GO0042130	biological_process	other	54	2	0.037	37.05
mammal	yeast	SYN_GO0001906	biological_process	other	51	0	0.0	
mammal	yeast	SYN_GO0006282	biological_process	other	48	6	0.125	35.3
mammal	yeast	SYN_GO0031032	biological_process	other	45	4	0.0889	48.05
mammal	yeast	SYN_GO0045682	biological_process	other	43	0	0.0	
mammal	yeast	SYN_GO0032481	biological_process	other	41	5	0.122	28.1
mammal	yeast	SYN_GO0046873	molecular_function	other	247	9	0.0364	33.2
mammal	yeast	SYN_GO0030545	molecular_function	other	192	2	0.0104	28.45
mammal	yeast	SYN_GO0019901	molecular_function	other	179	12	0.067	46.4
mammal	yeast	SYN_GO0042578	molecular_function	other	168	26	0.1548	35.2
mammal	yeast	SYN_GO0019787	molecular_function	other	158	10	0.0633	52.65
mammal	yeast	SYN_GO0016818	molecular_function	other	134	33	0.2463	45.8
mammal	yeast	SYN_GO1901265	molecular_function	other	125	19	0.152	51.9
mammal	yeast	SYN_GO0003779	molecular_function	other	113	7	0.0619	26.9
mammal	yeast	SYN_GO0032555	molecular_function	other	99	15	0.1515	51.6
mammal	yeast	SYN_GO0003729	molecular_function	other	93	9	0.0968	38.9
mammal	yeast	SYN_GO0016829	molecular_function	other	85	23	0.2706	47.0
mammal	yeast	SYN_GO0003713	molecular_function	other	80	4	0.05	30.8
mammal	yeast	SYN_GO0003735	molecular_function	other	77	68	0.8831	61.1
mammal	yeast	SYN_GO0015079	molecular_function	other	71	2	0.0282	35.5
mammal	yeast	SYN_GO0051020	molecular_function	other	67	2	0.0299	35.0
mammal	yeast	SYN_GO0005539	molecular_function	other	64	2	0.0312	40.0
mammal	yeast	SYN_GO0016810	molecular_function	other	59	20	0.339	39.5
mammal	yeast	SYN_GO0008234	molecular_function	other	56	5	0.0893	31.6
mammal	yeast	SYN_GO0046982	molecular_function	other	53	0	0.0	
mammal	yeast	SYN_GO0141108	molecular_function	other	49	6	0.1224	50.4
mammal	yeast	SYN_GO0016782	molecular_function	other	47	3	0.0638	60.0
mammal	yeast	SYN_GO0044325	molecular_function	other	45	4	0.0889	49.25
mammal	yeast	SYN_GO0051213	molecular_function	other	43	3	0.0698	38.5
mammal	yeast	SYN_GO0000287	molecular_function	other	41	6	0.1463	39.2
mammal	yeast	SYN_GO0032279	cellular_component	other	250	16	0.064	40.65
mammal	yeast	SYN_GO0014069	cellular_component	other	236	15	0.0636	43.5
mammal	yeast	SYN_GO1990234	cellular_component	other	220	53	0.2409	36.1
mammal	yeast	SYN_GO0036126	cellular_component	other	195	6	0.0308	47.4
mammal	yeast	SYN_GO0035770	cellular_component	other	152	27	0.1776	53.3
mammal	yeast	SYN_GO0150034	cellular_component	other	135	13	0.0963	45.3
mammal	yeast	SYN_GO0005813	cellular_component	other	125	8	0.064	40.5
mammal	yeast	SYN_GO0043235	cellular_component	other	120	2	0.0167	28.8
mammal	yeast	SYN_GO0098685	cellular_component	other	109	9	0.0826	49.5
mammal	yeast	SYN_GO0097733	cellular_component	other	96	2	0.0208	50.8
mammal	yeast	SYN_GO0005770	cellular_component	other	90	13	0.1444	35.2
mammal	yeast	SYN_GO0000775	cellular_component	other	85	14	0.1647	32.45
mammal	yeast	SYN_GO0005765	cellular_component	other	79	10	0.1266	30.95
mammal	yeast	SYN_GO0043296	cellular_component	other	72	0	0.0	
mammal	yeast	SYN_GO0031594	cellular_component	other	69	2	0.029	35.3
mammal	yeast	SYN_GO0000792	cellular_component	other	66	5	0.0758	49.4
mammal	yeast	SYN_GO0048786	cellular_component	other	62	1	0.0161	22.7
mammal	yeast	SYN_GO0001917	cellular_component	other	57	2	0.0351	40.65
mammal	yeast	SYN_GO0030863	cellular_component	other	53	5	0.0943	37.8
mammal	yeast	SYN_GO0022625	cellular_component	other	51	44	0.8627	58.2
mammal	yeast	SYN_GO0030135	cellular_component	other	49	11	0.2245	35.3
mammal	yeast	SYN_GO0045111	cellular_component	other	46	1	0.0217	72.7
mammal	yeast	SYN_GO0097225	cellular_component	other	43	4	0.093	39.4
mammal	yeast	SYN_GO0031461	cellular_component	other	41	5	0.122	41.1
mammal	zebrafish	SYN_GO0141187	biological_process	conserved	245	205	0.8367	64.8
mammal	zebrafish	SYN_GO0044283	biological_process	conserved	215	184	0.8558	69.1
mammal	zebrafish	SYN_GO0090407	biological_process	conserved	176	155	0.8807	71.4
mammal	zebrafish	SYN_GO0032446	biological_process	conserved	154	124	0.8052	70.05
mammal	zebrafish	SYN_GO0006281	biological_process	conserved	140	118	0.8429	57.25
mammal	zebrafish	SYN_GO0006790	biological_process	conserved	131	109	0.8321	68.8
mammal	zebrafish	SYN_GO0006511	biological_process	conserved	125	106	0.848	76.1
mammal	zebrafish	SYN_GO0046394	biological_process	conserved	114	93	0.8158	70.5
mammal	zebrafish	SYN_GO0043583	biological_process	specific	246	204	0.8293	67.05
mammal	zebrafish	SYN_GO0045087	biological_process	specific	216	128	0.5926	57.35
mammal	zebrafish	SYN_GO0001525	biological_process	specific	185	157	0.8486	64.6
mammal	zebrafish	SYN_GO0060041	biological_process	specific	162	140	0.8642	64.95
mammal	zebrafish	SYN_GO0007292	biological_process	specific	146	106	0.726	56.9
mammal	zebrafish	SYN_GO0007605	biological_process	specific	134	110	0.8209	62.45
mammal	zebrafish	SYN_GO0016358	biological_process	specific	123	108	0.878	68.75
mammal	zebrafish	SYN_GO0021782	biological_process	specific	115	100	0.8696	65.0
mammal	zebrafish	SYN_GO0098771	biological_process	other	250	194	0.776	66.55
mammal	zebrafish	SYN_GO0071396	biological_process	other	216	145	0.6713	66.2
mammal	zebrafish	SYN_GO0098609	biological_process	other	193	140	0.7254	63.2
mammal	zebrafish	SYN_GO0007005	biological_process	other	174	149	0.8563	67.3
mammal	zebrafish	SYN_GO0050670	biological_process	other	156	89	0.5705	56.1
mammal	zebrafish	SYN_GO0046942	biological_process	other	141	117	0.8298	70.0
mammal	zebrafish	SYN_GO1903311	biological_process	other	126	94	0.746	70.3
mammal	zebrafish	SYN_GO0045936	biological_process	other	118	92	0.7797	61.6
mammal	zebrafish	SYN_GO0009259	biological_process	conserved	102	91	0.8922	72.4
mammal	zebrafish	SYN_GO0006412	biological_process	conserved	97	87	0.8969	87.0
mammal	zebrafish	SYN_GO1901293	biological_process	conserved	92	83	0.9022	74.7
mammal	zebrafish	SYN_GO0019318	biological_process	conserved	84	75	0.8929	72.6
mammal	zebrafish	SYN_GO0072330	biological_process	conserved	76	60	0.7895	68.8
mammal	zebrafish	SYN_GO0043161	biological_process	conserved	73	60	0.8219	78.8
mammal	zebrafish	SYN_GO0072593	biological_process	conserved	69	58	0.8406	63.15
mammal	zebrafish	SYN_GO0016051	biological_process	conserved	65	54	0.8308	74.1
mammal	zebrafish	SYN_GO0007498	biological_process	specific	102	79	0.7745	69.4
mammal	zebrafish	SYN_GO0061008	biological_process	specific	95	86	0.9053	60.9
mammal	zebrafish	SYN_GO0048588	biological_process	specific	90	77	0.8556	67.3
mammal	zebrafish	SYN_GO0001704	biological_process	specific	83	63	0.759	69.4
mammal	zebrafish	SYN_GO0048663	biological_process	specific	76	70	0.9211	69.8
mammal	zebrafish	SYN_GO0002062	biological_process	specific	72	57	0.7917	67.5
mammal	zebrafish	SYN_GO0050885	biological_process	specific	68	60	0.8824	67.55
mammal	zebrafish	SYN_GO0021695	biological_process	specific	64	60	0.9375	68.75
mammal	zebrafish	SYN_GO0031345	biological_process	other	103	76	0.7379	68.8
mammal	zebrafish	SYN_GO0009612	biological_process	other	95	79	0.8316	65.5
mammal	zebrafish	SYN_GO0030278	biological_process	other	90	76	0.8444	63.4
mammal	zebrafish	SYN_GO0043409	biological_process	other	83	59	0.7108	64.0
mammal	zebrafish	SYN_GO0030010	biological_process	other	78	65	0.8333	59.6
mammal	zebrafish	SYN_GO0035082	biological_process	other	72	59	0.8194	44.9
mammal	zebrafish	SYN_GO0002637	biological_process	other	67	36	0.5373	52.65
mammal	zebrafish	SYN_GO2000106	biological_process	other	63	41	0.6508	51.7
mammal	zebrafish	SYN_GO0072523	biological_process	conserved	59	51	0.8644	65.8
mammal	zebrafish	SYN_GO0009144	biological_process	conserved	55	47	0.8545	72.4
mammal	zebrafish	SYN_GO0006195	biological_process	conserved	53	47	0.8868	66.6
mammal	zebrafish	SYN_GO0018212	biological_process	conserved	51	38	0.7451	64.55
mammal	zebrafish	SYN_GO0001676	biological_process	conserved	48	31	0.6458	60.2
mammal	zebrafish	SYN_GO0009123	biological_process	conserved	45	43	0.9556	74.0
mammal	zebrafish	SYN_GO0009308	biological_process	conserved	43	39	0.907	69.1
mammal	zebrafish	SYN_GO0001523	biological_process	conserved	41	31	0.7561	64.0
mammal	zebrafish	SYN_GO0019226	biological_process	specific	60	53	0.8833	68.6
mammal	zebrafish	SYN_GO0035315	biological_process	specific	57	48	0.8421	63.75
mammal	zebrafish	SYN_GO0008286	biological_process	specific	54	44	0.8148	65.7
mammal	zebrafish	SYN_GO0045446	biological_process	specific	51	42	0.8235	65.15
mammal	zebrafish	SYN_GO0035710	biological_process	specific	49	30	0.6122	65.05
mammal	zebrafish	SYN_GO0007143	biological_process	specific	46	35	0.7609	53.2
mammal	zebrafish	SYN_GO0003382	biological_process	specific	43	34	0.7907	58.05
mammal	zebrafish	SYN_GO0043491	biological_process	specific	41	35	0.8537	63.5
mammal	zebrafish	SYN_GO1904375	biological_process	other	60	48	0.8	72.4
mammal	zebrafish	SYN_GO0015748	biological_process	other	56	46	0.8214	67.3
mammal	zebrafish	SYN_GO0042130	biological_process	other	54	29	0.537	56.0
mammal	zebrafish	SYN_GO0001906	biological_process	other	51	24	0.4706	62.45
mammal	zebrafish	SYN_GO0006282	biological_process	other	48	37	0.7708	56.5
mammal	zebrafish	SYN_GO0031032	biological_process	other	45	41	0.9111	66.0
mammal	zebrafish	SYN_GO0045682	biological_process	other	43	27	0.6279	65.3
mammal	zebrafish	SYN_GO0032481	biological_process	other	41	23	0.561	46.7
mammal	zebrafish	SYN_GO0046873	molecular_function	other	247	192	0.7773	70.75
mammal	zebrafish	SYN_GO0030545	molecular_function	other	192	95	0.4948	56.3
mammal	zebrafish	SYN_GO0019901	molecular_function	other	179	150	0.838	68.2
mammal	zebrafish	SYN_GO0042578	molecular_function	other	168	137	0.8155	63.5
mammal	zebrafish	SYN_GO0019787	molecular_function	other	158	121	0.7658	69.2
mammal	zebrafish	SYN_GO0016818	molecular_function	other	134	111	0.8284	71.7
mammal	zebrafish	SYN_GO1901265	molecular_function	other	125	96	0.768	71.3
mammal	zebrafish	SYN_GO0003779	molecular_function	other	113	90	0.7965	62.0
mammal	zebrafish	SYN_GO0032555	molecular_function	other	99	76	0.7677	72.5
mammal	zebrafish	SYN_GO0003729	molecular_function	other	93	74	0.7957	70.3
mammal	zebrafish	SYN_GO0016829	molecular_function	other	85	77	0.9059	67.6
mammal	zebrafish	SYN_GO0003713	molecular_function	other	80	62	0.775	60.4
mammal	zebrafish	SYN_GO0003735	molecular_function	other	77	71	0.9221	93.2
mammal	zebrafish	SYN_GO0015079	molecular_function	other	71	57	0.8028	74.5
mammal	zebrafish	SYN_GO0051020	molecular_function	other	67	58	0.8657	62.2
mammal	zebrafish	SYN_GO0005539	molecular_function	other	64	48	0.75	58.6
mammal	zebrafish	SYN_GO0016810	molecular_function	other	59	52	0.8814	67.8
mammal	zebrafish	SYN_GO0008234	molecular_function	other	56	41	0.7321	62.0
mammal	zebrafish	SYN_GO0046982	molecular_function	other	53	46	0.8679	63.45
mammal	zebrafish	SYN_GO0141108	molecular_function	other	49	38	0.7755	70.6
mammal	zebrafish	SYN_GO0016782	molecular_function	other	47	33	0.7021	65.9
mammal	zebrafish	SYN_GO0044325	molecular_function	other	45	37	0.8222	74.0
mammal	zebrafish	SYN_GO0051213	molecular_function	other	43	33	0.7674	65.1
mammal	zebrafish	SYN_GO0000287	molecular_function	other	41	33	0.8049	62.9
mammal	zebrafish	SYN_GO0032279	cellular_component	other	250	219	0.876	69.2
mammal	zebrafish	SYN_GO0014069	cellular_component	other	236	206	0.8729	69.15
mammal	zebrafish	SYN_GO1990234	cellular_component	other	220	197	0.8955	70.2
mammal	zebrafish	SYN_GO0036126	cellular_component	other	195	113	0.5795	49.7
mammal	zebrafish	SYN_GO0035770	cellular_component	other	152	127	0.8355	68.6
mammal	zebrafish	SYN_GO0150034	cellular_component	other	135	113	0.837	72.3
mammal	zebrafish	SYN_GO0005813	cellular_component	other	125	100	0.8	60.85
mammal	zebrafish	SYN_GO0043235	cellular_component	other	120	91	0.7583	66.3
mammal	zebrafish	SYN_GO0098685	cellular_component	other	109	97	0.8899	73.1
mammal	zebrafish	SYN_GO0097733	cellular_component	other	96	77	0.8021	64.5
mammal	zebrafish	SYN_GO0005770	cellular_component	other	90	72	0.8	69.25
mammal	zebrafish	SYN_GO0000775	cellular_component	other	85	61	0.7176	57.3
mammal	zebrafish	SYN_GO0005765	cellular_component	other	79	59	0.7468	65.6
mammal	zebrafish	SYN_GO0043296	cellular_component	other	72	61	0.8472	56.9
mammal	zebrafish	SYN_GO0031594	cellular_component	other	69	61	0.8841	67.0
mammal	zebrafish	SYN_GO0000792	cellular_component	other	66	50	0.7576	61.05
mammal	zebrafish	SYN_GO0048786	cellular_component	other	62	54	0.871	73.35
mammal	zebrafish	SYN_GO0001917	cellular_component	other	57	47	0.8246	65.8
mammal	zebrafish	SYN_GO0030863	cellular_component	other	53	37	0.6981	65.5
mammal	zebrafish	SYN_GO0022625	cellular_component	other	51	44	0.8627	91.55
mammal	zebrafish	SYN_GO0030135	cellular_component	other	49	43	0.8776	68.3
mammal	zebrafish	SYN_GO0045111	cellular_component	other	46	34	0.7391	64.3
mammal	zebrafish	SYN_GO0097225	cellular_component	other	43	27	0.6279	56.5
mammal	zebrafish	SYN_GO0031461	cellular_component	other	41	34	0.8293	75.8
fish	amphioxus	SYN_GO0044238	biological_process	conserved	236	141	0.5975	56.3
fish	amphioxus	SYN_GO0043170	biological_process	conserved	178	108	0.6067	56.2
fish	amphioxus	SYN_GO0009058	biological_process	conserved	146	88	0.6027	55.95
fish	amphioxus	SYN_GO0009059	biological_process	conserved	109	68	0.6239	55.3
fish	amphioxus	SYN_GO0006139	biological_process	conserved	100	68	0.68	55.4
fish	amphioxus	SYN_GO0001568	biological_process	specific	236	78	0.3305	52.0
fish	amphioxus	SYN_GO0090596	biological_process	specific	203	104	0.5123	49.8
fish	amphioxus	SYN_GO0000902	biological_process	specific	186	68	0.3656	50.3
fish	amphioxus	SYN_GO0048871	biological_process	specific	158	79	0.5	54.6
fish	amphioxus	SYN_GO0048705	biological_process	specific	150	62	0.4133	50.9
fish	amphioxus	SYN_GO0007369	biological_process	specific	143	60	0.4196	50.15
fish	amphioxus	SYN_GO0007626	biological_process	specific	131	60	0.458	51.7
fish	amphioxus	SYN_GO0055001	biological_process	specific	120	43	0.3583	50.8
fish	amphioxus	SYN_GO0023051	biological_process	other	244	105	0.4303	51.9
fish	amphioxus	SYN_GO0009889	biological_process	other	225	80	0.3556	52.55
fish	amphioxus	SYN_GO0016477	biological_process	other	212	77	0.3632	48.2
fish	amphioxus	SYN_GO0009605	biological_process	other	193	63	0.3264	52.6
fish	amphioxus	SYN_GO0042221	biological_process	other	170	52	0.3059	47.95
fish	amphioxus	SYN_GO0060271	biological_process	other	145	91	0.6276	50.9
fish	amphioxus	SYN_GO0044419	biological_process	other	124	37	0.2984	50.4
fish	amphioxus	SYN_GO0006355	biological_process	other	115	33	0.287	52.2
fish	amphioxus	SYN_GO0019538	biological_process	conserved	87	51	0.5862	57.6
fish	amphioxus	SYN_GO0090304	biological_process	conserved	86	57	0.6628	55.7
fish	amphioxus	SYN_GO0010467	biological_process	conserved	77	50	0.6494	54.5
fish	amphioxus	SYN_GO0016070	biological_process	conserved	73	50	0.6849	54.8
fish	amphioxus	SYN_GO0034654	biological_process	conserved	64	42	0.6562	53.2
fish	amphioxus	SYN_GO0032774	biological_process	conserved	61	41	0.6721	53.3
fish	amphioxus	SYN_GO0141187	biological_process	conserved	61	41	0.6721	53.3
fish	amphioxus	SYN_GO0048872	biological_process	specific	93	45	0.4839	54.0
fish	amphioxus	SYN_GO0051216	biological_process	specific	91	44	0.4835	51.35
fish	amphioxus	SYN_GO0048882	biological_process	specific	85	32	0.3765	45.95
fish	amphioxus	SYN_GO0001947	biological_process	specific	80	40	0.5	51.8
fish	amphioxus	SYN_GO0046530	biological_process	specific	73	45	0.6164	49.1
fish	amphioxus	SYN_GO0030218	biological_process	specific	70	33	0.4714	53.5
fish	amphioxus	SYN_GO0048609	biological_process	specific	65	19	0.2923	47.9
fish	amphioxus	SYN_GO0035162	biological_process	specific	61	28	0.459	55.25
fish	amphioxus	SYN_GO0060284	biological_process	other	98	34	0.3469	50.5
fish	amphioxus	SYN_GO0070887	biological_process	other	87	26	0.2989	47.7
fish	amphioxus	SYN_GO0043067	biological_process	other	78	36	0.4615	48.75
fish	amphioxus	SYN_GO0008283	biological_process	other	77	26	0.3377	53.55
fish	amphioxus	SYN_GO0030029	biological_process	other	69	23	0.3333	50.5
fish	amphioxus	SYN_GO0030036	biological_process	other	68	23	0.3382	50.5
fish	amphioxus	SYN_GO0023056	biological_process	other	65	30	0.4615	54.05
fish	amphioxus	SYN_GO0033036	biological_process	other	62	31	0.5	51.4
fish	amphioxus	SYN_GO0007049	biological_process	conserved	51	27	0.5294	48.9
fish	amphioxus	SYN_GO0009056	biological_process	conserved	51	34	0.6667	55.35
fish	amphioxus	SYN_GO0044281	biological_process	conserved	45	30	0.6667	58.7
fish	amphioxus	SYN_GO0006629	biological_process	conserved	44	20	0.4545	54.0
fish	amphioxus	SYN_GO0022402	biological_process	conserved	41	22	0.5366	46.8
fish	amphioxus	SYN_GO0006396	biological_process	conserved	41	29	0.7073	53.1
fish	amphioxus	SYN_GO0048881	biological_process	specific	58	22	0.3793	45.8
fish	amphioxus	SYN_GO0001756	biological_process	specific	56	27	0.4821	50.3
fish	amphioxus	SYN_GO0035107	biological_process	specific	52	22	0.4231	49.6
fish	amphioxus	SYN_GO0007600	biological_process	specific	47	19	0.4043	45.4
fish	amphioxus	SYN_GO0070121	biological_process	specific	46	21	0.4565	49.8
fish	amphioxus	SYN_GO0002521	biological_process	specific	45	23	0.5111	49.6
fish	amphioxus	SYN_GO0001775	biological_process	specific	43	21	0.4884	50.1
fish	amphioxus	SYN_GO0048483	biological_process	specific	41	14	0.3415	48.0
fish	amphioxus	SYN_GO0090287	biological_process	other	58	27	0.4655	55.4
fish	amphioxus	SYN_GO0051640	biological_process	other	53	33	0.6226	50.7
fish	amphioxus	SYN_GO0090497	biological_process	other	51	20	0.3922	49.9
fish	amphioxus	SYN_GO0040008	biological_process	other	49	23	0.4694	59.7
fish	amphioxus	SYN_GO0003341	biological_process	other	48	31	0.6458	52.3
fish	amphioxus	SYN_GO0033993	biological_process	other	45	11	0.2444	39.3
fish	amphioxus	SYN_GO0006811	biological_process	other	43	21	0.4884	51.6
fish	amphioxus	SYN_GO1902679	biological_process	other	42	10	0.2381	49.45
fish	amphioxus	SYN_GO0003824	molecular_function	other	237	122	0.5148	53.8
fish	amphioxus	SYN_GO0003676	molecular_function	other	127	31	0.2441	52.5
fish	amphioxus	SYN_GO0016740	molecular_function	other	105	44	0.419	55.85
fish	amphioxus	SYN_GO0005215	molecular_function	other	101	31	0.3069	47.6
fish	amphioxus	SYN_GO0022857	molecular_function	other	99	29	0.2929	47.6
fish	amphioxus	SYN_GO0003677	molecular_function	other	96	19	0.1979	48.4
fish	amphioxus	SYN_GO0038023	molecular_function	other	93	15	0.1613	47.1
fish	amphioxus	SYN_GO0060089	molecular_function	other	93	15	0.1613	47.1
fish	amphioxus	SYN_GO0140110	molecular_function	other	78	21	0.2692	52.2
fish	amphioxus	SYN_GO0140096	molecular_function	other	77	35	0.4545	55.1
fish	amphioxus	SYN_GO0043565	molecular_function	other	72	10	0.1389	53.0
fish	amphioxus	SYN_GO0003700	molecular_function	other	72	16	0.2222	52.35
fish	amphioxus	SYN_GO0004888	molecular_function	other	71	9	0.1268	44.2
fish	amphioxus	SYN_GO0016787	molecular_function	other	68	42	0.6176	49.55
fish	amphioxus	SYN_GO0015075	molecular_function	other	67	22	0.3284	47.4
fish	amphioxus	SYN_GO0036094	molecular_function	other	60	26	0.4333	46.7
fish	amphioxus	SYN_GO0022803	molecular_function	other	59	18	0.3051	49.5
fish	amphioxus	SYN_GO0015267	molecular_function	other	59	18	0.3051	49.5
fish	amphioxus	SYN_GO0004930	molecular_function	other	56	8	0.1429	43.25
fish	amphioxus	SYN_GO0005216	molecular_function	other	51	18	0.3529	49.5
fish	amphioxus	SYN_GO0008324	molecular_function	other	48	16	0.3333	45.6
fish	amphioxus	SYN_GO0022836	molecular_function	other	45	14	0.3111	49.85
fish	amphioxus	SYN_GO0043167	molecular_function	other	44	20	0.4545	47.3
fish	amphioxus	SYN_GO0000981	molecular_function	other	44	9	0.2045	53.5
fish	amphioxus	SYN_GO0043227	cellular_component	other	236	118	0.5	50.75
fish	amphioxus	SYN_GO0005737	cellular_component	other	220	92	0.4182	50.3
fish	amphioxus	SYN_GO0043231	cellular_component	other	191	88	0.4607	52.0
fish	amphioxus	SYN_GO0016020	cellular_component	other	168	65	0.3869	47.6
fish	amphioxus	SYN_GO0071944	cellular_component	other	137	49	0.3577	49.8
fish	amphioxus	SYN_GO0005886	cellular_component	other	134	49	0.3657	49.8
fish	amphioxus	SYN_GO0005634	cellular_component	other	124	53	0.4274	52.9
fish	amphioxus	SYN_GO0043228	cellular_component	other	96	38	0.3958	50.8
fish	amphioxus	SYN_GO0043232	cellular_component	other	96	38	0.3958	50.8
fish	amphioxus	SYN_GO0032991	cellular_component	other	70	28	0.4	60.65
fish	amphioxus	SYN_GO0042995	cellular_component	other	57	35	0.614	47.9
fish	amphioxus	SYN_GO0120025	cellular_component	other	57	35	0.614	47.9
fish	amphioxus	SYN_GO0005929	cellular_component	other	47	31	0.6596	46.6
fish	amphioxus	SYN_GO0012505	cellular_component	other	47	20	0.4255	49.35
fish	amphioxus	SYN_GO0005856	cellular_component	other	40	18	0.45	48.85
fish	astyanax	SYN_GO0044238	biological_process	conserved	236	216	0.9153	80.95
fish	astyanax	SYN_GO0043170	biological_process	conserved	178	163	0.9157	80.4
fish	astyanax	SYN_GO0009058	biological_process	conserved	146	130	0.8904	80.95
fish	astyanax	SYN_GO0009059	biological_process	conserved	109	97	0.8899	81.1
fish	astyanax	SYN_GO0006139	biological_process	conserved	100	92	0.92	79.45
fish	astyanax	SYN_GO0001568	biological_process	specific	236	205	0.8686	79.5
fish	astyanax	SYN_GO0090596	biological_process	specific	203	180	0.8867	80.1
fish	astyanax	SYN_GO0000902	biological_process	specific	186	158	0.8495	81.75
fish	astyanax	SYN_GO0048871	biological_process	specific	158	132	0.8354	78.55
fish	astyanax	SYN_GO0048705	biological_process	specific	150	132	0.88	80.45
fish	astyanax	SYN_GO0007369	biological_process	specific	143	134	0.9371	79.2
fish	astyanax	SYN_GO0007626	biological_process	specific	131	118	0.9008	78.9
fish	astyanax	SYN_GO0055001	biological_process	specific	120	99	0.825	81.1
fish	astyanax	SYN_GO0023051	biological_process	other	244	223	0.9139	80.8
fish	astyanax	SYN_GO0009889	biological_process	other	225	193	0.8578	77.8
fish	astyanax	SYN_GO0016477	biological_process	other	212	193	0.9104	79.0
fish	astyanax	SYN_GO0009605	biological_process	other	193	158	0.8187	74.8
fish	astyanax	SYN_GO0042221	biological_process	other	170	132	0.7765	75.8
fish	astyanax	SYN_GO0060271	biological_process	other	145	137	0.9448	77.0
fish	astyanax	SYN_GO0044419	biological_process	other	124	95	0.7661	66.9
fish	astyanax	SYN_GO0006355	biological_process	other	115	98	0.8522	77.55
fish	astyanax	SYN_GO0019538	biological_process	conserved	87	80	0.9195	82.5
fish	astyanax	SYN_GO0090304	biological_process	conserved	86	79	0.9186	79.1
fish	astyanax	SYN_GO0010467	biological_process	conserved	77	69	0.8961	79.2
fish	astyanax	SYN_GO0016070	biological_process	conserved	73	66	0.9041	79.1
fish	astyanax	SYN_GO0034654	biological_process	conserved	64	56	0.875	80.55
fish	astyanax	SYN_GO0032774	biological_process	conserved	61	54	0.8852	79.1
fish	astyanax	SYN_GO0141187	biological_process	conserved	61	54	0.8852	79.1
fish	astyanax	SYN_GO0048872	biological_process	specific	93	75	0.8065	78.3
fish	astyanax	SYN_GO0051216	biological_process	specific	91	81	0.8901	80.9
fish	astyanax	SYN_GO0048882	biological_process	specific	85	80	0.9412	82.85
fish	astyanax	SYN_GO0001947	biological_process	specific	80	71	0.8875	79.0
fish	astyanax	SYN_GO0046530	biological_process	specific	73	66	0.9041	77.0
fish	astyanax	SYN_GO0030218	biological_process	specific	70	55	0.7857	77.0
fish	astyanax	SYN_GO0048609	biological_process	specific	65	57	0.8769	72.8
fish	astyanax	SYN_GO0035162	biological_process	specific	61	54	0.8852	80.75
fish	astyanax	SYN_GO0060284	biological_process	other	98	90	0.9184	78.85
fish	astyanax	SYN_GO0070887	biological_process	other	87	74	0.8506	76.55
fish	astyanax	SYN_GO0043067	biological_process	other	78	67	0.859	78.8
fish	astyanax	SYN_GO0008283	biological_process	other	77	69	0.8961	80.1
fish	astyanax	SYN_GO0030029	biological_process	other	69	52	0.7536	81.1
fish	astyanax	SYN_GO0030036	biological_process	other	68	52	0.7647	81.1
fish	astyanax	SYN_GO0023056	biological_process	other	65	57	0.8769	80.2
fish	astyanax	SYN_GO0033036	biological_process	other	62	58	0.9355	78.15
fish	astyanax	SYN_GO0007049	biological_process	conserved	51	48	0.9412	74.45
fish	astyanax	SYN_GO0009056	biological_process	conserved	51	49	0.9608	82.0
fish	astyanax	SYN_GO0044281	biological_process	conserved	45	43	0.9556	83.2
fish	astyanax	SYN_GO0006629	biological_process	conserved	44	40	0.9091	78.4
fish	astyanax	SYN_GO0022402	biological_process	conserved	41	39	0.9512	75.1
fish	astyanax	SYN_GO0006396	biological_process	conserved	41	39	0.9512	78.5
fish	astyanax	SYN_GO0048881	biological_process	specific	58	55	0.9483	81.7
fish	astyanax	SYN_GO0001756	biological_process	specific	56	50	0.8929	82.45
fish	astyanax	SYN_GO0035107	biological_process	specific	52	44	0.8462	81.3
fish	astyanax	SYN_GO0007600	biological_process	specific	47	38	0.8085	82.8
fish	astyanax	SYN_GO0070121	biological_process	specific	46	38	0.8261	81.65
fish	astyanax	SYN_GO0002521	biological_process	specific	45	42	0.9333	76.25
fish	astyanax	SYN_GO0001775	biological_process	specific	43	39	0.907	76.0
fish	astyanax	SYN_GO0048483	biological_process	specific	41	39	0.9512	81.2
fish	astyanax	SYN_GO0090287	biological_process	other	58	52	0.8966	81.25
fish	astyanax	SYN_GO0051640	biological_process	other	53	48	0.9057	78.5
fish	astyanax	SYN_GO0090497	biological_process	other	51	45	0.8824	79.0
fish	astyanax	SYN_GO0040008	biological_process	other	49	45	0.9184	80.4
fish	astyanax	SYN_GO0003341	biological_process	other	48	44	0.9167	69.75
fish	astyanax	SYN_GO0033993	biological_process	other	45	32	0.7111	73.75
fish	astyanax	SYN_GO0006811	biological_process	other	43	31	0.7209	76.5
fish	astyanax	SYN_GO1902679	biological_process	other	42	36	0.8571	75.8
fish	astyanax	SYN_GO0003824	molecular_function	other	237	207	0.8734	78.1
fish	astyanax	SYN_GO0003676	molecular_function	other	127	111	0.874	79.9
fish	astyanax	SYN_GO0016740	molecular_function	other	105	88	0.8381	82.2
fish	astyanax	SYN_GO0005215	molecular_function	other	101	81	0.802	79.8
fish	astyanax	SYN_GO0022857	molecular_function	other	99	79	0.798	79.8
fish	astyanax	SYN_GO0003677	molecular_function	other	96	84	0.875	77.4
fish	astyanax	SYN_GO0038023	molecular_function	other	93	72	0.7742	77.4
fish	astyanax	SYN_GO0060089	molecular_function	other	93	72	0.7742	77.4
fish	astyanax	SYN_GO0140110	molecular_function	other	78	63	0.8077	76.7
fish	astyanax	SYN_GO0140096	molecular_function	other	77	69	0.8961	81.3
fish	astyanax	SYN_GO0043565	molecular_function	other	72	66	0.9167	76.85
fish	astyanax	SYN_GO0003700	molecular_function	other	72	57	0.7917	74.7
fish	astyanax	SYN_GO0004888	molecular_function	other	71	59	0.831	76.3
fish	astyanax	SYN_GO0016787	molecular_function	other	68	60	0.8824	76.25
fish	astyanax	SYN_GO0015075	molecular_function	other	67	54	0.806	81.3
fish	astyanax	SYN_GO0036094	molecular_function	other	60	46	0.7667	76.2
fish	astyanax	SYN_GO0022803	molecular_function	other	59	47	0.7966	82.8
fish	astyanax	SYN_GO0015267	molecular_function	other	59	47	0.7966	82.8
fish	astyanax	SYN_GO0004930	molecular_function	other	56	44	0.7857	75.7
fish	astyanax	SYN_GO0005216	molecular_function	other	51	40	0.7843	82.85
fish	astyanax	SYN_GO0008324	molecular_function	other	48	39	0.8125	81.1
fish	astyanax	SYN_GO0022836	molecular_function	other	45	35	0.7778	85.2
fish	astyanax	SYN_GO0043167	molecular_function	other	44	38	0.8636	76.55
fish	astyanax	SYN_GO0000981	molecular_function	other	44	33	0.75	73.5
fish	astyanax	SYN_GO0043227	cellular_component	other	236	205	0.8686	77.9
fish	astyanax	SYN_GO0005737	cellular_component	other	220	188	0.8545	77.3
fish	astyanax	SYN_GO0043231	cellular_component	other	191	165	0.8639	79.2
fish	astyanax	SYN_GO0016020	cellular_component	other	168	149	0.8869	79.7
fish	astyanax	SYN_GO0071944	cellular_component	other	137	124	0.9051	79.8
fish	astyanax	SYN_GO0005886	cellular_component	other	134	122	0.9104	79.8
fish	astyanax	SYN_GO0005634	cellular_component	other	124	105	0.8468	77.7
fish	astyanax	SYN_GO0043228	cellular_component	other	96	88	0.9167	73.75
fish	astyanax	SYN_GO0043232	cellular_component	other	96	88	0.9167	73.75
fish	astyanax	SYN_GO0032991	cellular_component	other	70	60	0.8571	80.45
fish	astyanax	SYN_GO0042995	cellular_component	other	57	51	0.8947	68.6
fish	astyanax	SYN_GO0120025	cellular_component	other	57	51	0.8947	68.6
fish	astyanax	SYN_GO0005929	cellular_component	other	47	42	0.8936	68.35
fish	astyanax	SYN_GO0012505	cellular_component	other	47	41	0.8723	80.0
fish	astyanax	SYN_GO0005856	cellular_component	other	40	37	0.925	68.9
fish	carp	SYN_GO0044238	biological_process	conserved	236	227	0.9619	90.9
fish	carp	SYN_GO0043170	biological_process	conserved	178	172	0.9663	91.1
fish	carp	SYN_GO0009058	biological_process	conserved	146	141	0.9658	91.5
fish	carp	SYN_GO0009059	biological_process	conserved	109	105	0.9633	91.3
fish	carp	SYN_GO0006139	biological_process	conserved	100	94	0.94	90.25
fish	carp	SYN_GO0001568	biological_process	specific	236	219	0.928	90.6
fish	carp	SYN_GO0090596	biological_process	specific	203	189	0.931	90.1
fish	carp	SYN_GO0000902	biological_process	specific	186	175	0.9409	90.3
fish	carp	SYN_GO0048871	biological_process	specific	158	150	0.9494	89.3
fish	carp	SYN_GO0048705	biological_process	specific	150	142	0.9467	90.55
fish	carp	SYN_GO0007369	biological_process	specific	143	140	0.979	90.55
fish	carp	SYN_GO0007626	biological_process	specific	131	131	1.0	89.4
fish	carp	SYN_GO0055001	biological_process	specific	120	117	0.975	90.6
fish	carp	SYN_GO0023051	biological_process	other	244	236	0.9672	90.85
fish	carp	SYN_GO0009889	biological_process	other	225	218	0.9689	89.6
fish	carp	SYN_GO0016477	biological_process	other	212	207	0.9764	89.8
fish	carp	SYN_GO0009605	biological_process	other	193	173	0.8964	87.3
fish	carp	SYN_GO0042221	biological_process	other	170	156	0.9176	87.55
fish	carp	SYN_GO0060271	biological_process	other	145	141	0.9724	88.4
fish	carp	SYN_GO0044419	biological_process	other	124	107	0.8629	82.0
fish	carp	SYN_GO0006355	biological_process	other	115	113	0.9826	91.3
fish	carp	SYN_GO0019538	biological_process	conserved	87	85	0.977	91.9
fish	carp	SYN_GO0090304	biological_process	conserved	86	81	0.9419	90.1
fish	carp	SYN_GO0010467	biological_process	conserved	77	73	0.9481	90.2
fish	carp	SYN_GO0016070	biological_process	conserved	73	70	0.9589	89.9
fish	carp	SYN_GO0034654	biological_process	conserved	64	60	0.9375	90.65
fish	carp	SYN_GO0032774	biological_process	conserved	61	58	0.9508	89.9
fish	carp	SYN_GO0141187	biological_process	conserved	61	58	0.9508	89.9
fish	carp	SYN_GO0048872	biological_process	specific	93	89	0.957	89.1
fish	carp	SYN_GO0051216	biological_process	specific	91	89	0.978	91.7
fish	carp	SYN_GO0048882	biological_process	specific	85	83	0.9765	91.9
fish	carp	SYN_GO0001947	biological_process	specific	80	77	0.9625	89.7
fish	carp	SYN_GO0046530	biological_process	specific	73	65	0.8904	87.9
fish	carp	SYN_GO0030218	biological_process	specific	70	68	0.9714	89.0
fish	carp	SYN_GO0048609	biological_process	specific	65	62	0.9538	83.8
fish	carp	SYN_GO0035162	biological_process	specific	61	59	0.9672	91.1
fish	carp	SYN_GO0060284	biological_process	other	98	98	1.0	88.7
fish	carp	SYN_GO0070887	biological_process	other	87	80	0.9195	87.9
fish	carp	SYN_GO0043067	biological_process	other	78	75	0.9615	88.4
fish	carp	SYN_GO0008283	biological_process	other	77	75	0.974	91.1
fish	carp	SYN_GO0030029	biological_process	other	69	64	0.9275	89.4
fish	carp	SYN_GO0030036	biological_process	other	68	63	0.9265	89.3
fish	carp	SYN_GO0023056	biological_process	other	65	63	0.9692	90.1
fish	carp	SYN_GO0033036	biological_process	other	62	59	0.9516	88.9
fish	carp	SYN_GO0007049	biological_process	conserved	51	50	0.9804	86.65
fish	carp	SYN_GO0009056	biological_process	conserved	51	51	1.0	89.6
fish	carp	SYN_GO0044281	biological_process	conserved	45	44	0.9778	91.5
fish	carp	SYN_GO0006629	biological_process	conserved	44	42	0.9545	90.05
fish	carp	SYN_GO0022402	biological_process	conserved	41	41	1.0	86.9
fish	carp	SYN_GO0006396	biological_process	conserved	41	38	0.9268	87.0
fish	carp	SYN_GO0048881	biological_process	specific	58	57	0.9828	92.4
fish	carp	SYN_GO0001756	biological_process	specific	56	53	0.9464	92.5
fish	carp	SYN_GO0035107	biological_process	specific	52	48	0.9231	91.4
fish	carp	SYN_GO0007600	biological_process	specific	47	43	0.9149	90.6
fish	carp	SYN_GO0070121	biological_process	specific	46	44	0.9565	90.95
fish	carp	SYN_GO0002521	biological_process	specific	45	43	0.9556	88.3
fish	carp	SYN_GO0001775	biological_process	specific	43	39	0.907	89.4
fish	carp	SYN_GO0048483	biological_process	specific	41	40	0.9756	91.55
fish	carp	SYN_GO0090287	biological_process	other	58	56	0.9655	92.3
fish	carp	SYN_GO0051640	biological_process	other	53	51	0.9623	89.2
fish	carp	SYN_GO0090497	biological_process	other	51	50	0.9804	89.3
fish	carp	SYN_GO0040008	biological_process	other	49	48	0.9796	90.95
fish	carp	SYN_GO0003341	biological_process	other	48	47	0.9792	82.7
fish	carp	SYN_GO0033993	biological_process	other	45	40	0.8889	84.25
fish	carp	SYN_GO0006811	biological_process	other	43	41	0.9535	87.8
fish	carp	SYN_GO1902679	biological_process	other	42	42	1.0	91.95
fish	carp	SYN_GO0003824	molecular_function	other	237	222	0.9367	88.8
fish	carp	SYN_GO0003676	molecular_function	other	127	125	0.9843	91.0
fish	carp	SYN_GO0016740	molecular_function	other	105	93	0.8857	89.7
fish	carp	SYN_GO0005215	molecular_function	other	101	96	0.9505	88.55
fish	carp	SYN_GO0022857	molecular_function	other	99	94	0.9495	88.55
fish	carp	SYN_GO0003677	molecular_function	other	96	96	1.0	90.8
fish	carp	SYN_GO0038023	molecular_function	other	93	87	0.9355	89.8
fish	carp	SYN_GO0060089	molecular_function	other	93	87	0.9355	89.8
fish	carp	SYN_GO0140110	molecular_function	other	78	76	0.9744	91.0
fish	carp	SYN_GO0140096	molecular_function	other	77	73	0.9481	88.7
fish	carp	SYN_GO0043565	molecular_function	other	72	72	1.0	90.6
fish	carp	SYN_GO0003700	molecular_function	other	72	70	0.9722	90.45
fish	carp	SYN_GO0004888	molecular_function	other	71	65	0.9155	88.1
fish	carp	SYN_GO0016787	molecular_function	other	68	66	0.9706	87.3
fish	carp	SYN_GO0015075	molecular_function	other	67	65	0.9701	89.1
fish	carp	SYN_GO0036094	molecular_function	other	60	54	0.9	89.05
fish	carp	SYN_GO0022803	molecular_function	other	59	58	0.9831	89.9
fish	carp	SYN_GO0015267	molecular_function	other	59	58	0.9831	89.9
fish	carp	SYN_GO0004930	molecular_function	other	56	51	0.9107	88.5
fish	carp	SYN_GO0005216	molecular_function	other	51	51	1.0	89.9
fish	carp	SYN_GO0008324	molecular_function	other	48	47	0.9792	88.2
fish	carp	SYN_GO0022836	molecular_function	other	45	44	0.9778	89.9
fish	carp	SYN_GO0043167	molecular_function	other	44	42	0.9545	89.05
fish	carp	SYN_GO0000981	molecular_function	other	44	43	0.9773	89.2
fish	carp	SYN_GO0043227	cellular_component	other	236	222	0.9407	88.85
fish	carp	SYN_GO0005737	cellular_component	other	220	205	0.9318	88.4
fish	carp	SYN_GO0043231	cellular_component	other	191	181	0.9476	89.3
fish	carp	SYN_GO0016020	cellular_component	other	168	162	0.9643	89.8
fish	carp	SYN_GO0071944	cellular_component	other	137	132	0.9635	90.2
fish	carp	SYN_GO0005886	cellular_component	other	134	129	0.9627	90.4
fish	carp	SYN_GO0005634	cellular_component	other	124	118	0.9516	89.25
fish	carp	SYN_GO0043228	cellular_component	other	96	93	0.9688	85.4
fish	carp	SYN_GO0043232	cellular_component	other	96	93	0.9688	85.4
fish	carp	SYN_GO0032991	cellular_component	other	70	66	0.9429	88.9
fish	carp	SYN_GO0042995	cellular_component	other	57	53	0.9298	86.1
fish	carp	SYN_GO0120025	cellular_component	other	57	53	0.9298	86.1
fish	carp	SYN_GO0005929	cellular_component	other	47	43	0.9149	85.6
fish	carp	SYN_GO0012505	cellular_component	other	47	46	0.9787	88.65
fish	carp	SYN_GO0005856	cellular_component	other	40	38	0.95	86.05
fish	celegans	SYN_GO0044238	biological_process	conserved	236	90	0.3814	41.55
fish	celegans	SYN_GO0043170	biological_process	conserved	178	69	0.3876	43.9
fish	celegans	SYN_GO0009058	biological_process	conserved	146	50	0.3425	43.15
fish	celegans	SYN_GO0009059	biological_process	conserved	109	41	0.3761	44.3
fish	celegans	SYN_GO0006139	biological_process	conserved	100	46	0.46	40.2
fish	celegans	SYN_GO0001568	biological_process	specific	236	38	0.161	36.95
fish	celegans	SYN_GO0090596	biological_process	specific	203	42	0.2069	35.25
fish	celegans	SYN_GO0000902	biological_process	specific	186	39	0.2097	37.9
fish	celegans	SYN_GO0048871	biological_process	specific	158	46	0.2911	39.6
fish	celegans	SYN_GO0048705	biological_process	specific	150	31	0.2067	40.0
fish	celegans	SYN_GO0007369	biological_process	specific	143	26	0.1818	35.05
fish	celegans	SYN_GO0007626	biological_process	specific	131	38	0.2901	41.35
fish	celegans	SYN_GO0055001	biological_process	specific	120	22	0.1833	51.0
fish	celegans	SYN_GO0023051	biological_process	other	244	40	0.1639	38.05
fish	celegans	SYN_GO0009889	biological_process	other	225	40	0.1778	44.35
fish	celegans	SYN_GO0016477	biological_process	other	212	31	0.1462	42.0
fish	celegans	SYN_GO0009605	biological_process	other	193	30	0.1554	46.1
fish	celegans	SYN_GO0042221	biological_process	other	170	28	0.1647	42.8
fish	celegans	SYN_GO0060271	biological_process	other	145	46	0.3172	38.25
fish	celegans	SYN_GO0044419	biological_process	other	124	17	0.1371	46.7
fish	celegans	SYN_GO0006355	biological_process	other	115	13	0.113	39.2
fish	celegans	SYN_GO0019538	biological_process	conserved	87	33	0.3793	44.3
fish	celegans	SYN_GO0090304	biological_process	conserved	86	39	0.4535	41.6
fish	celegans	SYN_GO0010467	biological_process	conserved	77	33	0.4286	43.9
fish	celegans	SYN_GO0016070	biological_process	conserved	73	34	0.4658	44.15
fish	celegans	SYN_GO0034654	biological_process	conserved	64	29	0.4531	40.2
fish	celegans	SYN_GO0032774	biological_process	conserved	61	28	0.459	40.9
fish	celegans	SYN_GO0141187	biological_process	conserved	61	28	0.459	40.9
fish	celegans	SYN_GO0048872	biological_process	specific	93	31	0.3333	39.7
fish	celegans	SYN_GO0051216	biological_process	specific	91	19	0.2088	41.2
fish	celegans	SYN_GO0048882	biological_process	specific	85	12	0.1412	40.85
fish	celegans	SYN_GO0001947	biological_process	specific	80	10	0.125	41.75
fish	celegans	SYN_GO0046530	biological_process	specific	73	20	0.274	38.25
fish	celegans	SYN_GO0030218	biological_process	specific	70	19	0.2714	41.1
fish	celegans	SYN_GO0048609	biological_process	specific	65	9	0.1385	30.0
fish	celegans	SYN_GO0035162	biological_process	specific	61	11	0.1803	39.2
fish	celegans	SYN_GO0060284	biological_process	other	98	18	0.1837	33.9
fish	celegans	SYN_GO0070887	biological_process	other	87	13	0.1494	39.4
fish	celegans	SYN_GO0043067	biological_process	other	78	16	0.2051	36.65
fish	celegans	SYN_GO0008283	biological_process	other	77	15	0.1948	35.9
fish	celegans	SYN_GO0030029	biological_process	other	69	16	0.2319	44.3
fish	celegans	SYN_GO0030036	biological_process	other	68	16	0.2353	44.3
fish	celegans	SYN_GO0023056	biological_process	other	65	10	0.1538	49.15
fish	celegans	SYN_GO0033036	biological_process	other	62	20	0.3226	36.4
fish	celegans	SYN_GO0007049	biological_process	conserved	51	15	0.2941	34.0
fish	celegans	SYN_GO0009056	biological_process	conserved	51	24	0.4706	40.5
fish	celegans	SYN_GO0044281	biological_process	conserved	45	14	0.3111	40.65
fish	celegans	SYN_GO0006629	biological_process	conserved	44	9	0.2045	39.8
fish	celegans	SYN_GO0022402	biological_process	conserved	41	13	0.3171	34.0
fish	celegans	SYN_GO0006396	biological_process	conserved	41	22	0.5366	40.9
fish	celegans	SYN_GO0048881	biological_process	specific	58	5	0.0862	37.4
fish	celegans	SYN_GO0001756	biological_process	specific	56	7	0.125	36.5
fish	celegans	SYN_GO0035107	biological_process	specific	52	4	0.0769	31.8
fish	celegans	SYN_GO0007600	biological_process	specific	47	5	0.1064	44.2
fish	celegans	SYN_GO0070121	biological_process	specific	46	13	0.2826	36.8
fish	celegans	SYN_GO0002521	biological_process	specific	45	9	0.2	54.6
fish	celegans	SYN_GO0001775	biological_process	specific	43	10	0.2326	40.6
fish	celegans	SYN_GO0048483	biological_process	specific	41	7	0.1707	34.9
fish	celegans	SYN_GO0090287	biological_process	other	58	7	0.1207	45.5
fish	celegans	SYN_GO0051640	biological_process	other	53	19	0.3585	37.4
fish	celegans	SYN_GO0090497	biological_process	other	51	7	0.1373	42.3
fish	celegans	SYN_GO0040008	biological_process	other	49	15	0.3061	39.4
fish	celegans	SYN_GO0003341	biological_process	other	48	7	0.1458	48.4
fish	celegans	SYN_GO0033993	biological_process	other	45	0	0.0	
fish	celegans	SYN_GO0006811	biological_process	other	43	11	0.2558	35.1
fish	celegans	SYN_GO1902679	biological_process	other	42	6	0.1429	48.85
fish	celegans	SYN_GO0003824	molecular_function	other	237	67	0.2827	41.4
fish	celegans	SYN_GO0003676	molecular_function	other	127	14	0.1102	34.35
fish	celegans	SYN_GO0016740	molecular_function	other	105	23	0.219	45.9
fish	celegans	SYN_GO0005215	molecular_function	other	101	16	0.1584	36.05
fish	celegans	SYN_GO0022857	molecular_function	other	99	15	0.1515	35.1
fish	celegans	SYN_GO0003677	molecular_function	other	96	8	0.0833	31.1
fish	celegans	SYN_GO0038023	molecular_function	other	93	6	0.0645	32.5
fish	celegans	SYN_GO0060089	molecular_function	other	93	6	0.0645	32.5
fish	celegans	SYN_GO0140110	molecular_function	other	78	6	0.0769	29.9
fish	celegans	SYN_GO0140096	molecular_function	other	77	21	0.2727	38.9
fish	celegans	SYN_GO0043565	molecular_function	other	72	4	0.0556	30.25
fish	celegans	SYN_GO0003700	molecular_function	other	72	4	0.0556	29.9
fish	celegans	SYN_GO0004888	molecular_function	other	71	5	0.0704	32.0
fish	celegans	SYN_GO0016787	molecular_function	other	68	23	0.3382	38.9
fish	celegans	SYN_GO0015075	molecular_function	other	67	12	0.1791	34.65
fish	celegans	SYN_GO0036094	molecular_function	other	60	11	0.1833	31.2
fish	celegans	SYN_GO0022803	molecular_function	other	59	9	0.1525	34.2
fish	celegans	SYN_GO0015267	molecular_function	other	59	9	0.1525	34.2
fish	celegans	SYN_GO0004930	molecular_function	other	56	4	0.0714	31.85
fish	celegans	SYN_GO0005216	molecular_function	other	51	9	0.1765	34.2
fish	celegans	SYN_GO0008324	molecular_function	other	48	7	0.1458	30.7
fish	celegans	SYN_GO0022836	molecular_function	other	45	7	0.1556	34.2
fish	celegans	SYN_GO0043167	molecular_function	other	44	8	0.1818	36.65
fish	celegans	SYN_GO0000981	molecular_function	other	44	3	0.0682	29.3
fish	celegans	SYN_GO0043227	cellular_component	other	236	55	0.2331	39.8
fish	celegans	SYN_GO0005737	cellular_component	other	220	45	0.2045	37.5
fish	celegans	SYN_GO0043231	cellular_component	other	191	44	0.2304	39.5
fish	celegans	SYN_GO0016020	cellular_component	other	168	26	0.1548	30.4
fish	celegans	SYN_GO0071944	cellular_component	other	137	17	0.1241	31.1
fish	celegans	SYN_GO0005886	cellular_component	other	134	16	0.1194	30.9
fish	celegans	SYN_GO0005634	cellular_component	other	124	28	0.2258	41.95
fish	celegans	SYN_GO0043228	cellular_component	other	96	17	0.1771	37.5
fish	celegans	SYN_GO0043232	cellular_component	other	96	17	0.1771	37.5
fish	celegans	SYN_GO0032991	cellular_component	other	70	11	0.1571	49.3
fish	celegans	SYN_GO0042995	cellular_component	other	57	12	0.2105	39.25
fish	celegans	SYN_GO0120025	cellular_component	other	57	12	0.2105	39.25
fish	celegans	SYN_GO0005929	cellular_component	other	47	11	0.234	41.0
fish	celegans	SYN_GO0012505	cellular_component	other	47	11	0.234	32.0
fish	celegans	SYN_GO0005856	cellular_component	other	40	8	0.2	40.8
fish	chicken	SYN_GO0044238	biological_process	conserved	236	181	0.7669	69.6
fish	chicken	SYN_GO0043170	biological_process	conserved	178	137	0.7697	69.4
fish	chicken	SYN_GO0009058	biological_process	conserved	146	110	0.7534	69.4
fish	chicken	SYN_GO0009059	biological_process	conserved	109	81	0.7431	69.4
fish	chicken	SYN_GO0006139	biological_process	conserved	100	81	0.81	69.5
fish	chicken	SYN_GO0001568	biological_process	specific	236	157	0.6653	69.0
fish	chicken	SYN_GO0090596	biological_process	specific	203	150	0.7389	69.65
fish	chicken	SYN_GO0000902	biological_process	specific	186	120	0.6452	69.75
fish	chicken	SYN_GO0048871	biological_process	specific	158	107	0.6772	68.9
fish	chicken	SYN_GO0048705	biological_process	specific	150	107	0.7133	70.5
fish	chicken	SYN_GO0007369	biological_process	specific	143	98	0.6853	66.15
fish	chicken	SYN_GO0007626	biological_process	specific	131	87	0.6641	69.6
fish	chicken	SYN_GO0055001	biological_process	specific	120	70	0.5833	70.4
fish	chicken	SYN_GO0023051	biological_process	other	244	174	0.7131	66.8
fish	chicken	SYN_GO0009889	biological_process	other	225	140	0.6222	68.9
fish	chicken	SYN_GO0016477	biological_process	other	212	147	0.6934	64.1
fish	chicken	SYN_GO0009605	biological_process	other	193	106	0.5492	65.1
fish	chicken	SYN_GO0042221	biological_process	other	170	90	0.5294	66.05
fish	chicken	SYN_GO0060271	biological_process	other	145	104	0.7172	63.65
fish	chicken	SYN_GO0044419	biological_process	other	124	60	0.4839	58.25
fish	chicken	SYN_GO0006355	biological_process	other	115	71	0.6174	70.9
fish	chicken	SYN_GO0019538	biological_process	conserved	87	65	0.7471	71.0
fish	chicken	SYN_GO0090304	biological_process	conserved	86	70	0.814	68.35
fish	chicken	SYN_GO0010467	biological_process	conserved	77	59	0.7662	69.1
fish	chicken	SYN_GO0016070	biological_process	conserved	73	58	0.7945	69.35
fish	chicken	SYN_GO0034654	biological_process	conserved	64	48	0.75	69.8
fish	chicken	SYN_GO0032774	biological_process	conserved	61	46	0.7541	69.4
fish	chicken	SYN_GO0141187	biological_process	conserved	61	46	0.7541	69.4
fish	chicken	SYN_GO0048872	biological_process	specific	93	61	0.6559	68.6
fish	chicken	SYN_GO0051216	biological_process	specific	91	71	0.7802	71.4
fish	chicken	SYN_GO0048882	biological_process	specific	85	61	0.7176	72.8
fish	chicken	SYN_GO0001947	biological_process	specific	80	53	0.6625	66.5
fish	chicken	SYN_GO0046530	biological_process	specific	73	52	0.7123	65.15
fish	chicken	SYN_GO0030218	biological_process	specific	70	45	0.6429	68.7
fish	chicken	SYN_GO0048609	biological_process	specific	65	40	0.6154	58.05
fish	chicken	SYN_GO0035162	biological_process	specific	61	44	0.7213	70.0
fish	chicken	SYN_GO0060284	biological_process	other	98	63	0.6429	71.1
fish	chicken	SYN_GO0070887	biological_process	other	87	48	0.5517	63.85
fish	chicken	SYN_GO0043067	biological_process	other	78	50	0.641	65.4
fish	chicken	SYN_GO0008283	biological_process	other	77	54	0.7013	70.35
fish	chicken	SYN_GO0030029	biological_process	other	69	36	0.5217	72.7
fish	chicken	SYN_GO0030036	biological_process	other	68	35	0.5147	72.6
fish	chicken	SYN_GO0023056	biological_process	other	65	44	0.6769	69.55
fish	chicken	SYN_GO0033036	biological_process	other	62	45	0.7258	64.1
fish	chicken	SYN_GO0007049	biological_process	conserved	51	37	0.7255	57.2
fish	chicken	SYN_GO0009056	biological_process	conserved	51	38	0.7451	70.15
fish	chicken	SYN_GO0044281	biological_process	conserved	45	37	0.8222	72.1
fish	chicken	SYN_GO0006629	biological_process	conserved	44	30	0.6818	67.05
fish	chicken	SYN_GO0022402	biological_process	conserved	41	29	0.7073	54.5
fish	chicken	SYN_GO0006396	biological_process	conserved	41	30	0.7317	65.8
fish	chicken	SYN_GO0048881	biological_process	specific	58	43	0.7414	72.8
fish	chicken	SYN_GO0001756	biological_process	specific	56	38	0.6786	70.4
fish	chicken	SYN_GO0035107	biological_process	specific	52	39	0.75	68.0
fish	chicken	SYN_GO0007600	biological_process	specific	47	28	0.5957	65.5
fish	chicken	SYN_GO0070121	biological_process	specific	46	30	0.6522	66.75
fish	chicken	SYN_GO0002521	biological_process	specific	45	35	0.7778	63.8
fish	chicken	SYN_GO0001775	biological_process	specific	43	35	0.814	62.5
fish	chicken	SYN_GO0048483	biological_process	specific	41	28	0.6829	70.35
fish	chicken	SYN_GO0090287	biological_process	other	58	39	0.6724	68.9
fish	chicken	SYN_GO0051640	biological_process	other	53	38	0.717	63.5
fish	chicken	SYN_GO0090497	biological_process	other	51	40	0.7843	62.65
fish	chicken	SYN_GO0040008	biological_process	other	49	34	0.6939	69.4
fish	chicken	SYN_GO0003341	biological_process	other	48	34	0.7083	55.35
fish	chicken	SYN_GO0033993	biological_process	other	45	17	0.3778	56.9
fish	chicken	SYN_GO0006811	biological_process	other	43	31	0.7209	62.0
fish	chicken	SYN_GO1902679	biological_process	other	42	23	0.5476	69.1
fish	chicken	SYN_GO0003824	molecular_function	other	237	160	0.6751	65.25
fish	chicken	SYN_GO0003676	molecular_function	other	127	82	0.6457	68.1
fish	chicken	SYN_GO0016740	molecular_function	other	105	66	0.6286	69.55
fish	chicken	SYN_GO0005215	molecular_function	other	101	59	0.5842	66.4
fish	chicken	SYN_GO0022857	molecular_function	other	99	57	0.5758	66.4
fish	chicken	SYN_GO0003677	molecular_function	other	96	65	0.6771	67.1
fish	chicken	SYN_GO0038023	molecular_function	other	93	40	0.4301	69.05
fish	chicken	SYN_GO0060089	molecular_function	other	93	40	0.4301	69.05
fish	chicken	SYN_GO0140110	molecular_function	other	78	45	0.5769	70.5
fish	chicken	SYN_GO0140096	molecular_function	other	77	54	0.7013	69.75
fish	chicken	SYN_GO0043565	molecular_function	other	72	46	0.6389	64.0
fish	chicken	SYN_GO0003700	molecular_function	other	72	40	0.5556	69.4
fish	chicken	SYN_GO0004888	molecular_function	other	71	31	0.4366	68.6
fish	chicken	SYN_GO0016787	molecular_function	other	68	50	0.7353	61.95
fish	chicken	SYN_GO0015075	molecular_function	other	67	43	0.6418	66.7
fish	chicken	SYN_GO0036094	molecular_function	other	60	38	0.6333	62.1
fish	chicken	SYN_GO0022803	molecular_function	other	59	33	0.5593	72.6
fish	chicken	SYN_GO0015267	molecular_function	other	59	33	0.5593	72.6
fish	chicken	SYN_GO0004930	molecular_function	other	56	26	0.4643	67.7
fish	chicken	SYN_GO0005216	molecular_function	other	51	31	0.6078	72.6
fish	chicken	SYN_GO0008324	molecular_function	other	48	30	0.625	61.7
fish	chicken	SYN_GO0022836	molecular_function	other	45	25	0.5556	76.8
fish	chicken	SYN_GO0043167	molecular_function	other	44	30	0.6818	66.9
fish	chicken	SYN_GO0000981	molecular_function	other	44	22	0.5	66.6
fish	chicken	SYN_GO0043227	cellular_component	other	236	161	0.6822	68.9
fish	chicken	SYN_GO0005737	cellular_component	other	220	134	0.6091	68.05
fish	chicken	SYN_GO0043231	cellular_component	other	191	129	0.6754	70.1
fish	chicken	SYN_GO0016020	cellular_component	other	168	108	0.6429	67.4
fish	chicken	SYN_GO0071944	cellular_component	other	137	85	0.6204	65.8
fish	chicken	SYN_GO0005886	cellular_component	other	134	84	0.6269	66.05
fish	chicken	SYN_GO0005634	cellular_component	other	124	83	0.6694	70.1
fish	chicken	SYN_GO0043228	cellular_component	other	96	56	0.5833	61.15
fish	chicken	SYN_GO0043232	cellular_component	other	96	56	0.5833	61.15
fish	chicken	SYN_GO0032991	cellular_component	other	70	44	0.6286	71.2
fish	chicken	SYN_GO0042995	cellular_component	other	57	41	0.7193	60.9
fish	chicken	SYN_GO0120025	cellular_component	other	57	41	0.7193	60.9
fish	chicken	SYN_GO0005929	cellular_component	other	47	34	0.7234	58.65
fish	chicken	SYN_GO0012505	cellular_component	other	47	34	0.7234	67.55
fish	chicken	SYN_GO0005856	cellular_component	other	40	24	0.6	59.75
fish	cod	SYN_GO0044238	biological_process	conserved	236	202	0.8559	74.25
fish	cod	SYN_GO0043170	biological_process	conserved	178	153	0.8596	73.7
fish	cod	SYN_GO0009058	biological_process	conserved	146	123	0.8425	73.7
fish	cod	SYN_GO0009059	biological_process	conserved	109	93	0.8532	73.6
fish	cod	SYN_GO0006139	biological_process	conserved	100	85	0.85	74.3
fish	cod	SYN_GO0001568	biological_process	specific	236	163	0.6907	71.9
fish	cod	SYN_GO0090596	biological_process	specific	203	164	0.8079	72.05
fish	cod	SYN_GO0000902	biological_process	specific	186	143	0.7688	72.6
fish	cod	SYN_GO0048871	biological_process	specific	158	120	0.7595	71.95
fish	cod	SYN_GO0048705	biological_process	specific	150	119	0.7933	72.6
fish	cod	SYN_GO0007369	biological_process	specific	143	120	0.8392	71.4
fish	cod	SYN_GO0007626	biological_process	specific	131	105	0.8015	72.1
fish	cod	SYN_GO0055001	biological_process	specific	120	93	0.775	73.8
fish	cod	SYN_GO0023051	biological_process	other	244	192	0.7869	70.95
fish	cod	SYN_GO0009889	biological_process	other	225	171	0.76	72.0
fish	cod	SYN_GO0016477	biological_process	other	212	174	0.8208	68.35
fish	cod	SYN_GO0009605	biological_process	other	193	131	0.6788	72.1
fish	cod	SYN_GO0042221	biological_process	other	170	117	0.6882	69.4
fish	cod	SYN_GO0060271	biological_process	other	145	120	0.8276	68.45
fish	cod	SYN_GO0044419	biological_process	other	124	73	0.5887	65.7
fish	cod	SYN_GO0006355	biological_process	other	115	82	0.713	72.75
fish	cod	SYN_GO0019538	biological_process	conserved	87	77	0.8851	74.7
fish	cod	SYN_GO0090304	biological_process	conserved	86	73	0.8488	73.7
fish	cod	SYN_GO0010467	biological_process	conserved	77	64	0.8312	74.4
fish	cod	SYN_GO0016070	biological_process	conserved	73	60	0.8219	75.65
fish	cod	SYN_GO0034654	biological_process	conserved	64	53	0.8281	75.1
fish	cod	SYN_GO0032774	biological_process	conserved	61	50	0.8197	74.4
fish	cod	SYN_GO0141187	biological_process	conserved	61	50	0.8197	74.4
fish	cod	SYN_GO0048872	biological_process	specific	93	68	0.7312	70.6
fish	cod	SYN_GO0051216	biological_process	specific	91	72	0.7912	76.65
fish	cod	SYN_GO0048882	biological_process	specific	85	65	0.7647	76.2
fish	cod	SYN_GO0001947	biological_process	specific	80	70	0.875	71.2
fish	cod	SYN_GO0046530	biological_process	specific	73	59	0.8082	68.5
fish	cod	SYN_GO0030218	biological_process	specific	70	51	0.7286	69.2
fish	cod	SYN_GO0048609	biological_process	specific	65	50	0.7692	57.0
fish	cod	SYN_GO0035162	biological_process	specific	61	51	0.8361	72.8
fish	cod	SYN_GO0060284	biological_process	other	98	71	0.7245	70.1
fish	cod	SYN_GO0070887	biological_process	other	87	66	0.7586	69.25
fish	cod	SYN_GO0043067	biological_process	other	78	65	0.8333	71.3
fish	cod	SYN_GO0008283	biological_process	other	77	55	0.7143	78.1
fish	cod	SYN_GO0030029	biological_process	other	69	51	0.7391	74.2
fish	cod	SYN_GO0030036	biological_process	other	68	50	0.7353	74.0
fish	cod	SYN_GO0023056	biological_process	other	65	52	0.8	74.4
fish	cod	SYN_GO0033036	biological_process	other	62	55	0.8871	70.5
fish	cod	SYN_GO0007049	biological_process	conserved	51	41	0.8039	60.3
fish	cod	SYN_GO0009056	biological_process	conserved	51	42	0.8235	75.8
fish	cod	SYN_GO0044281	biological_process	conserved	45	38	0.8444	76.65
fish	cod	SYN_GO0006629	biological_process	conserved	44	36	0.8182	71.85
fish	cod	SYN_GO0022402	biological_process	conserved	41	32	0.7805	62.4
fish	cod	SYN_GO0006396	biological_process	conserved	41	36	0.878	71.05
fish	cod	SYN_GO0048881	biological_process	specific	58	46	0.7931	73.1
fish	cod	SYN_GO0001756	biological_process	specific	56	46	0.8214	74.0
fish	cod	SYN_GO0035107	biological_process	specific	52	41	0.7885	73.9
fish	cod	SYN_GO0007600	biological_process	specific	47	37	0.7872	76.4
fish	cod	SYN_GO0070121	biological_process	specific	46	37	0.8043	71.5
fish	cod	SYN_GO0002521	biological_process	specific	45	40	0.8889	66.7
fish	cod	SYN_GO0001775	biological_process	specific	43	37	0.8605	67.8
fish	cod	SYN_GO0048483	biological_process	specific	41	35	0.8537	73.7
fish	cod	SYN_GO0090287	biological_process	other	58	48	0.8276	76.2
fish	cod	SYN_GO0051640	biological_process	other	53	46	0.8679	72.25
fish	cod	SYN_GO0090497	biological_process	other	51	46	0.902	69.6
fish	cod	SYN_GO0040008	biological_process	other	49	42	0.8571	73.65
fish	cod	SYN_GO0003341	biological_process	other	48	38	0.7917	62.2
fish	cod	SYN_GO0033993	biological_process	other	45	32	0.7111	62.6
fish	cod	SYN_GO0006811	biological_process	other	43	32	0.7442	69.55
fish	cod	SYN_GO1902679	biological_process	other	42	27	0.6429	72.0
fish	cod	SYN_GO0003824	molecular_function	other	237	184	0.7764	71.0
fish	cod	SYN_GO0003676	molecular_function	other	127	99	0.7795	73.5
fish	cod	SYN_GO0016740	molecular_function	other	105	72	0.6857	72.05
fish	cod	SYN_GO0005215	molecular_function	other	101	70	0.6931	74.0
fish	cod	SYN_GO0022857	molecular_function	other	99	68	0.6869	74.0
fish	cod	SYN_GO0003677	molecular_function	other	96	74	0.7708	69.4
fish	cod	SYN_GO0038023	molecular_function	other	93	59	0.6344	72.3
fish	cod	SYN_GO0060089	molecular_function	other	93	59	0.6344	72.3
fish	cod	SYN_GO0140110	molecular_function	other	78	52	0.6667	69.95
fish	cod	SYN_GO0140096	molecular_function	other	77	58	0.7532	74.05
fish	cod	SYN_GO0043565	molecular_function	other	72	55	0.7639	67.3
fish	cod	SYN_GO0003700	molecular_function	other	72	48	0.6667	66.05
fish	cod	SYN_GO0004888	molecular_function	other	71	47	0.662	70.4
fish	cod	SYN_GO0016787	molecular_function	other	68	55	0.8088	68.1
fish	cod	SYN_GO0015075	molecular_function	other	67	49	0.7313	76.9
fish	cod	SYN_GO0036094	molecular_function	other	60	45	0.75	71.7
fish	cod	SYN_GO0022803	molecular_function	other	59	41	0.6949	77.8
fish	cod	SYN_GO0015267	molecular_function	other	59	41	0.6949	77.8
fish	cod	SYN_GO0004930	molecular_function	other	56	36	0.6429	70.25
fish	cod	SYN_GO0005216	molecular_function	other	51	38	0.7451	77.75
fish	cod	SYN_GO0008324	molecular_function	other	48	34	0.7083	75.3
fish	cod	SYN_GO0022836	molecular_function	other	45	32	0.7111	77.75
fish	cod	SYN_GO0043167	molecular_function	other	44	36	0.8182	71.7
fish	cod	SYN_GO0000981	molecular_function	other	44	27	0.6136	63.7
fish	cod	SYN_GO0043227	cellular_component	other	236	187	0.7924	70.5
fish	cod	SYN_GO0005737	cellular_component	other	220	171	0.7773	71.1
fish	cod	SYN_GO0043231	cellular_component	other	191	151	0.7906	72.4
fish	cod	SYN_GO0016020	cellular_component	other	168	132	0.7857	71.1
fish	cod	SYN_GO0071944	cellular_component	other	137	105	0.7664	70.5
fish	cod	SYN_GO0005886	cellular_component	other	134	104	0.7761	70.65
fish	cod	SYN_GO0005634	cellular_component	other	124	94	0.7581	70.25
fish	cod	SYN_GO0043228	cellular_component	other	96	74	0.7708	63.95
fish	cod	SYN_GO0043232	cellular_component	other	96	74	0.7708	63.95
fish	cod	SYN_GO0032991	cellular_component	other	70	56	0.8	74.15
fish	cod	SYN_GO0042995	cellular_component	other	57	45	0.7895	62.3
fish	cod	SYN_GO0120025	cellular_component	other	57	45	0.7895	62.3
fish	cod	SYN_GO0005929	cellular_component	other	47	37	0.7872	62.3
fish	cod	SYN_GO0012505	cellular_component	other	47	40	0.8511	71.8
fish	cod	SYN_GO0005856	cellular_component	other	40	31	0.775	62.2
fish	coelacanth	SYN_GO0044238	biological_process	conserved	236	190	0.8051	69.0
fish	coelacanth	SYN_GO0043170	biological_process	conserved	178	143	0.8034	69.5
fish	coelacanth	SYN_GO0009058	biological_process	conserved	146	116	0.7945	70.55
fish	coelacanth	SYN_GO0009059	biological_process	conserved	109	90	0.8257	70.55
fish	coelacanth	SYN_GO0006139	biological_process	conserved	100	86	0.86	70.2
fish	coelacanth	SYN_GO0001568	biological_process	specific	236	147	0.6229	69.1
fish	coelacanth	SYN_GO0090596	biological_process	specific	203	152	0.7488	67.95
fish	coelacanth	SYN_GO0000902	biological_process	specific	186	114	0.6129	69.2
fish	coelacanth	SYN_GO0048871	biological_process	specific	158	108	0.6835	66.55
fish	coelacanth	SYN_GO0048705	biological_process	specific	150	107	0.7133	71.6
fish	coelacanth	SYN_GO0007369	biological_process	specific	143	103	0.7203	67.8
fish	coelacanth	SYN_GO0007626	biological_process	specific	131	86	0.6565	67.05
fish	coelacanth	SYN_GO0055001	biological_process	specific	120	77	0.6417	68.2
fish	coelacanth	SYN_GO0023051	biological_process	other	244	176	0.7213	67.0
fish	coelacanth	SYN_GO0009889	biological_process	other	225	156	0.6933	69.4
fish	coelacanth	SYN_GO0016477	biological_process	other	212	152	0.717	64.2
fish	coelacanth	SYN_GO0009605	biological_process	other	193	103	0.5337	62.3
fish	coelacanth	SYN_GO0042221	biological_process	other	170	84	0.4941	64.2
fish	coelacanth	SYN_GO0060271	biological_process	other	145	108	0.7448	64.55
fish	coelacanth	SYN_GO0044419	biological_process	other	124	61	0.4919	56.0
fish	coelacanth	SYN_GO0006355	biological_process	other	115	77	0.6696	70.9
fish	coelacanth	SYN_GO0019538	biological_process	conserved	87	66	0.7586	70.35
fish	coelacanth	SYN_GO0090304	biological_process	conserved	86	74	0.8605	69.75
fish	coelacanth	SYN_GO0010467	biological_process	conserved	77	66	0.8571	70.65
fish	coelacanth	SYN_GO0016070	biological_process	conserved	73	63	0.863	70.7
fish	coelacanth	SYN_GO0034654	biological_process	conserved	64	55	0.8594	70.7
fish	coelacanth	SYN_GO0032774	biological_process	conserved	61	53	0.8689	70.7
fish	coelacanth	SYN_GO0141187	biological_process	conserved	61	53	0.8689	70.7
fish	coelacanth	SYN_GO0048872	biological_process	specific	93	68	0.7312	65.7
fish	coelacanth	SYN_GO0051216	biological_process	specific	91	71	0.7802	73.3
fish	coelacanth	SYN_GO0048882	biological_process	specific	85	61	0.7176	69.4
fish	coelacanth	SYN_GO0001947	biological_process	specific	80	63	0.7875	65.6
fish	coelacanth	SYN_GO0046530	biological_process	specific	73	52	0.7123	66.55
fish	coelacanth	SYN_GO0030218	biological_process	specific	70	51	0.7286	64.2
fish	coelacanth	SYN_GO0048609	biological_process	specific	65	42	0.6462	59.6
fish	coelacanth	SYN_GO0035162	biological_process	specific	61	49	0.8033	67.2
fish	coelacanth	SYN_GO0060284	biological_process	other	98	67	0.6837	64.6
fish	coelacanth	SYN_GO0070887	biological_process	other	87	46	0.5287	64.2
fish	coelacanth	SYN_GO0043067	biological_process	other	78	55	0.7051	61.7
fish	coelacanth	SYN_GO0008283	biological_process	other	77	54	0.7013	71.8
fish	coelacanth	SYN_GO0030029	biological_process	other	69	40	0.5797	66.75
fish	coelacanth	SYN_GO0030036	biological_process	other	68	40	0.5882	66.75
fish	coelacanth	SYN_GO0023056	biological_process	other	65	47	0.7231	65.2
fish	coelacanth	SYN_GO0033036	biological_process	other	62	45	0.7258	65.9
fish	coelacanth	SYN_GO0007049	biological_process	conserved	51	35	0.6863	62.3
fish	coelacanth	SYN_GO0009056	biological_process	conserved	51	40	0.7843	69.9
fish	coelacanth	SYN_GO0044281	biological_process	conserved	45	36	0.8	69.85
fish	coelacanth	SYN_GO0006629	biological_process	conserved	44	35	0.7955	65.3
fish	coelacanth	SYN_GO0022402	biological_process	conserved	41	27	0.6585	62.3
fish	coelacanth	SYN_GO0006396	biological_process	conserved	41	36	0.878	68.85
fish	coelacanth	SYN_GO0048881	biological_process	specific	58	42	0.7241	69.45
fish	coelacanth	SYN_GO0001756	biological_process	specific	56	43	0.7679	68.6
fish	coelacanth	SYN_GO0035107	biological_process	specific	52	39	0.75	70.6
fish	coelacanth	SYN_GO0007600	biological_process	specific	47	26	0.5532	69.5
fish	coelacanth	SYN_GO0070121	biological_process	specific	46	39	0.8478	67.4
fish	coelacanth	SYN_GO0002521	biological_process	specific	45	34	0.7556	63.55
fish	coelacanth	SYN_GO0001775	biological_process	specific	43	31	0.7209	59.8
fish	coelacanth	SYN_GO0048483	biological_process	specific	41	27	0.6585	71.5
fish	coelacanth	SYN_GO0090287	biological_process	other	58	42	0.7241	70.2
fish	coelacanth	SYN_GO0051640	biological_process	other	53	39	0.7358	64.1
fish	coelacanth	SYN_GO0090497	biological_process	other	51	41	0.8039	63.5
fish	coelacanth	SYN_GO0040008	biological_process	other	49	32	0.6531	70.75
fish	coelacanth	SYN_GO0003341	biological_process	other	48	36	0.75	59.55
fish	coelacanth	SYN_GO0033993	biological_process	other	45	21	0.4667	64.8
fish	coelacanth	SYN_GO0006811	biological_process	other	43	28	0.6512	60.85
fish	coelacanth	SYN_GO1902679	biological_process	other	42	27	0.6429	71.3
fish	coelacanth	SYN_GO0003824	molecular_function	other	237	148	0.6245	66.45
fish	coelacanth	SYN_GO0003676	molecular_function	other	127	83	0.6535	68.2
fish	coelacanth	SYN_GO0016740	molecular_function	other	105	55	0.5238	69.4
fish	coelacanth	SYN_GO0005215	molecular_function	other	101	52	0.5149	66.5
fish	coelacanth	SYN_GO0022857	molecular_function	other	99	50	0.5051	66.5
fish	coelacanth	SYN_GO0003677	molecular_function	other	96	64	0.6667	67.85
fish	coelacanth	SYN_GO0038023	molecular_function	other	93	44	0.4731	65.2
fish	coelacanth	SYN_GO0060089	molecular_function	other	93	44	0.4731	65.2
fish	coelacanth	SYN_GO0140110	molecular_function	other	78	47	0.6026	70.7
fish	coelacanth	SYN_GO0140096	molecular_function	other	77	48	0.6234	67.15
fish	coelacanth	SYN_GO0043565	molecular_function	other	72	47	0.6528	64.5
fish	coelacanth	SYN_GO0003700	molecular_function	other	72	43	0.5972	69.4
fish	coelacanth	SYN_GO0004888	molecular_function	other	71	35	0.493	65.2
fish	coelacanth	SYN_GO0016787	molecular_function	other	68	48	0.7059	61.65
fish	coelacanth	SYN_GO0015075	molecular_function	other	67	40	0.597	66.5
fish	coelacanth	SYN_GO0036094	molecular_function	other	60	39	0.65	64.4
fish	coelacanth	SYN_GO0022803	molecular_function	other	59	30	0.5085	67.35
fish	coelacanth	SYN_GO0015267	molecular_function	other	59	30	0.5085	67.35
fish	coelacanth	SYN_GO0004930	molecular_function	other	56	28	0.5	66.8
fish	coelacanth	SYN_GO0005216	molecular_function	other	51	29	0.5686	66.3
fish	coelacanth	SYN_GO0008324	molecular_function	other	48	30	0.625	66.5
fish	coelacanth	SYN_GO0022836	molecular_function	other	45	23	0.5111	66.3
fish	coelacanth	SYN_GO0043167	molecular_function	other	44	31	0.7045	64.4
fish	coelacanth	SYN_GO0000981	molecular_function	other	44	23	0.5227	64.8
fish	coelacanth	SYN_GO0043227	cellular_component	other	236	171	0.7246	67.1
fish	coelacanth	SYN_GO0005737	cellular_component	other	220	155	0.7045	66.2
fish	coelacanth	SYN_GO0043231	cellular_component	other	191	136	0.712	69.0
fish	coelacanth	SYN_GO0016020	cellular_component	other	168	107	0.6369	66.3
fish	coelacanth	SYN_GO0071944	cellular_component	other	137	86	0.6277	65.85
fish	coelacanth	SYN_GO0005886	cellular_component	other	134	85	0.6343	66.3
fish	coelacanth	SYN_GO0005634	cellular_component	other	124	83	0.6694	69.4
fish	coelacanth	SYN_GO0043228	cellular_component	other	96	69	0.7188	60.7
fish	coelacanth	SYN_GO0043232	cellular_component	other	96	69	0.7188	60.7
fish	coelacanth	SYN_GO0032991	cellular_component	other	70	48	0.6857	67.35
fish	coelacanth	SYN_GO0042995	cellular_component	other	57	44	0.7719	61.4
fish	coelacanth	SYN_GO0120025	cellular_component	other	57	44	0.7719	61.4
fish	coelacanth	SYN_GO0005929	cellular_component	other	47	36	0.766	58.5
fish	coelacanth	SYN_GO0012505	cellular_component	other	47	38	0.8085	66.35
fish	coelacanth	SYN_GO0005856	cellular_component	other	40	28	0.7	59.1
fish	elephantshark	SYN_GO0044238	biological_process	conserved	236	175	0.7415	68.6
fish	elephantshark	SYN_GO0043170	biological_process	conserved	178	134	0.7528	68.1
fish	elephantshark	SYN_GO0009058	biological_process	conserved	146	105	0.7192	68.3
fish	elephantshark	SYN_GO0009059	biological_process	conserved	109	79	0.7248	68.1
fish	elephantshark	SYN_GO0006139	biological_process	conserved	100	78	0.78	67.9
fish	elephantshark	SYN_GO0001568	biological_process	specific	236	142	0.6017	67.6
fish	elephantshark	SYN_GO0090596	biological_process	specific	203	140	0.6897	67.05
fish	elephantshark	SYN_GO0000902	biological_process	specific	186	118	0.6344	66.85
fish	elephantshark	SYN_GO0048871	biological_process	specific	158	99	0.6266	66.8
fish	elephantshark	SYN_GO0048705	biological_process	specific	150	92	0.6133	66.65
fish	elephantshark	SYN_GO0007369	biological_process	specific	143	94	0.6573	64.55
fish	elephantshark	SYN_GO0007626	biological_process	specific	131	80	0.6107	64.85
fish	elephantshark	SYN_GO0055001	biological_process	specific	120	69	0.575	66.8
fish	elephantshark	SYN_GO0023051	biological_process	other	244	160	0.6557	66.9
fish	elephantshark	SYN_GO0009889	biological_process	other	225	133	0.5911	66.0
fish	elephantshark	SYN_GO0016477	biological_process	other	212	135	0.6368	63.2
fish	elephantshark	SYN_GO0009605	biological_process	other	193	92	0.4767	65.05
fish	elephantshark	SYN_GO0042221	biological_process	other	170	78	0.4588	63.1
fish	elephantshark	SYN_GO0060271	biological_process	other	145	109	0.7517	61.7
fish	elephantshark	SYN_GO0044419	biological_process	other	124	53	0.4274	54.8
fish	elephantshark	SYN_GO0006355	biological_process	other	115	63	0.5478	68.0
fish	elephantshark	SYN_GO0019538	biological_process	conserved	87	64	0.7356	69.8
fish	elephantshark	SYN_GO0090304	biological_process	conserved	86	67	0.7791	66.9
fish	elephantshark	SYN_GO0010467	biological_process	conserved	77	57	0.7403	66.3
fish	elephantshark	SYN_GO0016070	biological_process	conserved	73	55	0.7534	66.9
fish	elephantshark	SYN_GO0034654	biological_process	conserved	64	46	0.7188	68.2
fish	elephantshark	SYN_GO0032774	biological_process	conserved	61	44	0.7213	67.5
fish	elephantshark	SYN_GO0141187	biological_process	conserved	61	44	0.7213	67.5
fish	elephantshark	SYN_GO0048872	biological_process	specific	93	58	0.6237	65.35
fish	elephantshark	SYN_GO0051216	biological_process	specific	91	62	0.6813	69.4
fish	elephantshark	SYN_GO0048882	biological_process	specific	85	55	0.6471	69.9
fish	elephantshark	SYN_GO0001947	biological_process	specific	80	57	0.7125	64.6
fish	elephantshark	SYN_GO0046530	biological_process	specific	73	53	0.726	62.9
fish	elephantshark	SYN_GO0030218	biological_process	specific	70	40	0.5714	65.35
fish	elephantshark	SYN_GO0048609	biological_process	specific	65	40	0.6154	60.5
fish	elephantshark	SYN_GO0035162	biological_process	specific	61	41	0.6721	65.9
fish	elephantshark	SYN_GO0060284	biological_process	other	98	61	0.6224	68.2
fish	elephantshark	SYN_GO0070887	biological_process	other	87	38	0.4368	64.8
fish	elephantshark	SYN_GO0043067	biological_process	other	78	48	0.6154	63.65
fish	elephantshark	SYN_GO0008283	biological_process	other	77	48	0.6234	68.45
fish	elephantshark	SYN_GO0030029	biological_process	other	69	35	0.5072	66.7
fish	elephantshark	SYN_GO0030036	biological_process	other	68	35	0.5147	66.7
fish	elephantshark	SYN_GO0023056	biological_process	other	65	44	0.6769	70.0
fish	elephantshark	SYN_GO0033036	biological_process	other	62	39	0.629	65.8
fish	elephantshark	SYN_GO0007049	biological_process	conserved	51	29	0.5686	62.7
fish	elephantshark	SYN_GO0009056	biological_process	conserved	51	36	0.7059	69.65
fish	elephantshark	SYN_GO0044281	biological_process	conserved	45	35	0.7778	71.4
fish	elephantshark	SYN_GO0006629	biological_process	conserved	44	27	0.6136	68.6
fish	elephantshark	SYN_GO0022402	biological_process	conserved	41	22	0.5366	62.8
fish	elephantshark	SYN_GO0006396	biological_process	conserved	41	30	0.7317	63.75
fish	elephantshark	SYN_GO0048881	biological_process	specific	58	37	0.6379	68.8
fish	elephantshark	SYN_GO0001756	biological_process	specific	56	36	0.6429	64.45
fish	elephantshark	SYN_GO0035107	biological_process	specific	52	35	0.6731	68.3
fish	elephantshark	SYN_GO0007600	biological_process	specific	47	27	0.5745	62.1
fish	elephantshark	SYN_GO0070121	biological_process	specific	46	34	0.7391	66.1
fish	elephantshark	SYN_GO0002521	biological_process	specific	45	30	0.6667	63.85
fish	elephantshark	SYN_GO0001775	biological_process	specific	43	30	0.6977	60.35
fish	elephantshark	SYN_GO0048483	biological_process	specific	41	28	0.6829	64.75
fish	elephantshark	SYN_GO0090287	biological_process	other	58	39	0.6724	67.5
fish	elephantshark	SYN_GO0051640	biological_process	other	53	37	0.6981	66.3
fish	elephantshark	SYN_GO0090497	biological_process	other	51	34	0.6667	60.85
fish	elephantshark	SYN_GO0040008	biological_process	other	49	32	0.6531	67.6
fish	elephantshark	SYN_GO0003341	biological_process	other	48	34	0.7083	57.45
fish	elephantshark	SYN_GO0033993	biological_process	other	45	16	0.3556	58.9
fish	elephantshark	SYN_GO0006811	biological_process	other	43	29	0.6744	62.8
fish	elephantshark	SYN_GO1902679	biological_process	other	42	19	0.4524	64.9
fish	elephantshark	SYN_GO0003824	molecular_function	other	237	154	0.6498	66.3
fish	elephantshark	SYN_GO0003676	molecular_function	other	127	74	0.5827	66.85
fish	elephantshark	SYN_GO0016740	molecular_function	other	105	59	0.5619	68.3
fish	elephantshark	SYN_GO0005215	molecular_function	other	101	50	0.495	64.6
fish	elephantshark	SYN_GO0022857	molecular_function	other	99	49	0.4949	65.3
fish	elephantshark	SYN_GO0003677	molecular_function	other	96	54	0.5625	66.1
fish	elephantshark	SYN_GO0038023	molecular_function	other	93	41	0.4409	64.1
fish	elephantshark	SYN_GO0060089	molecular_function	other	93	41	0.4409	64.1
fish	elephantshark	SYN_GO0140110	molecular_function	other	78	45	0.5769	68.3
fish	elephantshark	SYN_GO0140096	molecular_function	other	77	51	0.6623	68.9
fish	elephantshark	SYN_GO0043565	molecular_function	other	72	41	0.5694	64.8
fish	elephantshark	SYN_GO0003700	molecular_function	other	72	40	0.5556	65.2
fish	elephantshark	SYN_GO0004888	molecular_function	other	71	30	0.4225	63.75
fish	elephantshark	SYN_GO0016787	molecular_function	other	68	50	0.7353	63.15
fish	elephantshark	SYN_GO0015075	molecular_function	other	67	38	0.5672	65.2
fish	elephantshark	SYN_GO0036094	molecular_function	other	60	37	0.6167	63.9
fish	elephantshark	SYN_GO0022803	molecular_function	other	59	30	0.5085	69.0
fish	elephantshark	SYN_GO0015267	molecular_function	other	59	30	0.5085	69.0
fish	elephantshark	SYN_GO0004930	molecular_function	other	56	25	0.4464	64.1
fish	elephantshark	SYN_GO0005216	molecular_function	other	51	28	0.549	73.0
fish	elephantshark	SYN_GO0008324	molecular_function	other	48	24	0.5	63.15
fish	elephantshark	SYN_GO0022836	molecular_function	other	45	23	0.5111	74.7
fish	elephantshark	SYN_GO0043167	molecular_function	other	44	29	0.6591	67.7
fish	elephantshark	SYN_GO0000981	molecular_function	other	44	24	0.5455	60.55
fish	elephantshark	SYN_GO0043227	cellular_component	other	236	157	0.6653	66.8
fish	elephantshark	SYN_GO0005737	cellular_component	other	220	142	0.6455	64.15
fish	elephantshark	SYN_GO0043231	cellular_component	other	191	123	0.644	67.9
fish	elephantshark	SYN_GO0016020	cellular_component	other	168	90	0.5357	67.75
fish	elephantshark	SYN_GO0071944	cellular_component	other	137	69	0.5036	67.6
fish	elephantshark	SYN_GO0005886	cellular_component	other	134	68	0.5075	67.65
fish	elephantshark	SYN_GO0005634	cellular_component	other	124	74	0.5968	68.45
fish	elephantshark	SYN_GO0043228	cellular_component	other	96	62	0.6458	61.1
fish	elephantshark	SYN_GO0043232	cellular_component	other	96	62	0.6458	61.1
fish	elephantshark	SYN_GO0032991	cellular_component	other	70	42	0.6	69.1
fish	elephantshark	SYN_GO0042995	cellular_component	other	57	42	0.7368	61.15
fish	elephantshark	SYN_GO0120025	cellular_component	other	57	42	0.7368	61.15
fish	elephantshark	SYN_GO0005929	cellular_component	other	47	35	0.7447	57.2
fish	elephantshark	SYN_GO0012505	cellular_component	other	47	34	0.7234	64.2
fish	elephantshark	SYN_GO0005856	cellular_component	other	40	27	0.675	62.7
fish	fruitfly	SYN_GO0044238	biological_process	conserved	236	109	0.4619	48.4
fish	fruitfly	SYN_GO0043170	biological_process	conserved	178	87	0.4888	46.7
fish	fruitfly	SYN_GO0009058	biological_process	conserved	146	69	0.4726	49.0
fish	fruitfly	SYN_GO0009059	biological_process	conserved	109	53	0.4862	46.7
fish	fruitfly	SYN_GO0006139	biological_process	conserved	100	52	0.52	46.7
fish	fruitfly	SYN_GO0001568	biological_process	specific	236	45	0.1907	46.2
fish	fruitfly	SYN_GO0090596	biological_process	specific	203	57	0.2808	40.2
fish	fruitfly	SYN_GO0000902	biological_process	specific	186	50	0.2688	46.2
fish	fruitfly	SYN_GO0048871	biological_process	specific	158	44	0.2785	49.7
fish	fruitfly	SYN_GO0048705	biological_process	specific	150	39	0.26	47.0
fish	fruitfly	SYN_GO0007369	biological_process	specific	143	35	0.2448	39.5
fish	fruitfly	SYN_GO0007626	biological_process	specific	131	38	0.2901	49.3
fish	fruitfly	SYN_GO0055001	biological_process	specific	120	27	0.225	47.3
fish	fruitfly	SYN_GO0023051	biological_process	other	244	58	0.2377	50.2
fish	fruitfly	SYN_GO0009889	biological_process	other	225	48	0.2133	49.05
fish	fruitfly	SYN_GO0016477	biological_process	other	212	43	0.2028	43.5
fish	fruitfly	SYN_GO0009605	biological_process	other	193	34	0.1762	51.25
fish	fruitfly	SYN_GO0042221	biological_process	other	170	35	0.2059	44.1
fish	fruitfly	SYN_GO0060271	biological_process	other	145	52	0.3586	44.9
fish	fruitfly	SYN_GO0044419	biological_process	other	124	18	0.1452	51.25
fish	fruitfly	SYN_GO0006355	biological_process	other	115	17	0.1478	48.4
fish	fruitfly	SYN_GO0019538	biological_process	conserved	87	43	0.4943	50.9
fish	fruitfly	SYN_GO0090304	biological_process	conserved	86	45	0.5233	46.1
fish	fruitfly	SYN_GO0010467	biological_process	conserved	77	39	0.5065	45.9
fish	fruitfly	SYN_GO0016070	biological_process	conserved	73	39	0.5342	45.9
fish	fruitfly	SYN_GO0034654	biological_process	conserved	64	35	0.5469	45.9
fish	fruitfly	SYN_GO0032774	biological_process	conserved	61	33	0.541	44.5
fish	fruitfly	SYN_GO0141187	biological_process	conserved	61	33	0.541	44.5
fish	fruitfly	SYN_GO0048872	biological_process	specific	93	27	0.2903	50.1
fish	fruitfly	SYN_GO0051216	biological_process	specific	91	26	0.2857	48.4
fish	fruitfly	SYN_GO0048882	biological_process	specific	85	16	0.1882	52.15
fish	fruitfly	SYN_GO0001947	biological_process	specific	80	23	0.2875	44.7
fish	fruitfly	SYN_GO0046530	biological_process	specific	73	21	0.2877	39.3
fish	fruitfly	SYN_GO0030218	biological_process	specific	70	19	0.2714	60.5
fish	fruitfly	SYN_GO0048609	biological_process	specific	65	13	0.2	38.7
fish	fruitfly	SYN_GO0035162	biological_process	specific	61	16	0.2623	52.05
fish	fruitfly	SYN_GO0060284	biological_process	other	98	21	0.2143	48.5
fish	fruitfly	SYN_GO0070887	biological_process	other	87	16	0.1839	44.85
fish	fruitfly	SYN_GO0043067	biological_process	other	78	22	0.2821	42.4
fish	fruitfly	SYN_GO0008283	biological_process	other	77	13	0.1688	44.5
fish	fruitfly	SYN_GO0030029	biological_process	other	69	15	0.2174	45.3
fish	fruitfly	SYN_GO0030036	biological_process	other	68	15	0.2206	45.3
fish	fruitfly	SYN_GO0023056	biological_process	other	65	20	0.3077	52.15
fish	fruitfly	SYN_GO0033036	biological_process	other	62	23	0.371	41.6
fish	fruitfly	SYN_GO0007049	biological_process	conserved	51	17	0.3333	37.5
fish	fruitfly	SYN_GO0009056	biological_process	conserved	51	23	0.451	49.8
fish	fruitfly	SYN_GO0044281	biological_process	conserved	45	16	0.3556	52.9
fish	fruitfly	SYN_GO0006629	biological_process	conserved	44	13	0.2955	43.6
fish	fruitfly	SYN_GO0022402	biological_process	conserved	41	13	0.3171	37.0
fish	fruitfly	SYN_GO0006396	biological_process	conserved	41	26	0.6341	44.35
fish	fruitfly	SYN_GO0048881	biological_process	specific	58	11	0.1897	50.9
fish	fruitfly	SYN_GO0001756	biological_process	specific	56	12	0.2143	35.0
fish	fruitfly	SYN_GO0035107	biological_process	specific	52	12	0.2308	40.85
fish	fruitfly	SYN_GO0007600	biological_process	specific	47	8	0.1702	46.15
fish	fruitfly	SYN_GO0070121	biological_process	specific	46	12	0.2609	45.65
fish	fruitfly	SYN_GO0002521	biological_process	specific	45	15	0.3333	51.4
fish	fruitfly	SYN_GO0001775	biological_process	specific	43	13	0.3023	47.9
fish	fruitfly	SYN_GO0048483	biological_process	specific	41	13	0.3171	41.6
fish	fruitfly	SYN_GO0090287	biological_process	other	58	13	0.2241	52.9
fish	fruitfly	SYN_GO0051640	biological_process	other	53	21	0.3962	46.7
fish	fruitfly	SYN_GO0090497	biological_process	other	51	9	0.1765	50.1
fish	fruitfly	SYN_GO0040008	biological_process	other	49	12	0.2449	51.45
fish	fruitfly	SYN_GO0003341	biological_process	other	48	20	0.4167	43.55
fish	fruitfly	SYN_GO0033993	biological_process	other	45	1	0.0222	24.6
fish	fruitfly	SYN_GO0006811	biological_process	other	43	14	0.3256	47.9
fish	fruitfly	SYN_GO1902679	biological_process	other	42	4	0.0952	65.1
fish	fruitfly	SYN_GO0003824	molecular_function	other	237	75	0.3165	47.0
fish	fruitfly	SYN_GO0003676	molecular_function	other	127	20	0.1575	49.75
fish	fruitfly	SYN_GO0016740	molecular_function	other	105	31	0.2952	50.4
fish	fruitfly	SYN_GO0005215	molecular_function	other	101	22	0.2178	43.7
fish	fruitfly	SYN_GO0022857	molecular_function	other	99	20	0.202	43.7
fish	fruitfly	SYN_GO0003677	molecular_function	other	96	11	0.1146	49.5
fish	fruitfly	SYN_GO0038023	molecular_function	other	93	5	0.0538	41.4
fish	fruitfly	SYN_GO0060089	molecular_function	other	93	5	0.0538	41.4
fish	fruitfly	SYN_GO0140110	molecular_function	other	78	11	0.141	43.7
fish	fruitfly	SYN_GO0140096	molecular_function	other	77	30	0.3896	45.85
fish	fruitfly	SYN_GO0043565	molecular_function	other	72	6	0.0833	49.75
fish	fruitfly	SYN_GO0003700	molecular_function	other	72	8	0.1111	40.95
fish	fruitfly	SYN_GO0004888	molecular_function	other	71	3	0.0423	41.4
fish	fruitfly	SYN_GO0016787	molecular_function	other	68	25	0.3676	41.2
fish	fruitfly	SYN_GO0015075	molecular_function	other	67	13	0.194	41.3
fish	fruitfly	SYN_GO0036094	molecular_function	other	60	12	0.2	43.4
fish	fruitfly	SYN_GO0022803	molecular_function	other	59	12	0.2034	41.8
fish	fruitfly	SYN_GO0015267	molecular_function	other	59	12	0.2034	41.8
fish	fruitfly	SYN_GO0004930	molecular_function	other	56	2	0.0357	36.7
fish	fruitfly	SYN_GO0005216	molecular_function	other	51	11	0.2157	41.3
fish	fruitfly	SYN_GO0008324	molecular_function	other	48	9	0.1875	34.6
fish	fruitfly	SYN_GO0022836	molecular_function	other	45	8	0.1778	44.6
fish	fruitfly	SYN_GO0043167	molecular_function	other	44	10	0.2273	43.4
fish	fruitfly	SYN_GO0000981	molecular_function	other	44	2	0.0455	43.35
fish	fruitfly	SYN_GO0043227	cellular_component	other	236	75	0.3178	45.5
fish	fruitfly	SYN_GO0005737	cellular_component	other	220	55	0.25	46.3
fish	fruitfly	SYN_GO0043231	cellular_component	other	191	57	0.2984	49.5
fish	fruitfly	SYN_GO0016020	cellular_component	other	168	35	0.2083	40.6
fish	fruitfly	SYN_GO0071944	cellular_component	other	137	27	0.1971	41.2
fish	fruitfly	SYN_GO0005886	cellular_component	other	134	27	0.2015	41.2
fish	fruitfly	SYN_GO0005634	cellular_component	other	124	37	0.2984	49.5
fish	fruitfly	SYN_GO0043228	cellular_component	other	96	25	0.2604	39.7
fish	fruitfly	SYN_GO0043232	cellular_component	other	96	25	0.2604	39.7
fish	fruitfly	SYN_GO0032991	cellular_component	other	70	21	0.3	59.3
fish	fruitfly	SYN_GO0042995	cellular_component	other	57	20	0.3509	37.05
fish	fruitfly	SYN_GO0120025	cellular_component	other	57	20	0.3509	37.05
fish	fruitfly	SYN_GO0005929	cellular_component	other	47	18	0.383	35.95
fish	fruitfly	SYN_GO0012505	cellular_component	other	47	13	0.2766	39.2
fish	fruitfly	SYN_GO0005856	cellular_component	other	40	10	0.25	37.35
fish	fugu	SYN_GO0044238	biological_process	conserved	236	194	0.822	75.5
fish	fugu	SYN_GO0043170	biological_process	conserved	178	147	0.8258	75.5
fish	fugu	SYN_GO0009058	biological_process	conserved	146	112	0.7671	75.5
fish	fugu	SYN_GO0009059	biological_process	conserved	109	85	0.7798	75.5
fish	fugu	SYN_GO0006139	biological_process	conserved	100	81	0.81	75.6
fish	fugu	SYN_GO0001568	biological_process	specific	236	175	0.7415	73.9
fish	fugu	SYN_GO0090596	biological_process	specific	203	160	0.7882	73.7
fish	fugu	SYN_GO0000902	biological_process	specific	186	154	0.828	73.9
fish	fugu	SYN_GO0048871	biological_process	specific	158	118	0.7468	72.05
fish	fugu	SYN_GO0048705	biological_process	specific	150	118	0.7867	76.45
fish	fugu	SYN_GO0007369	biological_process	specific	143	112	0.7832	72.4
fish	fugu	SYN_GO0007626	biological_process	specific	131	103	0.7863	72.2
fish	fugu	SYN_GO0055001	biological_process	specific	120	90	0.75	75.3
fish	fugu	SYN_GO0023051	biological_process	other	244	205	0.8402	73.4
fish	fugu	SYN_GO0009889	biological_process	other	225	172	0.7644	72.35
fish	fugu	SYN_GO0016477	biological_process	other	212	170	0.8019	71.1
fish	fugu	SYN_GO0009605	biological_process	other	193	128	0.6632	70.4
fish	fugu	SYN_GO0042221	biological_process	other	170	112	0.6588	70.15
fish	fugu	SYN_GO0060271	biological_process	other	145	118	0.8138	68.35
fish	fugu	SYN_GO0044419	biological_process	other	124	75	0.6048	63.9
fish	fugu	SYN_GO0006355	biological_process	other	115	89	0.7739	76.8
fish	fugu	SYN_GO0019538	biological_process	conserved	87	74	0.8506	76.15
fish	fugu	SYN_GO0090304	biological_process	conserved	86	70	0.814	74.25
fish	fugu	SYN_GO0010467	biological_process	conserved	77	59	0.7662	75.5
fish	fugu	SYN_GO0016070	biological_process	conserved	73	59	0.8082	75.6
fish	fugu	SYN_GO0034654	biological_process	conserved	64	50	0.7812	75.55
fish	fugu	SYN_GO0032774	biological_process	conserved	61	48	0.7869	75.55
fish	fugu	SYN_GO0141187	biological_process	conserved	61	48	0.7869	75.55
fish	fugu	SYN_GO0048872	biological_process	specific	93	69	0.7419	69.3
fish	fugu	SYN_GO0051216	biological_process	specific	91	76	0.8352	77.6
fish	fugu	SYN_GO0048882	biological_process	specific	85	67	0.7882	75.1
fish	fugu	SYN_GO0001947	biological_process	specific	80	63	0.7875	69.6
fish	fugu	SYN_GO0046530	biological_process	specific	73	53	0.726	69.8
fish	fugu	SYN_GO0030218	biological_process	specific	70	51	0.7286	69.3
fish	fugu	SYN_GO0048609	biological_process	specific	65	49	0.7538	60.1
fish	fugu	SYN_GO0035162	biological_process	specific	61	51	0.8361	75.7
fish	fugu	SYN_GO0060284	biological_process	other	98	76	0.7755	73.05
fish	fugu	SYN_GO0070887	biological_process	other	87	61	0.7011	70.2
fish	fugu	SYN_GO0043067	biological_process	other	78	65	0.8333	71.8
fish	fugu	SYN_GO0008283	biological_process	other	77	64	0.8312	77.15
fish	fugu	SYN_GO0030029	biological_process	other	69	49	0.7101	74.2
fish	fugu	SYN_GO0030036	biological_process	other	68	48	0.7059	74.1
fish	fugu	SYN_GO0023056	biological_process	other	65	54	0.8308	72.9
fish	fugu	SYN_GO0033036	biological_process	other	62	49	0.7903	71.8
fish	fugu	SYN_GO0007049	biological_process	conserved	51	40	0.7843	63.3
fish	fugu	SYN_GO0009056	biological_process	conserved	51	44	0.8627	76.7
fish	fugu	SYN_GO0044281	biological_process	conserved	45	36	0.8	76.05
fish	fugu	SYN_GO0006629	biological_process	conserved	44	35	0.7955	73.3
fish	fugu	SYN_GO0022402	biological_process	conserved	41	32	0.7805	65.15
fish	fugu	SYN_GO0006396	biological_process	conserved	41	32	0.7805	74.25
fish	fugu	SYN_GO0048881	biological_process	specific	58	51	0.8793	73.6
fish	fugu	SYN_GO0001756	biological_process	specific	56	44	0.7857	73.55
fish	fugu	SYN_GO0035107	biological_process	specific	52	39	0.75	76.9
fish	fugu	SYN_GO0007600	biological_process	specific	47	33	0.7021	79.6
fish	fugu	SYN_GO0070121	biological_process	specific	46	38	0.8261	73.35
fish	fugu	SYN_GO0002521	biological_process	specific	45	39	0.8667	70.2
fish	fugu	SYN_GO0001775	biological_process	specific	43	36	0.8372	69.1
fish	fugu	SYN_GO0048483	biological_process	specific	41	30	0.7317	76.1
fish	fugu	SYN_GO0090287	biological_process	other	58	47	0.8103	80.0
fish	fugu	SYN_GO0051640	biological_process	other	53	45	0.8491	71.1
fish	fugu	SYN_GO0090497	biological_process	other	51	40	0.7843	70.45
fish	fugu	SYN_GO0040008	biological_process	other	49	42	0.8571	81.15
fish	fugu	SYN_GO0003341	biological_process	other	48	36	0.75	58.9
fish	fugu	SYN_GO0033993	biological_process	other	45	28	0.6222	65.8
fish	fugu	SYN_GO0006811	biological_process	other	43	28	0.6512	70.4
fish	fugu	SYN_GO1902679	biological_process	other	42	29	0.6905	76.8
fish	fugu	SYN_GO0003824	molecular_function	other	237	176	0.7426	70.65
fish	fugu	SYN_GO0003676	molecular_function	other	127	96	0.7559	73.25
fish	fugu	SYN_GO0016740	molecular_function	other	105	68	0.6476	72.65
fish	fugu	SYN_GO0005215	molecular_function	other	101	67	0.6634	74.3
fish	fugu	SYN_GO0022857	molecular_function	other	99	65	0.6566	74.3
fish	fugu	SYN_GO0003677	molecular_function	other	96	76	0.7917	70.4
fish	fugu	SYN_GO0038023	molecular_function	other	93	61	0.6559	74.1
fish	fugu	SYN_GO0060089	molecular_function	other	93	61	0.6559	74.1
fish	fugu	SYN_GO0140110	molecular_function	other	78	57	0.7308	76.9
fish	fugu	SYN_GO0140096	molecular_function	other	77	58	0.7532	72.4
fish	fugu	SYN_GO0043565	molecular_function	other	72	57	0.7917	70.2
fish	fugu	SYN_GO0003700	molecular_function	other	72	52	0.7222	74.55
fish	fugu	SYN_GO0004888	molecular_function	other	71	49	0.6901	73.2
fish	fugu	SYN_GO0016787	molecular_function	other	68	54	0.7941	67.85
fish	fugu	SYN_GO0015075	molecular_function	other	67	45	0.6716	75.1
fish	fugu	SYN_GO0036094	molecular_function	other	60	37	0.6167	70.2
fish	fugu	SYN_GO0022803	molecular_function	other	59	40	0.678	75.2
fish	fugu	SYN_GO0015267	molecular_function	other	59	40	0.678	75.2
fish	fugu	SYN_GO0004930	molecular_function	other	56	37	0.6607	71.6
fish	fugu	SYN_GO0005216	molecular_function	other	51	36	0.7059	75.2
fish	fugu	SYN_GO0008324	molecular_function	other	48	33	0.6875	74.2
fish	fugu	SYN_GO0022836	molecular_function	other	45	31	0.6889	75.1
fish	fugu	SYN_GO0043167	molecular_function	other	44	29	0.6591	70.7
fish	fugu	SYN_GO0000981	molecular_function	other	44	29	0.6591	63.4
fish	fugu	SYN_GO0043227	cellular_component	other	236	176	0.7458	71.8
fish	fugu	SYN_GO0005737	cellular_component	other	220	157	0.7136	73.5
fish	fugu	SYN_GO0043231	cellular_component	other	191	145	0.7592	75.0
fish	fugu	SYN_GO0016020	cellular_component	other	168	126	0.75	73.35
fish	fugu	SYN_GO0071944	cellular_component	other	137	101	0.7372	72.9
fish	fugu	SYN_GO0005886	cellular_component	other	134	100	0.7463	73.1
fish	fugu	SYN_GO0005634	cellular_component	other	124	92	0.7419	71.4
fish	fugu	SYN_GO0043228	cellular_component	other	96	68	0.7083	64.25
fish	fugu	SYN_GO0043232	cellular_component	other	96	68	0.7083	64.25
fish	fugu	SYN_GO0032991	cellular_component	other	70	53	0.7571	73.8
fish	fugu	SYN_GO0042995	cellular_component	other	57	41	0.7193	62.4
fish	fugu	SYN_GO0120025	cellular_component	other	57	41	0.7193	62.4
fish	fugu	SYN_GO0005929	cellular_component	other	47	33	0.7021	62.4
fish	fugu	SYN_GO0012505	cellular_component	other	47	38	0.8085	73.0
fish	fugu	SYN_GO0005856	cellular_component	other	40	27	0.675	58.8
fish	gar	SYN_GO0044238	biological_process	conserved	236	191	0.8093	75.5
fish	gar	SYN_GO0043170	biological_process	conserved	178	146	0.8202	75.35
fish	gar	SYN_GO0009058	biological_process	conserved	146	121	0.8288	77.2
fish	gar	SYN_GO0009059	biological_process	conserved	109	90	0.8257	76.25
fish	gar	SYN_GO0006139	biological_process	conserved	100	86	0.86	75.9
fish	gar	SYN_GO0001568	biological_process	specific	236	162	0.6864	74.75
fish	gar	SYN_GO0090596	biological_process	specific	203	164	0.8079	74.75
fish	gar	SYN_GO0000902	biological_process	specific	186	138	0.7419	76.2
fish	gar	SYN_GO0048871	biological_process	specific	158	122	0.7722	74.25
fish	gar	SYN_GO0048705	biological_process	specific	150	121	0.8067	77.0
fish	gar	SYN_GO0007369	biological_process	specific	143	115	0.8042	71.7
fish	gar	SYN_GO0007626	biological_process	specific	131	93	0.7099	73.2
fish	gar	SYN_GO0055001	biological_process	specific	120	86	0.7167	75.75
fish	gar	SYN_GO0023051	biological_process	other	244	188	0.7705	76.0
fish	gar	SYN_GO0009889	biological_process	other	225	172	0.7644	75.05
fish	gar	SYN_GO0016477	biological_process	other	212	166	0.783	70.85
fish	gar	SYN_GO0009605	biological_process	other	193	126	0.6528	69.95
fish	gar	SYN_GO0042221	biological_process	other	170	103	0.6059	72.2
fish	gar	SYN_GO0060271	biological_process	other	145	121	0.8345	69.1
fish	gar	SYN_GO0044419	biological_process	other	124	76	0.6129	65.0
fish	gar	SYN_GO0006355	biological_process	other	115	85	0.7391	77.9
fish	gar	SYN_GO0019538	biological_process	conserved	87	69	0.7931	76.4
fish	gar	SYN_GO0090304	biological_process	conserved	86	74	0.8605	74.45
fish	gar	SYN_GO0010467	biological_process	conserved	77	65	0.8442	75.9
fish	gar	SYN_GO0016070	biological_process	conserved	73	62	0.8493	74.85
fish	gar	SYN_GO0034654	biological_process	conserved	64	53	0.8281	77.2
fish	gar	SYN_GO0032774	biological_process	conserved	61	50	0.8197	75.9
fish	gar	SYN_GO0141187	biological_process	conserved	61	50	0.8197	75.9
fish	gar	SYN_GO0048872	biological_process	specific	93	74	0.7957	72.5
fish	gar	SYN_GO0051216	biological_process	specific	91	76	0.8352	78.75
fish	gar	SYN_GO0048882	biological_process	specific	85	64	0.7529	80.05
fish	gar	SYN_GO0001947	biological_process	specific	80	68	0.85	71.05
fish	gar	SYN_GO0046530	biological_process	specific	73	56	0.7671	71.55
fish	gar	SYN_GO0030218	biological_process	specific	70	54	0.7714	72.5
fish	gar	SYN_GO0048609	biological_process	specific	65	49	0.7538	60.2
fish	gar	SYN_GO0035162	biological_process	specific	61	49	0.8033	75.6
fish	gar	SYN_GO0060284	biological_process	other	98	79	0.8061	74.7
fish	gar	SYN_GO0070887	biological_process	other	87	54	0.6207	71.9
fish	gar	SYN_GO0043067	biological_process	other	78	53	0.6795	71.2
fish	gar	SYN_GO0008283	biological_process	other	77	62	0.8052	75.15
fish	gar	SYN_GO0030029	biological_process	other	69	46	0.6667	76.15
fish	gar	SYN_GO0030036	biological_process	other	68	45	0.6618	76.2
fish	gar	SYN_GO0023056	biological_process	other	65	48	0.7385	75.25
fish	gar	SYN_GO0033036	biological_process	other	62	51	0.8226	69.1
fish	gar	SYN_GO0007049	biological_process	conserved	51	41	0.8039	63.2
fish	gar	SYN_GO0009056	biological_process	conserved	51	40	0.7843	75.6
fish	gar	SYN_GO0044281	biological_process	conserved	45	39	0.8667	78.4
fish	gar	SYN_GO0006629	biological_process	conserved	44	31	0.7045	71.5
fish	gar	SYN_GO0022402	biological_process	conserved	41	33	0.8049	63.2
fish	gar	SYN_GO0006396	biological_process	conserved	41	33	0.8049	74.4
fish	gar	SYN_GO0048881	biological_process	specific	58	47	0.8103	80.7
fish	gar	SYN_GO0001756	biological_process	specific	56	42	0.75	77.55
fish	gar	SYN_GO0035107	biological_process	specific	52	44	0.8462	75.85
fish	gar	SYN_GO0007600	biological_process	specific	47	35	0.7447	77.5
fish	gar	SYN_GO0070121	biological_process	specific	46	37	0.8043	76.4
fish	gar	SYN_GO0002521	biological_process	specific	45	39	0.8667	68.2
fish	gar	SYN_GO0001775	biological_process	specific	43	36	0.8372	68.7
fish	gar	SYN_GO0048483	biological_process	specific	41	29	0.7073	78.0
fish	gar	SYN_GO0090287	biological_process	other	58	42	0.7241	79.15
fish	gar	SYN_GO0051640	biological_process	other	53	44	0.8302	72.15
fish	gar	SYN_GO0090497	biological_process	other	51	44	0.8627	69.9
fish	gar	SYN_GO0040008	biological_process	other	49	40	0.8163	80.4
fish	gar	SYN_GO0003341	biological_process	other	48	39	0.8125	64.8
fish	gar	SYN_GO0033993	biological_process	other	45	23	0.5111	64.8
fish	gar	SYN_GO0006811	biological_process	other	43	32	0.7442	67.6
fish	gar	SYN_GO1902679	biological_process	other	42	29	0.6905	77.9
fish	gar	SYN_GO0003824	molecular_function	other	237	172	0.7257	73.15
fish	gar	SYN_GO0003676	molecular_function	other	127	97	0.7638	76.4
fish	gar	SYN_GO0016740	molecular_function	other	105	67	0.6381	77.8
fish	gar	SYN_GO0005215	molecular_function	other	101	62	0.6139	75.0
fish	gar	SYN_GO0022857	molecular_function	other	99	60	0.6061	75.0
fish	gar	SYN_GO0003677	molecular_function	other	96	74	0.7708	73.9
fish	gar	SYN_GO0038023	molecular_function	other	93	59	0.6344	73.4
fish	gar	SYN_GO0060089	molecular_function	other	93	59	0.6344	73.4
fish	gar	SYN_GO0140110	molecular_function	other	78	50	0.641	78.6
fish	gar	SYN_GO0140096	molecular_function	other	77	58	0.7532	76.1
fish	gar	SYN_GO0043565	molecular_function	other	72	56	0.7778	71.1
fish	gar	SYN_GO0003700	molecular_function	other	72	45	0.625	74.5
fish	gar	SYN_GO0004888	molecular_function	other	71	47	0.662	73.6
fish	gar	SYN_GO0016787	molecular_function	other	68	52	0.7647	69.4
fish	gar	SYN_GO0015075	molecular_function	other	67	45	0.6716	76.7
fish	gar	SYN_GO0036094	molecular_function	other	60	44	0.7333	72.3
fish	gar	SYN_GO0022803	molecular_function	other	59	36	0.6102	80.05
fish	gar	SYN_GO0015267	molecular_function	other	59	36	0.6102	80.05
fish	gar	SYN_GO0004930	molecular_function	other	56	38	0.6786	73.5
fish	gar	SYN_GO0005216	molecular_function	other	51	32	0.6275	80.05
fish	gar	SYN_GO0008324	molecular_function	other	48	31	0.6458	72.9
fish	gar	SYN_GO0022836	molecular_function	other	45	26	0.5778	80.8
fish	gar	SYN_GO0043167	molecular_function	other	44	36	0.8182	72.8
fish	gar	SYN_GO0000981	molecular_function	other	44	23	0.5227	67.5
fish	gar	SYN_GO0043227	cellular_component	other	236	188	0.7966	73.25
fish	gar	SYN_GO0005737	cellular_component	other	220	166	0.7545	72.7
fish	gar	SYN_GO0043231	cellular_component	other	191	150	0.7853	77.0
fish	gar	SYN_GO0016020	cellular_component	other	168	128	0.7619	74.6
fish	gar	SYN_GO0071944	cellular_component	other	137	101	0.7372	74.5
fish	gar	SYN_GO0005886	cellular_component	other	134	100	0.7463	74.6
fish	gar	SYN_GO0005634	cellular_component	other	124	99	0.7984	77.2
fish	gar	SYN_GO0043228	cellular_component	other	96	75	0.7812	64.8
fish	gar	SYN_GO0043232	cellular_component	other	96	75	0.7812	64.8
fish	gar	SYN_GO0032991	cellular_component	other	70	54	0.7714	74.6
fish	gar	SYN_GO0042995	cellular_component	other	57	49	0.8596	64.8
fish	gar	SYN_GO0120025	cellular_component	other	57	49	0.8596	64.8
fish	gar	SYN_GO0005929	cellular_component	other	47	41	0.8723	64.0
fish	gar	SYN_GO0012505	cellular_component	other	47	38	0.8085	74.05
fish	gar	SYN_GO0005856	cellular_component	other	40	34	0.85	64.4
fish	goldfish	SYN_GO0044238	biological_process	conserved	236	230	0.9746	90.35
fish	goldfish	SYN_GO0043170	biological_process	conserved	178	174	0.9775	90.75
fish	goldfish	SYN_GO0009058	biological_process	conserved	146	143	0.9795	90.8
fish	goldfish	SYN_GO0009059	biological_process	conserved	109	106	0.9725	90.85
fish	goldfish	SYN_GO0006139	biological_process	conserved	100	97	0.97	89.8
fish	goldfish	SYN_GO0001568	biological_process	specific	236	226	0.9576	90.6
fish	goldfish	SYN_GO0090596	biological_process	specific	203	197	0.9704	90.9
fish	goldfish	SYN_GO0000902	biological_process	specific	186	178	0.957	91.75
fish	goldfish	SYN_GO0048871	biological_process	specific	158	154	0.9747	89.65
fish	goldfish	SYN_GO0048705	biological_process	specific	150	147	0.98	91.3
fish	goldfish	SYN_GO0007369	biological_process	specific	143	142	0.993	90.15
fish	goldfish	SYN_GO0007626	biological_process	specific	131	129	0.9847	89.4
fish	goldfish	SYN_GO0055001	biological_process	specific	120	119	0.9917	90.5
fish	goldfish	SYN_GO0023051	biological_process	other	244	242	0.9918	91.0
fish	goldfish	SYN_GO0009889	biological_process	other	225	219	0.9733	90.7
fish	goldfish	SYN_GO0016477	biological_process	other	212	210	0.9906	89.95
fish	goldfish	SYN_GO0009605	biological_process	other	193	178	0.9223	87.15
fish	goldfish	SYN_GO0042221	biological_process	other	170	155	0.9118	88.1
fish	goldfish	SYN_GO0060271	biological_process	other	145	142	0.9793	88.35
fish	goldfish	SYN_GO0044419	biological_process	other	124	111	0.8952	81.4
fish	goldfish	SYN_GO0006355	biological_process	other	115	115	1.0	91.8
fish	goldfish	SYN_GO0019538	biological_process	conserved	87	85	0.977	92.2
fish	goldfish	SYN_GO0090304	biological_process	conserved	86	83	0.9651	90.2
fish	goldfish	SYN_GO0010467	biological_process	conserved	77	74	0.961	89.95
fish	goldfish	SYN_GO0016070	biological_process	conserved	73	70	0.9589	89.55
fish	goldfish	SYN_GO0034654	biological_process	conserved	64	61	0.9531	88.8
fish	goldfish	SYN_GO0032774	biological_process	conserved	61	58	0.9508	88.55
fish	goldfish	SYN_GO0141187	biological_process	conserved	61	58	0.9508	88.55
fish	goldfish	SYN_GO0048872	biological_process	specific	93	90	0.9677	88.8
fish	goldfish	SYN_GO0051216	biological_process	specific	91	89	0.978	92.3
fish	goldfish	SYN_GO0048882	biological_process	specific	85	85	1.0	91.1
fish	goldfish	SYN_GO0001947	biological_process	specific	80	78	0.975	90.15
fish	goldfish	SYN_GO0046530	biological_process	specific	73	72	0.9863	88.65
fish	goldfish	SYN_GO0030218	biological_process	specific	70	69	0.9857	88.0
fish	goldfish	SYN_GO0048609	biological_process	specific	65	62	0.9538	84.1
fish	goldfish	SYN_GO0035162	biological_process	specific	61	61	1.0	92.2
fish	goldfish	SYN_GO0060284	biological_process	other	98	97	0.9898	89.2
fish	goldfish	SYN_GO0070887	biological_process	other	87	81	0.931	88.6
fish	goldfish	SYN_GO0043067	biological_process	other	78	76	0.9744	87.9
fish	goldfish	SYN_GO0008283	biological_process	other	77	77	1.0	91.6
fish	goldfish	SYN_GO0030029	biological_process	other	69	68	0.9855	89.35
fish	goldfish	SYN_GO0030036	biological_process	other	68	67	0.9853	89.2
fish	goldfish	SYN_GO0023056	biological_process	other	65	64	0.9846	90.1
fish	goldfish	SYN_GO0033036	biological_process	other	62	62	1.0	88.95
fish	goldfish	SYN_GO0007049	biological_process	conserved	51	50	0.9804	86.3
fish	goldfish	SYN_GO0009056	biological_process	conserved	51	51	1.0	90.4
fish	goldfish	SYN_GO0044281	biological_process	conserved	45	45	1.0	90.6
fish	goldfish	SYN_GO0006629	biological_process	conserved	44	42	0.9545	89.45
fish	goldfish	SYN_GO0022402	biological_process	conserved	41	41	1.0	86.4
fish	goldfish	SYN_GO0006396	biological_process	conserved	41	39	0.9512	87.7
fish	goldfish	SYN_GO0048881	biological_process	specific	58	58	1.0	92.65
fish	goldfish	SYN_GO0001756	biological_process	specific	56	55	0.9821	92.6
fish	goldfish	SYN_GO0035107	biological_process	specific	52	49	0.9423	92.4
fish	goldfish	SYN_GO0007600	biological_process	specific	47	46	0.9787	91.4
fish	goldfish	SYN_GO0070121	biological_process	specific	46	45	0.9783	92.2
fish	goldfish	SYN_GO0002521	biological_process	specific	45	44	0.9778	88.75
fish	goldfish	SYN_GO0001775	biological_process	specific	43	41	0.9535	88.8
fish	goldfish	SYN_GO0048483	biological_process	specific	41	40	0.9756	90.85
fish	goldfish	SYN_GO0090287	biological_process	other	58	58	1.0	91.95
fish	goldfish	SYN_GO0051640	biological_process	other	53	52	0.9811	90.1
fish	goldfish	SYN_GO0090497	biological_process	other	51	51	1.0	90.3
fish	goldfish	SYN_GO0040008	biological_process	other	49	48	0.9796	91.0
fish	goldfish	SYN_GO0003341	biological_process	other	48	48	1.0	82.6
fish	goldfish	SYN_GO0033993	biological_process	other	45	38	0.8444	82.0
fish	goldfish	SYN_GO0006811	biological_process	other	43	41	0.9535	87.7
fish	goldfish	SYN_GO1902679	biological_process	other	42	42	1.0	92.45
fish	goldfish	SYN_GO0003824	molecular_function	other	237	224	0.9451	88.95
fish	goldfish	SYN_GO0003676	molecular_function	other	127	126	0.9921	90.75
fish	goldfish	SYN_GO0016740	molecular_function	other	105	95	0.9048	90.2
fish	goldfish	SYN_GO0005215	molecular_function	other	101	99	0.9802	89.0
fish	goldfish	SYN_GO0022857	molecular_function	other	99	97	0.9798	88.9
fish	goldfish	SYN_GO0003677	molecular_function	other	96	96	1.0	90.55
fish	goldfish	SYN_GO0038023	molecular_function	other	93	88	0.9462	88.7
fish	goldfish	SYN_GO0060089	molecular_function	other	93	88	0.9462	88.7
fish	goldfish	SYN_GO0140110	molecular_function	other	78	76	0.9744	91.5
fish	goldfish	SYN_GO0140096	molecular_function	other	77	74	0.961	89.1
fish	goldfish	SYN_GO0043565	molecular_function	other	72	72	1.0	89.65
fish	goldfish	SYN_GO0003700	molecular_function	other	72	70	0.9722	91.3
fish	goldfish	SYN_GO0004888	molecular_function	other	71	67	0.9437	88.2
fish	goldfish	SYN_GO0016787	molecular_function	other	68	67	0.9853	87.5
fish	goldfish	SYN_GO0015075	molecular_function	other	67	66	0.9851	90.15
fish	goldfish	SYN_GO0036094	molecular_function	other	60	54	0.9	88.8
fish	goldfish	SYN_GO0022803	molecular_function	other	59	59	1.0	90.6
fish	goldfish	SYN_GO0015267	molecular_function	other	59	59	1.0	90.6
fish	goldfish	SYN_GO0004930	molecular_function	other	56	52	0.9286	88.0
fish	goldfish	SYN_GO0005216	molecular_function	other	51	51	1.0	90.7
fish	goldfish	SYN_GO0008324	molecular_function	other	48	47	0.9792	89.3
fish	goldfish	SYN_GO0022836	molecular_function	other	45	45	1.0	90.7
fish	goldfish	SYN_GO0043167	molecular_function	other	44	42	0.9545	90.0
fish	goldfish	SYN_GO0000981	molecular_function	other	44	43	0.9773	89.8
fish	goldfish	SYN_GO0043227	cellular_component	other	236	227	0.9619	88.8
fish	goldfish	SYN_GO0005737	cellular_component	other	220	211	0.9591	88.4
fish	goldfish	SYN_GO0043231	cellular_component	other	191	184	0.9634	89.8
fish	goldfish	SYN_GO0016020	cellular_component	other	168	165	0.9821	90.0
fish	goldfish	SYN_GO0071944	cellular_component	other	137	135	0.9854	90.3
fish	goldfish	SYN_GO0005886	cellular_component	other	134	132	0.9851	90.35
fish	goldfish	SYN_GO0005634	cellular_component	other	124	120	0.9677	88.55
fish	goldfish	SYN_GO0043228	cellular_component	other	96	95	0.9896	85.6
fish	goldfish	SYN_GO0043232	cellular_component	other	96	95	0.9896	85.6
fish	goldfish	SYN_GO0032991	cellular_component	other	70	67	0.9571	90.2
fish	goldfish	SYN_GO0042995	cellular_component	other	57	55	0.9649	84.6
fish	goldfish	SYN_GO0120025	cellular_component	other	57	55	0.9649	84.6
fish	goldfish	SYN_GO0005929	cellular_component	other	47	45	0.9574	84.4
fish	goldfish	SYN_GO0012505	cellular_component	other	47	46	0.9787	88.85
fish	goldfish	SYN_GO0005856	cellular_component	other	40	39	0.975	85.6
fish	grasscarp	SYN_GO0044238	biological_process	conserved	236	193	0.8178	67.5
fish	grasscarp	SYN_GO0043170	biological_process	conserved	178	145	0.8146	67.9
fish	grasscarp	SYN_GO0009058	biological_process	conserved	146	122	0.8356	67.6
fish	grasscarp	SYN_GO0009059	biological_process	conserved	109	91	0.8349	67.5
fish	grasscarp	SYN_GO0006139	biological_process	conserved	100	86	0.86	67.8
fish	grasscarp	SYN_GO0001568	biological_process	specific	236	166	0.7034	67.55
fish	grasscarp	SYN_GO0090596	biological_process	specific	203	155	0.7635	66.2
fish	grasscarp	SYN_GO0000902	biological_process	specific	186	134	0.7204	68.45
fish	grasscarp	SYN_GO0048871	biological_process	specific	158	108	0.6835	66.4
fish	grasscarp	SYN_GO0048705	biological_process	specific	150	114	0.76	68.85
fish	grasscarp	SYN_GO0007369	biological_process	specific	143	107	0.7483	63.4
fish	grasscarp	SYN_GO0007626	biological_process	specific	131	95	0.7252	68.1
fish	grasscarp	SYN_GO0055001	biological_process	specific	120	80	0.6667	65.9
fish	grasscarp	SYN_GO0023051	biological_process	other	244	182	0.7459	65.85
fish	grasscarp	SYN_GO0009889	biological_process	other	225	158	0.7022	64.6
fish	grasscarp	SYN_GO0016477	biological_process	other	212	160	0.7547	62.45
fish	grasscarp	SYN_GO0009605	biological_process	other	193	108	0.5596	61.65
fish	grasscarp	SYN_GO0042221	biological_process	other	170	95	0.5588	61.8
fish	grasscarp	SYN_GO0060271	biological_process	other	145	116	0.8	62.0
fish	grasscarp	SYN_GO0044419	biological_process	other	124	66	0.5323	55.7
fish	grasscarp	SYN_GO0006355	biological_process	other	115	73	0.6348	69.9
fish	grasscarp	SYN_GO0019538	biological_process	conserved	87	69	0.7931	70.8
fish	grasscarp	SYN_GO0090304	biological_process	conserved	86	74	0.8605	66.5
fish	grasscarp	SYN_GO0010467	biological_process	conserved	77	65	0.8442	67.5
fish	grasscarp	SYN_GO0016070	biological_process	conserved	73	64	0.8767	66.5
fish	grasscarp	SYN_GO0034654	biological_process	conserved	64	55	0.8594	67.9
fish	grasscarp	SYN_GO0032774	biological_process	conserved	61	52	0.8525	67.3
fish	grasscarp	SYN_GO0141187	biological_process	conserved	61	52	0.8525	67.3
fish	grasscarp	SYN_GO0048872	biological_process	specific	93	65	0.6989	65.6
fish	grasscarp	SYN_GO0051216	biological_process	specific	91	78	0.8571	69.8
fish	grasscarp	SYN_GO0048882	biological_process	specific	85	66	0.7765	67.25
fish	grasscarp	SYN_GO0001947	biological_process	specific	80	59	0.7375	65.8
fish	grasscarp	SYN_GO0046530	biological_process	specific	73	56	0.7671	63.2
fish	grasscarp	SYN_GO0030218	biological_process	specific	70	48	0.6857	64.45
fish	grasscarp	SYN_GO0048609	biological_process	specific	65	46	0.7077	52.9
fish	grasscarp	SYN_GO0035162	biological_process	specific	61	47	0.7705	69.3
fish	grasscarp	SYN_GO0060284	biological_process	other	98	70	0.7143	71.95
fish	grasscarp	SYN_GO0070887	biological_process	other	87	52	0.5977	60.4
fish	grasscarp	SYN_GO0043067	biological_process	other	78	53	0.6795	63.5
fish	grasscarp	SYN_GO0008283	biological_process	other	77	56	0.7273	67.15
fish	grasscarp	SYN_GO0030029	biological_process	other	69	41	0.5942	69.2
fish	grasscarp	SYN_GO0030036	biological_process	other	68	40	0.5882	68.1
fish	grasscarp	SYN_GO0023056	biological_process	other	65	45	0.6923	69.2
fish	grasscarp	SYN_GO0033036	biological_process	other	62	47	0.7581	65.6
fish	grasscarp	SYN_GO0007049	biological_process	conserved	51	37	0.7255	58.7
fish	grasscarp	SYN_GO0009056	biological_process	conserved	51	42	0.8235	67.9
fish	grasscarp	SYN_GO0044281	biological_process	conserved	45	39	0.8667	71.1
fish	grasscarp	SYN_GO0006629	biological_process	conserved	44	33	0.75	62.8
fish	grasscarp	SYN_GO0022402	biological_process	conserved	41	29	0.7073	53.6
fish	grasscarp	SYN_GO0006396	biological_process	conserved	41	36	0.878	64.85
fish	grasscarp	SYN_GO0048881	biological_process	specific	58	45	0.7759	66.3
fish	grasscarp	SYN_GO0001756	biological_process	specific	56	42	0.75	66.85
fish	grasscarp	SYN_GO0035107	biological_process	specific	52	40	0.7692	67.65
fish	grasscarp	SYN_GO0007600	biological_process	specific	47	31	0.6596	60.4
fish	grasscarp	SYN_GO0070121	biological_process	specific	46	34	0.7391	65.45
fish	grasscarp	SYN_GO0002521	biological_process	specific	45	37	0.8222	62.4
fish	grasscarp	SYN_GO0001775	biological_process	specific	43	34	0.7907	62.0
fish	grasscarp	SYN_GO0048483	biological_process	specific	41	29	0.7073	64.9
fish	grasscarp	SYN_GO0090287	biological_process	other	58	43	0.7414	67.5
fish	grasscarp	SYN_GO0051640	biological_process	other	53	41	0.7736	65.7
fish	grasscarp	SYN_GO0090497	biological_process	other	51	42	0.8235	62.05
fish	grasscarp	SYN_GO0040008	biological_process	other	49	37	0.7551	69.3
fish	grasscarp	SYN_GO0003341	biological_process	other	48	41	0.8542	56.3
fish	grasscarp	SYN_GO0033993	biological_process	other	45	22	0.4889	52.9
fish	grasscarp	SYN_GO0006811	biological_process	other	43	31	0.7209	60.9
fish	grasscarp	SYN_GO1902679	biological_process	other	42	25	0.5952	69.3
fish	grasscarp	SYN_GO0003824	molecular_function	other	237	170	0.7173	63.0
fish	grasscarp	SYN_GO0003676	molecular_function	other	127	88	0.6929	64.05
fish	grasscarp	SYN_GO0016740	molecular_function	other	105	65	0.619	67.5
fish	grasscarp	SYN_GO0005215	molecular_function	other	101	60	0.5941	69.3
fish	grasscarp	SYN_GO0022857	molecular_function	other	99	58	0.5859	69.3
fish	grasscarp	SYN_GO0003677	molecular_function	other	96	65	0.6771	59.6
fish	grasscarp	SYN_GO0038023	molecular_function	other	93	44	0.4731	62.05
fish	grasscarp	SYN_GO0060089	molecular_function	other	93	44	0.4731	62.05
fish	grasscarp	SYN_GO0140110	molecular_function	other	78	47	0.6026	68.2
fish	grasscarp	SYN_GO0140096	molecular_function	other	77	55	0.7143	67.1
fish	grasscarp	SYN_GO0043565	molecular_function	other	72	48	0.6667	59.1
fish	grasscarp	SYN_GO0003700	molecular_function	other	72	43	0.5972	60.8
fish	grasscarp	SYN_GO0004888	molecular_function	other	71	36	0.507	61.8
fish	grasscarp	SYN_GO0016787	molecular_function	other	68	53	0.7794	58.3
fish	grasscarp	SYN_GO0015075	molecular_function	other	67	43	0.6418	70.1
fish	grasscarp	SYN_GO0036094	molecular_function	other	60	41	0.6833	59.6
fish	grasscarp	SYN_GO0022803	molecular_function	other	59	33	0.5593	71.3
fish	grasscarp	SYN_GO0015267	molecular_function	other	59	33	0.5593	71.3
fish	grasscarp	SYN_GO0004930	molecular_function	other	56	29	0.5179	61.7
fish	grasscarp	SYN_GO0005216	molecular_function	other	51	30	0.5882	70.9
fish	grasscarp	SYN_GO0008324	molecular_function	other	48	31	0.6458	69.9
fish	grasscarp	SYN_GO0022836	molecular_function	other	45	25	0.5556	71.1
fish	grasscarp	SYN_GO0043167	molecular_function	other	44	32	0.7273	60.2
fish	grasscarp	SYN_GO0000981	molecular_function	other	44	23	0.5227	60.8
fish	grasscarp	SYN_GO0043227	cellular_component	other	236	173	0.7331	66.2
fish	grasscarp	SYN_GO0005737	cellular_component	other	220	156	0.7091	64.85
fish	grasscarp	SYN_GO0043231	cellular_component	other	191	137	0.7173	67.3
fish	grasscarp	SYN_GO0016020	cellular_component	other	168	113	0.6726	67.0
fish	grasscarp	SYN_GO0071944	cellular_component	other	137	91	0.6642	64.2
fish	grasscarp	SYN_GO0005886	cellular_component	other	134	90	0.6716	65.2
fish	grasscarp	SYN_GO0005634	cellular_component	other	124	89	0.7177	66.8
fish	grasscarp	SYN_GO0043228	cellular_component	other	96	67	0.6979	56.6
fish	grasscarp	SYN_GO0043232	cellular_component	other	96	67	0.6979	56.6
fish	grasscarp	SYN_GO0032991	cellular_component	other	70	48	0.6857	69.35
fish	grasscarp	SYN_GO0042995	cellular_component	other	57	47	0.8246	55.2
fish	grasscarp	SYN_GO0120025	cellular_component	other	57	47	0.8246	55.2
fish	grasscarp	SYN_GO0005929	cellular_component	other	47	39	0.8298	54.9
fish	grasscarp	SYN_GO0012505	cellular_component	other	47	35	0.7447	66.1
fish	grasscarp	SYN_GO0005856	cellular_component	other	40	29	0.725	53.0
fish	human	SYN_GO0044238	biological_process	conserved	236	196	0.8305	68.45
fish	human	SYN_GO0043170	biological_process	conserved	178	147	0.8258	68.4
fish	human	SYN_GO0009058	biological_process	conserved	146	121	0.8288	68.0
fish	human	SYN_GO0009059	biological_process	conserved	109	91	0.8349	68.2
fish	human	SYN_GO0006139	biological_process	conserved	100	83	0.83	68.2
fish	human	SYN_GO0001568	biological_process	specific	236	167	0.7076	66.3
fish	human	SYN_GO0090596	biological_process	specific	203	162	0.798	66.35
fish	human	SYN_GO0000902	biological_process	specific	186	134	0.7204	68.9
fish	human	SYN_GO0048871	biological_process	specific	158	116	0.7342	65.95
fish	human	SYN_GO0048705	biological_process	specific	150	116	0.7733	69.15
fish	human	SYN_GO0007369	biological_process	specific	143	107	0.7483	64.8
fish	human	SYN_GO0007626	biological_process	specific	131	94	0.7176	67.6
fish	human	SYN_GO0055001	biological_process	specific	120	81	0.675	66.3
fish	human	SYN_GO0023051	biological_process	other	244	186	0.7623	66.15
fish	human	SYN_GO0009889	biological_process	other	225	158	0.7022	65.1
fish	human	SYN_GO0016477	biological_process	other	212	162	0.7642	63.5
fish	human	SYN_GO0009605	biological_process	other	193	115	0.5959	63.7
fish	human	SYN_GO0042221	biological_process	other	170	99	0.5824	62.2
fish	human	SYN_GO0060271	biological_process	other	145	121	0.8345	62.9
fish	human	SYN_GO0044419	biological_process	other	124	70	0.5645	56.05
fish	human	SYN_GO0006355	biological_process	other	115	75	0.6522	69.7
fish	human	SYN_GO0019538	biological_process	conserved	87	73	0.8391	70.5
fish	human	SYN_GO0090304	biological_process	conserved	86	72	0.8372	66.9
fish	human	SYN_GO0010467	biological_process	conserved	77	65	0.8442	67.7
fish	human	SYN_GO0016070	biological_process	conserved	73	62	0.8493	66.9
fish	human	SYN_GO0034654	biological_process	conserved	64	52	0.8125	68.25
fish	human	SYN_GO0032774	biological_process	conserved	61	50	0.8197	68.25
fish	human	SYN_GO0141187	biological_process	conserved	61	50	0.8197	68.25
fish	human	SYN_GO0048872	biological_process	specific	93	71	0.7634	64.3
fish	human	SYN_GO0051216	biological_process	specific	91	79	0.8681	69.8
fish	human	SYN_GO0048882	biological_process	specific	85	65	0.7647	68.8
fish	human	SYN_GO0001947	biological_process	specific	80	61	0.7625	65.2
fish	human	SYN_GO0046530	biological_process	specific	73	58	0.7945	63.75
fish	human	SYN_GO0030218	biological_process	specific	70	52	0.7429	63.8
fish	human	SYN_GO0048609	biological_process	specific	65	45	0.6923	54.0
fish	human	SYN_GO0035162	biological_process	specific	61	50	0.8197	69.15
fish	human	SYN_GO0060284	biological_process	other	98	71	0.7245	69.7
fish	human	SYN_GO0070887	biological_process	other	87	53	0.6092	59.8
fish	human	SYN_GO0043067	biological_process	other	78	55	0.7051	64.4
fish	human	SYN_GO0008283	biological_process	other	77	58	0.7532	68.6
fish	human	SYN_GO0030029	biological_process	other	69	42	0.6087	71.9
fish	human	SYN_GO0030036	biological_process	other	68	42	0.6176	71.9
fish	human	SYN_GO0023056	biological_process	other	65	47	0.7231	69.0
fish	human	SYN_GO0033036	biological_process	other	62	48	0.7742	66.35
fish	human	SYN_GO0007049	biological_process	conserved	51	37	0.7255	60.5
fish	human	SYN_GO0009056	biological_process	conserved	51	41	0.8039	68.5
fish	human	SYN_GO0044281	biological_process	conserved	45	38	0.8444	70.1
fish	human	SYN_GO0006629	biological_process	conserved	44	36	0.8182	66.2
fish	human	SYN_GO0022402	biological_process	conserved	41	29	0.7073	60.5
fish	human	SYN_GO0006396	biological_process	conserved	41	34	0.8293	64.75
fish	human	SYN_GO0048881	biological_process	specific	58	44	0.7586	67.55
fish	human	SYN_GO0001756	biological_process	specific	56	45	0.8036	68.6
fish	human	SYN_GO0035107	biological_process	specific	52	41	0.7885	68.4
fish	human	SYN_GO0007600	biological_process	specific	47	35	0.7447	63.5
fish	human	SYN_GO0070121	biological_process	specific	46	37	0.8043	65.0
fish	human	SYN_GO0002521	biological_process	specific	45	38	0.8444	61.8
fish	human	SYN_GO0001775	biological_process	specific	43	35	0.814	62.8
fish	human	SYN_GO0048483	biological_process	specific	41	30	0.7317	65.8
fish	human	SYN_GO0090287	biological_process	other	58	43	0.7414	68.7
fish	human	SYN_GO0051640	biological_process	other	53	42	0.7925	67.05
fish	human	SYN_GO0090497	biological_process	other	51	41	0.8039	63.0
fish	human	SYN_GO0040008	biological_process	other	49	38	0.7755	69.7
fish	human	SYN_GO0003341	biological_process	other	48	41	0.8542	55.1
fish	human	SYN_GO0033993	biological_process	other	45	22	0.4889	54.85
fish	human	SYN_GO0006811	biological_process	other	43	31	0.7209	59.9
fish	human	SYN_GO1902679	biological_process	other	42	24	0.5714	64.7
fish	human	SYN_GO0003824	molecular_function	other	237	173	0.73	64.8
fish	human	SYN_GO0003676	molecular_function	other	127	90	0.7087	64.1
fish	human	SYN_GO0016740	molecular_function	other	105	67	0.6381	67.5
fish	human	SYN_GO0005215	molecular_function	other	101	62	0.6139	68.8
fish	human	SYN_GO0022857	molecular_function	other	99	60	0.6061	68.8
fish	human	SYN_GO0003677	molecular_function	other	96	68	0.7083	59.55
fish	human	SYN_GO0038023	molecular_function	other	93	46	0.4946	64.8
fish	human	SYN_GO0060089	molecular_function	other	93	46	0.4946	64.8
fish	human	SYN_GO0140110	molecular_function	other	78	49	0.6282	67.3
fish	human	SYN_GO0140096	molecular_function	other	77	59	0.7662	67.4
fish	human	SYN_GO0043565	molecular_function	other	72	50	0.6944	57.05
fish	human	SYN_GO0003700	molecular_function	other	72	44	0.6111	59.4
fish	human	SYN_GO0004888	molecular_function	other	71	36	0.507	64.1
fish	human	SYN_GO0016787	molecular_function	other	68	54	0.7941	60.35
fish	human	SYN_GO0015075	molecular_function	other	67	45	0.6716	70.2
fish	human	SYN_GO0036094	molecular_function	other	60	41	0.6833	59.6
fish	human	SYN_GO0022803	molecular_function	other	59	35	0.5932	71.1
fish	human	SYN_GO0015267	molecular_function	other	59	35	0.5932	71.1
fish	human	SYN_GO0004930	molecular_function	other	56	29	0.5179	63.8
fish	human	SYN_GO0005216	molecular_function	other	51	32	0.6275	69.5
fish	human	SYN_GO0008324	molecular_function	other	48	32	0.6667	68.8
fish	human	SYN_GO0022836	molecular_function	other	45	27	0.6	68.6
fish	human	SYN_GO0043167	molecular_function	other	44	32	0.7273	61.0
fish	human	SYN_GO0000981	molecular_function	other	44	24	0.5455	58.45
fish	human	SYN_GO0043227	cellular_component	other	236	180	0.7627	67.25
fish	human	SYN_GO0005737	cellular_component	other	220	157	0.7136	65.4
fish	human	SYN_GO0043231	cellular_component	other	191	143	0.7487	68.1
fish	human	SYN_GO0016020	cellular_component	other	168	113	0.6726	67.0
fish	human	SYN_GO0071944	cellular_component	other	137	90	0.6569	65.15
fish	human	SYN_GO0005886	cellular_component	other	134	89	0.6642	65.2
fish	human	SYN_GO0005634	cellular_component	other	124	92	0.7419	67.9
fish	human	SYN_GO0043228	cellular_component	other	96	69	0.7188	56.2
fish	human	SYN_GO0043232	cellular_component	other	96	69	0.7188	56.2
fish	human	SYN_GO0032991	cellular_component	other	70	51	0.7286	68.7
fish	human	SYN_GO0042995	cellular_component	other	57	47	0.8246	55.2
fish	human	SYN_GO0120025	cellular_component	other	57	47	0.8246	55.2
fish	human	SYN_GO0005929	cellular_component	other	47	39	0.8298	54.8
fish	human	SYN_GO0012505	cellular_component	other	47	36	0.766	65.8
fish	human	SYN_GO0005856	cellular_component	other	40	30	0.75	54.25
fish	lamprey	SYN_GO0044238	biological_process	conserved	236	151	0.6398	62.3
fish	lamprey	SYN_GO0043170	biological_process	conserved	178	116	0.6517	62.35
fish	lamprey	SYN_GO0009058	biological_process	conserved	146	93	0.637	60.7
fish	lamprey	SYN_GO0009059	biological_process	conserved	109	72	0.6606	61.45
fish	lamprey	SYN_GO0006139	biological_process	conserved	100	67	0.67	61.5
fish	lamprey	SYN_GO0001568	biological_process	specific	236	101	0.428	54.1
fish	lamprey	SYN_GO0090596	biological_process	specific	203	105	0.5172	57.5
fish	lamprey	SYN_GO0000902	biological_process	specific	186	94	0.5054	56.9
fish	lamprey	SYN_GO0048871	biological_process	specific	158	81	0.5127	60.4
fish	lamprey	SYN_GO0048705	biological_process	specific	150	67	0.4467	58.2
fish	lamprey	SYN_GO0007369	biological_process	specific	143	63	0.4406	58.4
fish	lamprey	SYN_GO0007626	biological_process	specific	131	66	0.5038	60.85
fish	lamprey	SYN_GO0055001	biological_process	specific	120	48	0.4	55.65
fish	lamprey	SYN_GO0023051	biological_process	other	244	126	0.5164	58.4
fish	lamprey	SYN_GO0009889	biological_process	other	225	93	0.4133	56.9
fish	lamprey	SYN_GO0016477	biological_process	other	212	94	0.4434	52.45
fish	lamprey	SYN_GO0009605	biological_process	other	193	72	0.3731	58.55
fish	lamprey	SYN_GO0042221	biological_process	other	170	66	0.3882	56.0
fish	lamprey	SYN_GO0060271	biological_process	other	145	91	0.6276	54.8
fish	lamprey	SYN_GO0044419	biological_process	other	124	37	0.2984	56.3
fish	lamprey	SYN_GO0006355	biological_process	other	115	39	0.3391	56.1
fish	lamprey	SYN_GO0019538	biological_process	conserved	87	57	0.6552	65.1
fish	lamprey	SYN_GO0090304	biological_process	conserved	86	58	0.6744	61.3
fish	lamprey	SYN_GO0010467	biological_process	conserved	77	51	0.6623	61.9
fish	lamprey	SYN_GO0016070	biological_process	conserved	73	51	0.6986	61.0
fish	lamprey	SYN_GO0034654	biological_process	conserved	64	44	0.6875	61.25
fish	lamprey	SYN_GO0032774	biological_process	conserved	61	42	0.6885	59.35
fish	lamprey	SYN_GO0141187	biological_process	conserved	61	42	0.6885	59.35
fish	lamprey	SYN_GO0048872	biological_process	specific	93	46	0.4946	60.6
fish	lamprey	SYN_GO0051216	biological_process	specific	91	47	0.5165	60.0
fish	lamprey	SYN_GO0048882	biological_process	specific	85	40	0.4706	56.95
fish	lamprey	SYN_GO0001947	biological_process	specific	80	40	0.5	60.15
fish	lamprey	SYN_GO0046530	biological_process	specific	73	44	0.6027	55.25
fish	lamprey	SYN_GO0030218	biological_process	specific	70	34	0.4857	55.75
fish	lamprey	SYN_GO0048609	biological_process	specific	65	28	0.4308	43.8
fish	lamprey	SYN_GO0035162	biological_process	specific	61	30	0.4918	61.1
fish	lamprey	SYN_GO0060284	biological_process	other	98	42	0.4286	55.95
fish	lamprey	SYN_GO0070887	biological_process	other	87	34	0.3908	55.5
fish	lamprey	SYN_GO0043067	biological_process	other	78	39	0.5	57.6
fish	lamprey	SYN_GO0008283	biological_process	other	77	36	0.4675	61.75
fish	lamprey	SYN_GO0030029	biological_process	other	69	25	0.3623	55.8
fish	lamprey	SYN_GO0030036	biological_process	other	68	25	0.3676	55.8
fish	lamprey	SYN_GO0023056	biological_process	other	65	35	0.5385	60.6
fish	lamprey	SYN_GO0033036	biological_process	other	62	37	0.5968	56.7
fish	lamprey	SYN_GO0007049	biological_process	conserved	51	26	0.5098	54.75
fish	lamprey	SYN_GO0009056	biological_process	conserved	51	39	0.7647	57.0
fish	lamprey	SYN_GO0044281	biological_process	conserved	45	29	0.6444	61.5
fish	lamprey	SYN_GO0006629	biological_process	conserved	44	26	0.5909	58.3
fish	lamprey	SYN_GO0022402	biological_process	conserved	41	22	0.5366	54.2
fish	lamprey	SYN_GO0006396	biological_process	conserved	41	32	0.7805	57.25
fish	lamprey	SYN_GO0048881	biological_process	specific	58	25	0.431	59.1
fish	lamprey	SYN_GO0001756	biological_process	specific	56	29	0.5179	53.1
fish	lamprey	SYN_GO0035107	biological_process	specific	52	24	0.4615	56.1
fish	lamprey	SYN_GO0007600	biological_process	specific	47	22	0.4681	54.95
fish	lamprey	SYN_GO0070121	biological_process	specific	46	24	0.5217	57.6
fish	lamprey	SYN_GO0002521	biological_process	specific	45	27	0.6	52.6
fish	lamprey	SYN_GO0001775	biological_process	specific	43	26	0.6047	51.95
fish	lamprey	SYN_GO0048483	biological_process	specific	41	15	0.3659	55.8
fish	lamprey	SYN_GO0090287	biological_process	other	58	31	0.5345	63.8
fish	lamprey	SYN_GO0051640	biological_process	other	53	37	0.6981	58.5
fish	lamprey	SYN_GO0090497	biological_process	other	51	25	0.4902	52.2
fish	lamprey	SYN_GO0040008	biological_process	other	49	32	0.6531	61.25
fish	lamprey	SYN_GO0003341	biological_process	other	48	34	0.7083	50.2
fish	lamprey	SYN_GO0033993	biological_process	other	45	11	0.2444	42.7
fish	lamprey	SYN_GO0006811	biological_process	other	43	23	0.5349	59.8
fish	lamprey	SYN_GO1902679	biological_process	other	42	10	0.2381	59.15
fish	lamprey	SYN_GO0003824	molecular_function	other	237	125	0.5274	62.3
fish	lamprey	SYN_GO0003676	molecular_function	other	127	41	0.3228	56.0
fish	lamprey	SYN_GO0016740	molecular_function	other	105	48	0.4571	62.45
fish	lamprey	SYN_GO0005215	molecular_function	other	101	44	0.4356	61.7
fish	lamprey	SYN_GO0022857	molecular_function	other	99	42	0.4242	61.7
fish	lamprey	SYN_GO0003677	molecular_function	other	96	28	0.2917	56.05
fish	lamprey	SYN_GO0038023	molecular_function	other	93	23	0.2473	55.8
fish	lamprey	SYN_GO0060089	molecular_function	other	93	23	0.2473	55.8
fish	lamprey	SYN_GO0140110	molecular_function	other	78	21	0.2692	57.6
fish	lamprey	SYN_GO0140096	molecular_function	other	77	38	0.4935	62.25
fish	lamprey	SYN_GO0043565	molecular_function	other	72	19	0.2639	56.2
fish	lamprey	SYN_GO0003700	molecular_function	other	72	16	0.2222	56.6
fish	lamprey	SYN_GO0004888	molecular_function	other	71	17	0.2394	51.3
fish	lamprey	SYN_GO0016787	molecular_function	other	68	40	0.5882	59.0
fish	lamprey	SYN_GO0015075	molecular_function	other	67	31	0.4627	62.8
fish	lamprey	SYN_GO0036094	molecular_function	other	60	27	0.45	58.1
fish	lamprey	SYN_GO0022803	molecular_function	other	59	24	0.4068	64.75
fish	lamprey	SYN_GO0015267	molecular_function	other	59	24	0.4068	64.75
fish	lamprey	SYN_GO0004930	molecular_function	other	56	14	0.25	48.1
fish	lamprey	SYN_GO0005216	molecular_function	other	51	22	0.4314	64.75
fish	lamprey	SYN_GO0008324	molecular_function	other	48	22	0.4583	63.15
fish	lamprey	SYN_GO0022836	molecular_function	other	45	19	0.4222	64.8
fish	lamprey	SYN_GO0043167	molecular_function	other	44	21	0.4773	52.9
fish	lamprey	SYN_GO0000981	molecular_function	other	44	9	0.2045	56.9
fish	lamprey	SYN_GO0043227	cellular_component	other	236	129	0.5466	56.2
fish	lamprey	SYN_GO0005737	cellular_component	other	220	113	0.5136	57.2
fish	lamprey	SYN_GO0043231	cellular_component	other	191	100	0.5236	58.65
fish	lamprey	SYN_GO0016020	cellular_component	other	168	76	0.4524	58.45
fish	lamprey	SYN_GO0071944	cellular_component	other	137	60	0.438	58.4
fish	lamprey	SYN_GO0005886	cellular_component	other	134	60	0.4478	58.4
fish	lamprey	SYN_GO0005634	cellular_component	other	124	62	0.5	57.1
fish	lamprey	SYN_GO0043228	cellular_component	other	96	48	0.5	51.3
fish	lamprey	SYN_GO0043232	cellular_component	other	96	48	0.5	51.3
fish	lamprey	SYN_GO0032991	cellular_component	other	70	37	0.5286	62.7
fish	lamprey	SYN_GO0042995	cellular_component	other	57	35	0.614	51.1
fish	lamprey	SYN_GO0120025	cellular_component	other	57	35	0.614	51.1
fish	lamprey	SYN_GO0005929	cellular_component	other	47	30	0.6383	50.5
fish	lamprey	SYN_GO0012505	cellular_component	other	47	23	0.4894	55.4
fish	lamprey	SYN_GO0005856	cellular_component	other	40	20	0.5	55.6
fish	medaka	SYN_GO0044238	biological_process	conserved	236	212	0.8983	75.8
fish	medaka	SYN_GO0043170	biological_process	conserved	178	165	0.927	75.0
fish	medaka	SYN_GO0009058	biological_process	conserved	146	128	0.8767	76.5
fish	medaka	SYN_GO0009059	biological_process	conserved	109	100	0.9174	75.8
fish	medaka	SYN_GO0006139	biological_process	conserved	100	89	0.89	75.0
fish	medaka	SYN_GO0001568	biological_process	specific	236	170	0.7203	75.55
fish	medaka	SYN_GO0090596	biological_process	specific	203	168	0.8276	74.1
fish	medaka	SYN_GO0000902	biological_process	specific	186	148	0.7957	74.65
fish	medaka	SYN_GO0048871	biological_process	specific	158	126	0.7975	74.2
fish	medaka	SYN_GO0048705	biological_process	specific	150	122	0.8133	74.7
fish	medaka	SYN_GO0007369	biological_process	specific	143	115	0.8042	72.7
fish	medaka	SYN_GO0007626	biological_process	specific	131	112	0.855	73.4
fish	medaka	SYN_GO0055001	biological_process	specific	120	88	0.7333	75.25
fish	medaka	SYN_GO0023051	biological_process	other	244	206	0.8443	73.15
fish	medaka	SYN_GO0009889	biological_process	other	225	175	0.7778	72.9
fish	medaka	SYN_GO0016477	biological_process	other	212	175	0.8255	70.8
fish	medaka	SYN_GO0009605	biological_process	other	193	140	0.7254	70.45
fish	medaka	SYN_GO0042221	biological_process	other	170	121	0.7118	70.3
fish	medaka	SYN_GO0060271	biological_process	other	145	123	0.8483	69.0
fish	medaka	SYN_GO0044419	biological_process	other	124	78	0.629	63.85
fish	medaka	SYN_GO0006355	biological_process	other	115	86	0.7478	75.8
fish	medaka	SYN_GO0019538	biological_process	conserved	87	81	0.931	76.3
fish	medaka	SYN_GO0090304	biological_process	conserved	86	80	0.9302	74.7
fish	medaka	SYN_GO0010467	biological_process	conserved	77	70	0.9091	74.85
fish	medaka	SYN_GO0016070	biological_process	conserved	73	67	0.9178	75.0
fish	medaka	SYN_GO0034654	biological_process	conserved	64	56	0.875	75.85
fish	medaka	SYN_GO0032774	biological_process	conserved	61	55	0.9016	75.0
fish	medaka	SYN_GO0141187	biological_process	conserved	61	55	0.9016	75.0
fish	medaka	SYN_GO0048872	biological_process	specific	93	75	0.8065	74.1
fish	medaka	SYN_GO0051216	biological_process	specific	91	75	0.8242	77.7
fish	medaka	SYN_GO0048882	biological_process	specific	85	67	0.7882	75.9
fish	medaka	SYN_GO0001947	biological_process	specific	80	67	0.8375	67.5
fish	medaka	SYN_GO0046530	biological_process	specific	73	61	0.8356	70.6
fish	medaka	SYN_GO0030218	biological_process	specific	70	55	0.7857	74.1
fish	medaka	SYN_GO0048609	biological_process	specific	65	54	0.8308	58.25
fish	medaka	SYN_GO0035162	biological_process	specific	61	52	0.8525	75.7
fish	medaka	SYN_GO0060284	biological_process	other	98	78	0.7959	74.25
fish	medaka	SYN_GO0070887	biological_process	other	87	67	0.7701	72.7
fish	medaka	SYN_GO0043067	biological_process	other	78	62	0.7949	73.8
fish	medaka	SYN_GO0008283	biological_process	other	77	62	0.8052	77.3
fish	medaka	SYN_GO0030029	biological_process	other	69	45	0.6522	76.0
fish	medaka	SYN_GO0030036	biological_process	other	68	45	0.6618	76.0
fish	medaka	SYN_GO0023056	biological_process	other	65	50	0.7692	71.9
fish	medaka	SYN_GO0033036	biological_process	other	62	53	0.8548	73.3
fish	medaka	SYN_GO0007049	biological_process	conserved	51	42	0.8235	62.9
fish	medaka	SYN_GO0009056	biological_process	conserved	51	46	0.902	78.2
fish	medaka	SYN_GO0044281	biological_process	conserved	45	37	0.8222	78.8
fish	medaka	SYN_GO0006629	biological_process	conserved	44	38	0.8636	73.7
fish	medaka	SYN_GO0022402	biological_process	conserved	41	33	0.8049	66.5
fish	medaka	SYN_GO0006396	biological_process	conserved	41	37	0.9024	73.9
fish	medaka	SYN_GO0048881	biological_process	specific	58	50	0.8621	75.1
fish	medaka	SYN_GO0001756	biological_process	specific	56	43	0.7679	73.5
fish	medaka	SYN_GO0035107	biological_process	specific	52	38	0.7308	74.65
fish	medaka	SYN_GO0007600	biological_process	specific	47	39	0.8298	79.4
fish	medaka	SYN_GO0070121	biological_process	specific	46	40	0.8696	73.7
fish	medaka	SYN_GO0002521	biological_process	specific	45	42	0.9333	67.45
fish	medaka	SYN_GO0001775	biological_process	specific	43	37	0.8605	68.3
fish	medaka	SYN_GO0048483	biological_process	specific	41	31	0.7561	74.4
fish	medaka	SYN_GO0090287	biological_process	other	58	49	0.8448	77.7
fish	medaka	SYN_GO0051640	biological_process	other	53	46	0.8679	73.8
fish	medaka	SYN_GO0090497	biological_process	other	51	44	0.8627	71.6
fish	medaka	SYN_GO0040008	biological_process	other	49	44	0.898	79.3
fish	medaka	SYN_GO0003341	biological_process	other	48	37	0.7708	56.3
fish	medaka	SYN_GO0033993	biological_process	other	45	32	0.7111	63.9
fish	medaka	SYN_GO0006811	biological_process	other	43	33	0.7674	72.0
fish	medaka	SYN_GO1902679	biological_process	other	42	28	0.6667	76.45
fish	medaka	SYN_GO0003824	molecular_function	other	237	183	0.7722	73.2
fish	medaka	SYN_GO0003676	molecular_function	other	127	105	0.8268	73.1
fish	medaka	SYN_GO0016740	molecular_function	other	105	70	0.6667	77.15
fish	medaka	SYN_GO0005215	molecular_function	other	101	78	0.7723	74.2
fish	medaka	SYN_GO0022857	molecular_function	other	99	76	0.7677	74.2
fish	medaka	SYN_GO0003677	molecular_function	other	96	80	0.8333	72.1
fish	medaka	SYN_GO0038023	molecular_function	other	93	60	0.6452	74.5
fish	medaka	SYN_GO0060089	molecular_function	other	93	60	0.6452	74.5
fish	medaka	SYN_GO0140110	molecular_function	other	78	54	0.6923	76.9
fish	medaka	SYN_GO0140096	molecular_function	other	77	61	0.7922	76.0
fish	medaka	SYN_GO0043565	molecular_function	other	72	59	0.8194	71.0
fish	medaka	SYN_GO0003700	molecular_function	other	72	48	0.6667	75.05
fish	medaka	SYN_GO0004888	molecular_function	other	71	48	0.6761	72.55
fish	medaka	SYN_GO0016787	molecular_function	other	68	58	0.8529	70.55
fish	medaka	SYN_GO0015075	molecular_function	other	67	51	0.7612	75.5
fish	medaka	SYN_GO0036094	molecular_function	other	60	45	0.75	72.2
fish	medaka	SYN_GO0022803	molecular_function	other	59	46	0.7797	77.9
fish	medaka	SYN_GO0015267	molecular_function	other	59	46	0.7797	77.9
fish	medaka	SYN_GO0004930	molecular_function	other	56	39	0.6964	69.9
fish	medaka	SYN_GO0005216	molecular_function	other	51	40	0.7843	77.9
fish	medaka	SYN_GO0008324	molecular_function	other	48	37	0.7708	74.8
fish	medaka	SYN_GO0022836	molecular_function	other	45	35	0.7778	76.5
fish	medaka	SYN_GO0043167	molecular_function	other	44	37	0.8409	73.2
fish	medaka	SYN_GO0000981	molecular_function	other	44	25	0.5682	71.0
fish	medaka	SYN_GO0043227	cellular_component	other	236	192	0.8136	72.7
fish	medaka	SYN_GO0005737	cellular_component	other	220	168	0.7636	73.8
fish	medaka	SYN_GO0043231	cellular_component	other	191	157	0.822	74.1
fish	medaka	SYN_GO0016020	cellular_component	other	168	136	0.8095	72.35
fish	medaka	SYN_GO0071944	cellular_component	other	137	109	0.7956	72.3
fish	medaka	SYN_GO0005886	cellular_component	other	134	108	0.806	72.35
fish	medaka	SYN_GO0005634	cellular_component	other	124	100	0.8065	73.55
fish	medaka	SYN_GO0043228	cellular_component	other	96	73	0.7604	67.1
fish	medaka	SYN_GO0043232	cellular_component	other	96	73	0.7604	67.1
fish	medaka	SYN_GO0032991	cellular_component	other	70	55	0.7857	74.1
fish	medaka	SYN_GO0042995	cellular_component	other	57	45	0.7895	66.5
fish	medaka	SYN_GO0120025	cellular_component	other	57	45	0.7895	66.5
fish	medaka	SYN_GO0005929	cellular_component	other	47	37	0.7872	66.5
fish	medaka	SYN_GO0012505	cellular_component	other	47	39	0.8298	72.3
fish	medaka	SYN_GO0005856	cellular_component	other	40	31	0.775	66.5
fish	mouse	SYN_GO0044238	biological_process	conserved	236	192	0.8136	68.0
fish	mouse	SYN_GO0043170	biological_process	conserved	178	146	0.8202	68.15
fish	mouse	SYN_GO0009058	biological_process	conserved	146	119	0.8151	67.6
fish	mouse	SYN_GO0009059	biological_process	conserved	109	90	0.8257	67.6
fish	mouse	SYN_GO0006139	biological_process	conserved	100	84	0.84	67.8
fish	mouse	SYN_GO0001568	biological_process	specific	236	167	0.7076	67.7
fish	mouse	SYN_GO0090596	biological_process	specific	203	158	0.7783	66.75
fish	mouse	SYN_GO0000902	biological_process	specific	186	131	0.7043	68.8
fish	mouse	SYN_GO0048871	biological_process	specific	158	115	0.7278	66.0
fish	mouse	SYN_GO0048705	biological_process	specific	150	116	0.7733	68.4
fish	mouse	SYN_GO0007369	biological_process	specific	143	105	0.7343	63.5
fish	mouse	SYN_GO0007626	biological_process	specific	131	95	0.7252	66.0
fish	mouse	SYN_GO0055001	biological_process	specific	120	79	0.6583	66.0
fish	mouse	SYN_GO0023051	biological_process	other	244	181	0.7418	67.5
fish	mouse	SYN_GO0009889	biological_process	other	225	154	0.6844	65.85
fish	mouse	SYN_GO0016477	biological_process	other	212	155	0.7311	62.6
fish	mouse	SYN_GO0009605	biological_process	other	193	110	0.5699	62.8
fish	mouse	SYN_GO0042221	biological_process	other	170	94	0.5529	63.5
fish	mouse	SYN_GO0060271	biological_process	other	145	116	0.8	62.1
fish	mouse	SYN_GO0044419	biological_process	other	124	65	0.5242	56.0
fish	mouse	SYN_GO0006355	biological_process	other	115	74	0.6435	69.6
fish	mouse	SYN_GO0019538	biological_process	conserved	87	71	0.8161	69.7
fish	mouse	SYN_GO0090304	biological_process	conserved	86	73	0.8488	67.5
fish	mouse	SYN_GO0010467	biological_process	conserved	77	64	0.8312	67.45
fish	mouse	SYN_GO0016070	biological_process	conserved	73	62	0.8493	67.55
fish	mouse	SYN_GO0034654	biological_process	conserved	64	52	0.8125	67.8
fish	mouse	SYN_GO0032774	biological_process	conserved	61	50	0.8197	67.8
fish	mouse	SYN_GO0141187	biological_process	conserved	61	50	0.8197	67.8
fish	mouse	SYN_GO0048872	biological_process	specific	93	68	0.7312	64.6
fish	mouse	SYN_GO0051216	biological_process	specific	91	80	0.8791	68.9
fish	mouse	SYN_GO0048882	biological_process	specific	85	65	0.7647	69.0
fish	mouse	SYN_GO0001947	biological_process	specific	80	61	0.7625	65.9
fish	mouse	SYN_GO0046530	biological_process	specific	73	57	0.7808	64.1
fish	mouse	SYN_GO0030218	biological_process	specific	70	50	0.7143	63.25
fish	mouse	SYN_GO0048609	biological_process	specific	65	44	0.6769	53.9
fish	mouse	SYN_GO0035162	biological_process	specific	61	48	0.7869	68.65
fish	mouse	SYN_GO0060284	biological_process	other	98	71	0.7245	71.8
fish	mouse	SYN_GO0070887	biological_process	other	87	50	0.5747	61.85
fish	mouse	SYN_GO0043067	biological_process	other	78	54	0.6923	65.55
fish	mouse	SYN_GO0008283	biological_process	other	77	55	0.7143	67.8
fish	mouse	SYN_GO0030029	biological_process	other	69	40	0.5797	68.9
fish	mouse	SYN_GO0030036	biological_process	other	68	39	0.5735	68.7
fish	mouse	SYN_GO0023056	biological_process	other	65	44	0.6769	68.8
fish	mouse	SYN_GO0033036	biological_process	other	62	49	0.7903	65.7
fish	mouse	SYN_GO0007049	biological_process	conserved	51	38	0.7451	60.65
fish	mouse	SYN_GO0009056	biological_process	conserved	51	42	0.8235	67.4
fish	mouse	SYN_GO0044281	biological_process	conserved	45	37	0.8222	70.1
fish	mouse	SYN_GO0006629	biological_process	conserved	44	34	0.7727	62.3
fish	mouse	SYN_GO0022402	biological_process	conserved	41	30	0.7317	58.45
fish	mouse	SYN_GO0006396	biological_process	conserved	41	34	0.8293	64.85
fish	mouse	SYN_GO0048881	biological_process	specific	58	44	0.7586	66.85
fish	mouse	SYN_GO0001756	biological_process	specific	56	42	0.75	68.0
fish	mouse	SYN_GO0035107	biological_process	specific	52	41	0.7885	68.0
fish	mouse	SYN_GO0007600	biological_process	specific	47	34	0.7234	63.55
fish	mouse	SYN_GO0070121	biological_process	specific	46	35	0.7609	64.3
fish	mouse	SYN_GO0002521	biological_process	specific	45	37	0.8222	60.9
fish	mouse	SYN_GO0001775	biological_process	specific	43	36	0.8372	60.05
fish	mouse	SYN_GO0048483	biological_process	specific	41	29	0.7073	66.4
fish	mouse	SYN_GO0090287	biological_process	other	58	42	0.7241	68.05
fish	mouse	SYN_GO0051640	biological_process	other	53	42	0.7925	67.85
fish	mouse	SYN_GO0090497	biological_process	other	51	42	0.8235	62.5
fish	mouse	SYN_GO0040008	biological_process	other	49	37	0.7551	68.9
fish	mouse	SYN_GO0003341	biological_process	other	48	41	0.8542	56.7
fish	mouse	SYN_GO0033993	biological_process	other	45	22	0.4889	54.0
fish	mouse	SYN_GO0006811	biological_process	other	43	31	0.7209	60.2
fish	mouse	SYN_GO1902679	biological_process	other	42	25	0.5952	68.5
fish	mouse	SYN_GO0003824	molecular_function	other	237	167	0.7046	65.4
fish	mouse	SYN_GO0003676	molecular_function	other	127	91	0.7165	64.8
fish	mouse	SYN_GO0016740	molecular_function	other	105	65	0.619	67.1
fish	mouse	SYN_GO0005215	molecular_function	other	101	62	0.6139	68.0
fish	mouse	SYN_GO0022857	molecular_function	other	99	60	0.6061	68.0
fish	mouse	SYN_GO0003677	molecular_function	other	96	69	0.7188	60.3
fish	mouse	SYN_GO0038023	molecular_function	other	93	46	0.4946	63.7
fish	mouse	SYN_GO0060089	molecular_function	other	93	46	0.4946	63.7
fish	mouse	SYN_GO0140110	molecular_function	other	78	48	0.6154	68.4
fish	mouse	SYN_GO0140096	molecular_function	other	77	55	0.7143	68.3
fish	mouse	SYN_GO0043565	molecular_function	other	72	51	0.7083	58.7
fish	mouse	SYN_GO0003700	molecular_function	other	72	43	0.5972	60.3
fish	mouse	SYN_GO0004888	molecular_function	other	71	36	0.507	62.55
fish	mouse	SYN_GO0016787	molecular_function	other	68	52	0.7647	60.7
fish	mouse	SYN_GO0015075	molecular_function	other	67	44	0.6567	68.3
fish	mouse	SYN_GO0036094	molecular_function	other	60	40	0.6667	60.95
fish	mouse	SYN_GO0022803	molecular_function	other	59	34	0.5763	70.6
fish	mouse	SYN_GO0015267	molecular_function	other	59	34	0.5763	70.6
fish	mouse	SYN_GO0004930	molecular_function	other	56	28	0.5	61.8
fish	mouse	SYN_GO0005216	molecular_function	other	51	31	0.6078	68.5
fish	mouse	SYN_GO0008324	molecular_function	other	48	32	0.6667	67.65
fish	mouse	SYN_GO0022836	molecular_function	other	45	26	0.5778	69.35
fish	mouse	SYN_GO0043167	molecular_function	other	44	31	0.7045	62.3
fish	mouse	SYN_GO0000981	molecular_function	other	44	23	0.5227	58.4
fish	mouse	SYN_GO0043227	cellular_component	other	236	176	0.7458	66.35
fish	mouse	SYN_GO0005737	cellular_component	other	220	155	0.7045	64.4
fish	mouse	SYN_GO0043231	cellular_component	other	191	140	0.733	68.0
fish	mouse	SYN_GO0016020	cellular_component	other	168	110	0.6548	67.1
fish	mouse	SYN_GO0071944	cellular_component	other	137	88	0.6423	66.15
fish	mouse	SYN_GO0005886	cellular_component	other	134	87	0.6493	66.4
fish	mouse	SYN_GO0005634	cellular_component	other	124	90	0.7258	67.55
fish	mouse	SYN_GO0043228	cellular_component	other	96	66	0.6875	57.95
fish	mouse	SYN_GO0043232	cellular_component	other	96	66	0.6875	57.95
fish	mouse	SYN_GO0032991	cellular_component	other	70	51	0.7286	68.5
fish	mouse	SYN_GO0042995	cellular_component	other	57	47	0.8246	55.6
fish	mouse	SYN_GO0120025	cellular_component	other	57	47	0.8246	55.6
fish	mouse	SYN_GO0005929	cellular_component	other	47	39	0.8298	55.2
fish	mouse	SYN_GO0012505	cellular_component	other	47	35	0.7447	66.1
fish	mouse	SYN_GO0005856	cellular_component	other	40	29	0.725	55.2
fish	salmon	SYN_GO0044238	biological_process	conserved	236	223	0.9449	78.5
fish	salmon	SYN_GO0043170	biological_process	conserved	178	170	0.9551	78.65
fish	salmon	SYN_GO0009058	biological_process	conserved	146	137	0.9384	78.7
fish	salmon	SYN_GO0009059	biological_process	conserved	109	103	0.945	78.7
fish	salmon	SYN_GO0006139	biological_process	conserved	100	96	0.96	77.85
fish	salmon	SYN_GO0001568	biological_process	specific	236	191	0.8093	77.4
fish	salmon	SYN_GO0090596	biological_process	specific	203	177	0.8719	77.6
fish	salmon	SYN_GO0000902	biological_process	specific	186	165	0.8871	77.9
fish	salmon	SYN_GO0048871	biological_process	specific	158	133	0.8418	77.6
fish	salmon	SYN_GO0048705	biological_process	specific	150	133	0.8867	79.1
fish	salmon	SYN_GO0007369	biological_process	specific	143	133	0.9301	77.5
fish	salmon	SYN_GO0007626	biological_process	specific	131	116	0.8855	73.25
fish	salmon	SYN_GO0055001	biological_process	specific	120	101	0.8417	76.3
fish	salmon	SYN_GO0023051	biological_process	other	244	220	0.9016	77.5
fish	salmon	SYN_GO0009889	biological_process	other	225	198	0.88	75.65
fish	salmon	SYN_GO0016477	biological_process	other	212	191	0.9009	75.6
fish	salmon	SYN_GO0009605	biological_process	other	193	154	0.7979	71.85
fish	salmon	SYN_GO0042221	biological_process	other	170	135	0.7941	73.0
fish	salmon	SYN_GO0060271	biological_process	other	145	132	0.9103	73.45
fish	salmon	SYN_GO0044419	biological_process	other	124	92	0.7419	67.1
fish	salmon	SYN_GO0006355	biological_process	other	115	98	0.8522	77.8
fish	salmon	SYN_GO0019538	biological_process	conserved	87	83	0.954	79.5
fish	salmon	SYN_GO0090304	biological_process	conserved	86	83	0.9651	77.6
fish	salmon	SYN_GO0010467	biological_process	conserved	77	73	0.9481	77.9
fish	salmon	SYN_GO0016070	biological_process	conserved	73	70	0.9589	77.85
fish	salmon	SYN_GO0034654	biological_process	conserved	64	60	0.9375	78.7
fish	salmon	SYN_GO0032774	biological_process	conserved	61	58	0.9508	78.25
fish	salmon	SYN_GO0141187	biological_process	conserved	61	58	0.9508	78.25
fish	salmon	SYN_GO0048872	biological_process	specific	93	79	0.8495	73.1
fish	salmon	SYN_GO0051216	biological_process	specific	91	82	0.9011	80.35
fish	salmon	SYN_GO0048882	biological_process	specific	85	77	0.9059	78.8
fish	salmon	SYN_GO0001947	biological_process	specific	80	71	0.8875	74.6
fish	salmon	SYN_GO0046530	biological_process	specific	73	62	0.8493	75.45
fish	salmon	SYN_GO0030218	biological_process	specific	70	59	0.8429	73.1
fish	salmon	SYN_GO0048609	biological_process	specific	65	57	0.8769	65.7
fish	salmon	SYN_GO0035162	biological_process	specific	61	56	0.918	77.8
fish	salmon	SYN_GO0060284	biological_process	other	98	87	0.8878	75.4
fish	salmon	SYN_GO0070887	biological_process	other	87	71	0.8161	72.5
fish	salmon	SYN_GO0043067	biological_process	other	78	68	0.8718	75.3
fish	salmon	SYN_GO0008283	biological_process	other	77	71	0.9221	80.2
fish	salmon	SYN_GO0030029	biological_process	other	69	52	0.7536	76.0
fish	salmon	SYN_GO0030036	biological_process	other	68	52	0.7647	76.0
fish	salmon	SYN_GO0023056	biological_process	other	65	57	0.8769	78.7
fish	salmon	SYN_GO0033036	biological_process	other	62	56	0.9032	74.6
fish	salmon	SYN_GO0007049	biological_process	conserved	51	47	0.9216	69.2
fish	salmon	SYN_GO0009056	biological_process	conserved	51	48	0.9412	78.6
fish	salmon	SYN_GO0044281	biological_process	conserved	45	42	0.9333	80.35
fish	salmon	SYN_GO0006629	biological_process	conserved	44	40	0.9091	75.0
fish	salmon	SYN_GO0022402	biological_process	conserved	41	38	0.9268	68.7
fish	salmon	SYN_GO0006396	biological_process	conserved	41	39	0.9512	75.2
fish	salmon	SYN_GO0048881	biological_process	specific	58	54	0.931	79.6
fish	salmon	SYN_GO0001756	biological_process	specific	56	48	0.8571	80.55
fish	salmon	SYN_GO0035107	biological_process	specific	52	45	0.8654	79.6
fish	salmon	SYN_GO0007600	biological_process	specific	47	42	0.8936	79.85
fish	salmon	SYN_GO0070121	biological_process	specific	46	40	0.8696	78.7
fish	salmon	SYN_GO0002521	biological_process	specific	45	41	0.9111	72.3
fish	salmon	SYN_GO0001775	biological_process	specific	43	40	0.9302	72.1
fish	salmon	SYN_GO0048483	biological_process	specific	41	35	0.8537	81.2
fish	salmon	SYN_GO0090287	biological_process	other	58	53	0.9138	81.5
fish	salmon	SYN_GO0051640	biological_process	other	53	49	0.9245	77.5
fish	salmon	SYN_GO0090497	biological_process	other	51	47	0.9216	74.8
fish	salmon	SYN_GO0040008	biological_process	other	49	46	0.9388	80.1
fish	salmon	SYN_GO0003341	biological_process	other	48	45	0.9375	69.9
fish	salmon	SYN_GO0033993	biological_process	other	45	36	0.8	67.15
fish	salmon	SYN_GO0006811	biological_process	other	43	35	0.814	74.7
fish	salmon	SYN_GO1902679	biological_process	other	42	33	0.7857	75.3
fish	salmon	SYN_GO0003824	molecular_function	other	237	196	0.827	76.25
fish	salmon	SYN_GO0003676	molecular_function	other	127	111	0.874	75.5
fish	salmon	SYN_GO0016740	molecular_function	other	105	78	0.7429	78.6
fish	salmon	SYN_GO0005215	molecular_function	other	101	81	0.802	77.0
fish	salmon	SYN_GO0022857	molecular_function	other	99	79	0.798	77.0
fish	salmon	SYN_GO0003677	molecular_function	other	96	84	0.875	74.85
fish	salmon	SYN_GO0038023	molecular_function	other	93	71	0.7634	78.6
fish	salmon	SYN_GO0060089	molecular_function	other	93	71	0.7634	78.6
fish	salmon	SYN_GO0140110	molecular_function	other	78	66	0.8462	77.3
fish	salmon	SYN_GO0140096	molecular_function	other	77	65	0.8442	78.6
fish	salmon	SYN_GO0043565	molecular_function	other	72	66	0.9167	74.05
fish	salmon	SYN_GO0003700	molecular_function	other	72	60	0.8333	76.0
fish	salmon	SYN_GO0004888	molecular_function	other	71	57	0.8028	75.0
fish	salmon	SYN_GO0016787	molecular_function	other	68	61	0.8971	75.2
fish	salmon	SYN_GO0015075	molecular_function	other	67	56	0.8358	78.7
fish	salmon	SYN_GO0036094	molecular_function	other	60	47	0.7833	77.0
fish	salmon	SYN_GO0022803	molecular_function	other	59	48	0.8136	78.85
fish	salmon	SYN_GO0015267	molecular_function	other	59	48	0.8136	78.85
fish	salmon	SYN_GO0004930	molecular_function	other	56	44	0.7857	74.65
fish	salmon	SYN_GO0005216	molecular_function	other	51	43	0.8431	78.9
fish	salmon	SYN_GO0008324	molecular_function	other	48	39	0.8125	78.6
fish	salmon	SYN_GO0022836	molecular_function	other	45	39	0.8667	79.9
fish	salmon	SYN_GO0043167	molecular_function	other	44	38	0.8636	76.6
fish	salmon	SYN_GO0000981	molecular_function	other	44	35	0.7955	69.1
fish	salmon	SYN_GO0043227	cellular_component	other	236	204	0.8644	75.65
fish	salmon	SYN_GO0005737	cellular_component	other	220	185	0.8409	76.1
fish	salmon	SYN_GO0043231	cellular_component	other	191	162	0.8482	76.55
fish	salmon	SYN_GO0016020	cellular_component	other	168	148	0.881	76.1
fish	salmon	SYN_GO0071944	cellular_component	other	137	120	0.8759	75.2
fish	salmon	SYN_GO0005886	cellular_component	other	134	118	0.8806	75.65
fish	salmon	SYN_GO0005634	cellular_component	other	124	104	0.8387	75.95
fish	salmon	SYN_GO0043228	cellular_component	other	96	86	0.8958	67.0
fish	salmon	SYN_GO0043232	cellular_component	other	96	86	0.8958	67.0
fish	salmon	SYN_GO0032991	cellular_component	other	70	58	0.8286	77.05
fish	salmon	SYN_GO0042995	cellular_component	other	57	53	0.9298	69.8
fish	salmon	SYN_GO0120025	cellular_component	other	57	53	0.9298	69.8
fish	salmon	SYN_GO0005929	cellular_component	other	47	44	0.9362	68.0
fish	salmon	SYN_GO0012505	cellular_component	other	47	41	0.8723	76.5
fish	salmon	SYN_GO0005856	cellular_component	other	40	35	0.875	65.7
fish	seaurchin	SYN_GO0044238	biological_process	conserved	236	135	0.572	53.1
fish	seaurchin	SYN_GO0043170	biological_process	conserved	178	104	0.5843	52.95
fish	seaurchin	SYN_GO0009058	biological_process	conserved	146	83	0.5685	52.3
fish	seaurchin	SYN_GO0009059	biological_process	conserved	109	64	0.5872	50.6
fish	seaurchin	SYN_GO0006139	biological_process	conserved	100	61	0.61	52.5
fish	seaurchin	SYN_GO0001568	biological_process	specific	236	73	0.3093	45.1
fish	seaurchin	SYN_GO0090596	biological_process	specific	203	88	0.4335	48.25
fish	seaurchin	SYN_GO0000902	biological_process	specific	186	67	0.3602	48.9
fish	seaurchin	SYN_GO0048871	biological_process	specific	158	73	0.462	52.2
fish	seaurchin	SYN_GO0048705	biological_process	specific	150	54	0.36	46.85
fish	seaurchin	SYN_GO0007369	biological_process	specific	143	51	0.3566	49.5
fish	seaurchin	SYN_GO0007626	biological_process	specific	131	53	0.4046	49.5
fish	seaurchin	SYN_GO0055001	biological_process	specific	120	37	0.3083	46.3
fish	seaurchin	SYN_GO0023051	biological_process	other	244	91	0.373	50.9
fish	seaurchin	SYN_GO0009889	biological_process	other	225	79	0.3511	50.0
fish	seaurchin	SYN_GO0016477	biological_process	other	212	55	0.2594	45.1
fish	seaurchin	SYN_GO0009605	biological_process	other	193	56	0.2902	50.55
fish	seaurchin	SYN_GO0042221	biological_process	other	170	43	0.2529	48.5
fish	seaurchin	SYN_GO0060271	biological_process	other	145	86	0.5931	50.95
fish	seaurchin	SYN_GO0044419	biological_process	other	124	29	0.2339	56.5
fish	seaurchin	SYN_GO0006355	biological_process	other	115	33	0.287	50.5
fish	seaurchin	SYN_GO0019538	biological_process	conserved	87	53	0.6092	56.0
fish	seaurchin	SYN_GO0090304	biological_process	conserved	86	52	0.6047	52.4
fish	seaurchin	SYN_GO0010467	biological_process	conserved	77	42	0.5455	52.25
fish	seaurchin	SYN_GO0016070	biological_process	conserved	73	44	0.6027	52.25
fish	seaurchin	SYN_GO0034654	biological_process	conserved	64	35	0.5469	49.5
fish	seaurchin	SYN_GO0032774	biological_process	conserved	61	34	0.5574	50.85
fish	seaurchin	SYN_GO0141187	biological_process	conserved	61	34	0.5574	50.85
fish	seaurchin	SYN_GO0048872	biological_process	specific	93	40	0.4301	50.85
fish	seaurchin	SYN_GO0051216	biological_process	specific	91	37	0.4066	54.1
fish	seaurchin	SYN_GO0048882	biological_process	specific	85	29	0.3412	42.6
fish	seaurchin	SYN_GO0001947	biological_process	specific	80	30	0.375	49.95
fish	seaurchin	SYN_GO0046530	biological_process	specific	73	39	0.5342	46.9
fish	seaurchin	SYN_GO0030218	biological_process	specific	70	28	0.4	49.1
fish	seaurchin	SYN_GO0048609	biological_process	specific	65	17	0.2615	47.9
fish	seaurchin	SYN_GO0035162	biological_process	specific	61	24	0.3934	46.55
fish	seaurchin	SYN_GO0060284	biological_process	other	98	26	0.2653	53.6
fish	seaurchin	SYN_GO0070887	biological_process	other	87	22	0.2529	45.55
fish	seaurchin	SYN_GO0043067	biological_process	other	78	31	0.3974	49.3
fish	seaurchin	SYN_GO0008283	biological_process	other	77	22	0.2857	51.2
fish	seaurchin	SYN_GO0030029	biological_process	other	69	18	0.2609	49.55
fish	seaurchin	SYN_GO0030036	biological_process	other	68	18	0.2647	49.55
fish	seaurchin	SYN_GO0023056	biological_process	other	65	26	0.4	55.95
fish	seaurchin	SYN_GO0033036	biological_process	other	62	31	0.5	49.2
fish	seaurchin	SYN_GO0007049	biological_process	conserved	51	24	0.4706	45.65
fish	seaurchin	SYN_GO0009056	biological_process	conserved	51	36	0.7059	50.35
fish	seaurchin	SYN_GO0044281	biological_process	conserved	45	29	0.6444	58.4
fish	seaurchin	SYN_GO0006629	biological_process	conserved	44	18	0.4091	50.7
fish	seaurchin	SYN_GO0022402	biological_process	conserved	41	18	0.439	44.65
fish	seaurchin	SYN_GO0006396	biological_process	conserved	41	26	0.6341	49.3
fish	seaurchin	SYN_GO0048881	biological_process	specific	58	20	0.3448	40.6
fish	seaurchin	SYN_GO0001756	biological_process	specific	56	19	0.3393	45.4
fish	seaurchin	SYN_GO0035107	biological_process	specific	52	19	0.3654	42.2
fish	seaurchin	SYN_GO0007600	biological_process	specific	47	19	0.4043	43.2
fish	seaurchin	SYN_GO0070121	biological_process	specific	46	22	0.4783	47.85
fish	seaurchin	SYN_GO0002521	biological_process	specific	45	19	0.4222	54.8
fish	seaurchin	SYN_GO0001775	biological_process	specific	43	18	0.4186	46.8
fish	seaurchin	SYN_GO0048483	biological_process	specific	41	15	0.3659	45.0
fish	seaurchin	SYN_GO0090287	biological_process	other	58	21	0.3621	58.4
fish	seaurchin	SYN_GO0051640	biological_process	other	53	28	0.5283	54.6
fish	seaurchin	SYN_GO0090497	biological_process	other	51	11	0.2157	51.5
fish	seaurchin	SYN_GO0040008	biological_process	other	49	21	0.4286	54.7
fish	seaurchin	SYN_GO0003341	biological_process	other	48	32	0.6667	54.15
fish	seaurchin	SYN_GO0033993	biological_process	other	45	3	0.0667	42.4
fish	seaurchin	SYN_GO0006811	biological_process	other	43	16	0.3721	47.35
fish	seaurchin	SYN_GO1902679	biological_process	other	42	9	0.2143	50.5
fish	seaurchin	SYN_GO0003824	molecular_function	other	237	118	0.4979	51.8
fish	seaurchin	SYN_GO0003676	molecular_function	other	127	27	0.2126	50.9
fish	seaurchin	SYN_GO0016740	molecular_function	other	105	49	0.4667	53.7
fish	seaurchin	SYN_GO0005215	molecular_function	other	101	30	0.297	46.8
fish	seaurchin	SYN_GO0022857	molecular_function	other	99	28	0.2828	46.8
fish	seaurchin	SYN_GO0003677	molecular_function	other	96	18	0.1875	52.15
fish	seaurchin	SYN_GO0038023	molecular_function	other	93	8	0.086	39.1
fish	seaurchin	SYN_GO0060089	molecular_function	other	93	8	0.086	39.1
fish	seaurchin	SYN_GO0140110	molecular_function	other	78	20	0.2564	50.05
fish	seaurchin	SYN_GO0140096	molecular_function	other	77	33	0.4286	57.0
fish	seaurchin	SYN_GO0043565	molecular_function	other	72	10	0.1389	55.25
fish	seaurchin	SYN_GO0003700	molecular_function	other	72	15	0.2083	50.5
fish	seaurchin	SYN_GO0004888	molecular_function	other	71	5	0.0704	37.3
fish	seaurchin	SYN_GO0016787	molecular_function	other	68	28	0.4118	50.55
fish	seaurchin	SYN_GO0015075	molecular_function	other	67	20	0.2985	46.55
fish	seaurchin	SYN_GO0036094	molecular_function	other	60	17	0.2833	47.8
fish	seaurchin	SYN_GO0022803	molecular_function	other	59	15	0.2542	46.9
fish	seaurchin	SYN_GO0015267	molecular_function	other	59	15	0.2542	46.9
fish	seaurchin	SYN_GO0004930	molecular_function	other	56	4	0.0714	39.1
fish	seaurchin	SYN_GO0005216	molecular_function	other	51	15	0.2941	46.9
fish	seaurchin	SYN_GO0008324	molecular_function	other	48	15	0.3125	48.1
fish	seaurchin	SYN_GO0022836	molecular_function	other	45	12	0.2667	46.55
fish	seaurchin	SYN_GO0043167	molecular_function	other	44	14	0.3182	47.95
fish	seaurchin	SYN_GO0000981	molecular_function	other	44	8	0.1818	46.25
fish	seaurchin	SYN_GO0043227	cellular_component	other	236	116	0.4915	49.6
fish	seaurchin	SYN_GO0005737	cellular_component	other	220	91	0.4136	47.4
fish	seaurchin	SYN_GO0043231	cellular_component	other	191	84	0.4398	50.4
fish	seaurchin	SYN_GO0016020	cellular_component	other	168	52	0.3095	45.55
fish	seaurchin	SYN_GO0071944	cellular_component	other	137	39	0.2847	44.7
fish	seaurchin	SYN_GO0005886	cellular_component	other	134	39	0.291	44.7
fish	seaurchin	SYN_GO0005634	cellular_component	other	124	52	0.4194	50.8
fish	seaurchin	SYN_GO0043228	cellular_component	other	96	37	0.3854	48.4
fish	seaurchin	SYN_GO0043232	cellular_component	other	96	37	0.3854	48.4
fish	seaurchin	SYN_GO0032991	cellular_component	other	70	25	0.3571	63.0
fish	seaurchin	SYN_GO0042995	cellular_component	other	57	36	0.6316	47.55
fish	seaurchin	SYN_GO0120025	cellular_component	other	57	36	0.6316	47.55
fish	seaurchin	SYN_GO0005929	cellular_component	other	47	33	0.7021	46.7
fish	seaurchin	SYN_GO0012505	cellular_component	other	47	20	0.4255	46.9
fish	seaurchin	SYN_GO0005856	cellular_component	other	40	19	0.475	45.5
fish	sinocyclocheilus	SYN_GO0044238	biological_process	conserved	236	224	0.9492	89.8
fish	sinocyclocheilus	SYN_GO0043170	biological_process	conserved	178	171	0.9607	89.3
fish	sinocyclocheilus	SYN_GO0009058	biological_process	conserved	146	140	0.9589	89.45
fish	sinocyclocheilus	SYN_GO0009059	biological_process	conserved	109	104	0.9541	88.75
fish	sinocyclocheilus	SYN_GO0006139	biological_process	conserved	100	95	0.95	88.8
fish	sinocyclocheilus	SYN_GO0001568	biological_process	specific	236	217	0.9195	89.2
fish	sinocyclocheilus	SYN_GO0090596	biological_process	specific	203	181	0.8916	88.8
fish	sinocyclocheilus	SYN_GO0000902	biological_process	specific	186	173	0.9301	89.5
fish	sinocyclocheilus	SYN_GO0048871	biological_process	specific	158	146	0.9241	88.35
fish	sinocyclocheilus	SYN_GO0048705	biological_process	specific	150	141	0.94	90.1
fish	sinocyclocheilus	SYN_GO0007369	biological_process	specific	143	139	0.972	88.2
fish	sinocyclocheilus	SYN_GO0007626	biological_process	specific	131	125	0.9542	88.0
fish	sinocyclocheilus	SYN_GO0055001	biological_process	specific	120	113	0.9417	88.3
fish	sinocyclocheilus	SYN_GO0023051	biological_process	other	244	228	0.9344	89.7
fish	sinocyclocheilus	SYN_GO0009889	biological_process	other	225	216	0.96	88.65
fish	sinocyclocheilus	SYN_GO0016477	biological_process	other	212	200	0.9434	89.3
fish	sinocyclocheilus	SYN_GO0009605	biological_process	other	193	165	0.8549	85.6
fish	sinocyclocheilus	SYN_GO0042221	biological_process	other	170	154	0.9059	86.95
fish	sinocyclocheilus	SYN_GO0060271	biological_process	other	145	136	0.9379	86.95
fish	sinocyclocheilus	SYN_GO0044419	biological_process	other	124	107	0.8629	80.5
fish	sinocyclocheilus	SYN_GO0006355	biological_process	other	115	112	0.9739	88.55
fish	sinocyclocheilus	SYN_GO0019538	biological_process	conserved	87	84	0.9655	89.8
fish	sinocyclocheilus	SYN_GO0090304	biological_process	conserved	86	82	0.9535	87.8
fish	sinocyclocheilus	SYN_GO0010467	biological_process	conserved	77	73	0.9481	87.3
fish	sinocyclocheilus	SYN_GO0016070	biological_process	conserved	73	69	0.9452	87.4
fish	sinocyclocheilus	SYN_GO0034654	biological_process	conserved	64	60	0.9375	87.3
fish	sinocyclocheilus	SYN_GO0032774	biological_process	conserved	61	57	0.9344	86.5
fish	sinocyclocheilus	SYN_GO0141187	biological_process	conserved	61	57	0.9344	86.5
fish	sinocyclocheilus	SYN_GO0048872	biological_process	specific	93	86	0.9247	88.4
fish	sinocyclocheilus	SYN_GO0051216	biological_process	specific	91	84	0.9231	90.4
fish	sinocyclocheilus	SYN_GO0048882	biological_process	specific	85	81	0.9529	88.3
fish	sinocyclocheilus	SYN_GO0001947	biological_process	specific	80	74	0.925	88.0
fish	sinocyclocheilus	SYN_GO0046530	biological_process	specific	73	64	0.8767	86.4
fish	sinocyclocheilus	SYN_GO0030218	biological_process	specific	70	66	0.9429	88.4
fish	sinocyclocheilus	SYN_GO0048609	biological_process	specific	65	61	0.9385	82.5
fish	sinocyclocheilus	SYN_GO0035162	biological_process	specific	61	58	0.9508	90.0
fish	sinocyclocheilus	SYN_GO0060284	biological_process	other	98	92	0.9388	88.15
fish	sinocyclocheilus	SYN_GO0070887	biological_process	other	87	80	0.9195	87.95
fish	sinocyclocheilus	SYN_GO0043067	biological_process	other	78	76	0.9744	86.65
fish	sinocyclocheilus	SYN_GO0008283	biological_process	other	77	72	0.9351	90.7
fish	sinocyclocheilus	SYN_GO0030029	biological_process	other	69	62	0.8986	86.85
fish	sinocyclocheilus	SYN_GO0030036	biological_process	other	68	61	0.8971	86.6
fish	sinocyclocheilus	SYN_GO0023056	biological_process	other	65	57	0.8769	89.5
fish	sinocyclocheilus	SYN_GO0033036	biological_process	other	62	59	0.9516	87.4
fish	sinocyclocheilus	SYN_GO0007049	biological_process	conserved	51	51	1.0	84.7
fish	sinocyclocheilus	SYN_GO0009056	biological_process	conserved	51	50	0.9804	89.25
fish	sinocyclocheilus	SYN_GO0044281	biological_process	conserved	45	43	0.9556	90.3
fish	sinocyclocheilus	SYN_GO0006629	biological_process	conserved	44	41	0.9318	90.1
fish	sinocyclocheilus	SYN_GO0022402	biological_process	conserved	41	41	1.0	85.2
fish	sinocyclocheilus	SYN_GO0006396	biological_process	conserved	41	39	0.9512	85.7
fish	sinocyclocheilus	SYN_GO0048881	biological_process	specific	58	57	0.9828	88.5
fish	sinocyclocheilus	SYN_GO0001756	biological_process	specific	56	52	0.9286	90.6
fish	sinocyclocheilus	SYN_GO0035107	biological_process	specific	52	48	0.9231	90.4
fish	sinocyclocheilus	SYN_GO0007600	biological_process	specific	47	41	0.8723	88.3
fish	sinocyclocheilus	SYN_GO0070121	biological_process	specific	46	41	0.8913	90.7
fish	sinocyclocheilus	SYN_GO0002521	biological_process	specific	45	44	0.9778	87.95
fish	sinocyclocheilus	SYN_GO0001775	biological_process	specific	43	41	0.9535	88.2
fish	sinocyclocheilus	SYN_GO0048483	biological_process	specific	41	40	0.9756	90.25
fish	sinocyclocheilus	SYN_GO0090287	biological_process	other	58	56	0.9655	91.5
fish	sinocyclocheilus	SYN_GO0051640	biological_process	other	53	48	0.9057	88.6
fish	sinocyclocheilus	SYN_GO0090497	biological_process	other	51	49	0.9608	90.5
fish	sinocyclocheilus	SYN_GO0040008	biological_process	other	49	47	0.9592	90.5
fish	sinocyclocheilus	SYN_GO0003341	biological_process	other	48	43	0.8958	81.5
fish	sinocyclocheilus	SYN_GO0033993	biological_process	other	45	41	0.9111	83.5
fish	sinocyclocheilus	SYN_GO0006811	biological_process	other	43	40	0.9302	87.05
fish	sinocyclocheilus	SYN_GO1902679	biological_process	other	42	41	0.9762	91.8
fish	sinocyclocheilus	SYN_GO0003824	molecular_function	other	237	220	0.9283	88.6
fish	sinocyclocheilus	SYN_GO0003676	molecular_function	other	127	122	0.9606	89.2
fish	sinocyclocheilus	SYN_GO0016740	molecular_function	other	105	92	0.8762	89.35
fish	sinocyclocheilus	SYN_GO0005215	molecular_function	other	101	91	0.901	87.6
fish	sinocyclocheilus	SYN_GO0022857	molecular_function	other	99	89	0.899	87.5
fish	sinocyclocheilus	SYN_GO0003677	molecular_function	other	96	92	0.9583	88.9
fish	sinocyclocheilus	SYN_GO0038023	molecular_function	other	93	81	0.871	89.3
fish	sinocyclocheilus	SYN_GO0060089	molecular_function	other	93	81	0.871	89.3
fish	sinocyclocheilus	SYN_GO0140110	molecular_function	other	78	74	0.9487	88.85
fish	sinocyclocheilus	SYN_GO0140096	molecular_function	other	77	72	0.9351	88.85
fish	sinocyclocheilus	SYN_GO0043565	molecular_function	other	72	68	0.9444	88.25
fish	sinocyclocheilus	SYN_GO0003700	molecular_function	other	72	68	0.9444	88.55
fish	sinocyclocheilus	SYN_GO0004888	molecular_function	other	71	63	0.8873	87.6
fish	sinocyclocheilus	SYN_GO0016787	molecular_function	other	68	65	0.9559	86.4
fish	sinocyclocheilus	SYN_GO0015075	molecular_function	other	67	60	0.8955	89.3
fish	sinocyclocheilus	SYN_GO0036094	molecular_function	other	60	54	0.9	87.35
fish	sinocyclocheilus	SYN_GO0022803	molecular_function	other	59	54	0.9153	89.6
fish	sinocyclocheilus	SYN_GO0015267	molecular_function	other	59	54	0.9153	89.6
fish	sinocyclocheilus	SYN_GO0004930	molecular_function	other	56	48	0.8571	88.5
fish	sinocyclocheilus	SYN_GO0005216	molecular_function	other	51	47	0.9216	89.7
fish	sinocyclocheilus	SYN_GO0008324	molecular_function	other	48	44	0.9167	88.55
fish	sinocyclocheilus	SYN_GO0022836	molecular_function	other	45	41	0.9111	89.7
fish	sinocyclocheilus	SYN_GO0043167	molecular_function	other	44	41	0.9318	88.4
fish	sinocyclocheilus	SYN_GO0000981	molecular_function	other	44	41	0.9318	88.7
fish	sinocyclocheilus	SYN_GO0043227	cellular_component	other	236	218	0.9237	88.1
fish	sinocyclocheilus	SYN_GO0005737	cellular_component	other	220	199	0.9045	88.5
fish	sinocyclocheilus	SYN_GO0043231	cellular_component	other	191	181	0.9476	88.8
fish	sinocyclocheilus	SYN_GO0016020	cellular_component	other	168	160	0.9524	88.75
fish	sinocyclocheilus	SYN_GO0071944	cellular_component	other	137	130	0.9489	88.75
fish	sinocyclocheilus	SYN_GO0005886	cellular_component	other	134	127	0.9478	88.8
fish	sinocyclocheilus	SYN_GO0005634	cellular_component	other	124	118	0.9516	87.95
fish	sinocyclocheilus	SYN_GO0043228	cellular_component	other	96	92	0.9583	83.15
fish	sinocyclocheilus	SYN_GO0043232	cellular_component	other	96	92	0.9583	83.15
fish	sinocyclocheilus	SYN_GO0032991	cellular_component	other	70	64	0.9143	90.5
fish	sinocyclocheilus	SYN_GO0042995	cellular_component	other	57	49	0.8596	83.5
fish	sinocyclocheilus	SYN_GO0120025	cellular_component	other	57	49	0.8596	83.5
fish	sinocyclocheilus	SYN_GO0005929	cellular_component	other	47	39	0.8298	83.1
fish	sinocyclocheilus	SYN_GO0012505	cellular_component	other	47	46	0.9787	89.0
fish	sinocyclocheilus	SYN_GO0005856	cellular_component	other	40	38	0.95	85.45
fish	tilapia	SYN_GO0044238	biological_process	conserved	236	211	0.8941	76.9
fish	tilapia	SYN_GO0043170	biological_process	conserved	178	162	0.9101	77.0
fish	tilapia	SYN_GO0009058	biological_process	conserved	146	127	0.8699	77.0
fish	tilapia	SYN_GO0009059	biological_process	conserved	109	98	0.8991	76.8
fish	tilapia	SYN_GO0006139	biological_process	conserved	100	91	0.91	77.1
fish	tilapia	SYN_GO0001568	biological_process	specific	236	179	0.7585	74.4
fish	tilapia	SYN_GO0090596	biological_process	specific	203	170	0.8374	75.15
fish	tilapia	SYN_GO0000902	biological_process	specific	186	155	0.8333	75.0
fish	tilapia	SYN_GO0048871	biological_process	specific	158	129	0.8165	73.0
fish	tilapia	SYN_GO0048705	biological_process	specific	150	123	0.82	76.4
fish	tilapia	SYN_GO0007369	biological_process	specific	143	129	0.9021	73.8
fish	tilapia	SYN_GO0007626	biological_process	specific	131	111	0.8473	74.9
fish	tilapia	SYN_GO0055001	biological_process	specific	120	96	0.8	76.75
fish	tilapia	SYN_GO0023051	biological_process	other	244	206	0.8443	75.05
fish	tilapia	SYN_GO0009889	biological_process	other	225	184	0.8178	73.8
fish	tilapia	SYN_GO0016477	biological_process	other	212	184	0.8679	71.3
fish	tilapia	SYN_GO0009605	biological_process	other	193	147	0.7617	69.5
fish	tilapia	SYN_GO0042221	biological_process	other	170	123	0.7235	70.4
fish	tilapia	SYN_GO0060271	biological_process	other	145	129	0.8897	70.2
fish	tilapia	SYN_GO0044419	biological_process	other	124	86	0.6935	64.45
fish	tilapia	SYN_GO0006355	biological_process	other	115	90	0.7826	75.55
fish	tilapia	SYN_GO0019538	biological_process	conserved	87	79	0.908	78.6
fish	tilapia	SYN_GO0090304	biological_process	conserved	86	79	0.9186	76.5
fish	tilapia	SYN_GO0010467	biological_process	conserved	77	68	0.8831	76.3
fish	tilapia	SYN_GO0016070	biological_process	conserved	73	67	0.9178	76.6
fish	tilapia	SYN_GO0034654	biological_process	conserved	64	57	0.8906	76.6
fish	tilapia	SYN_GO0032774	biological_process	conserved	61	55	0.9016	76.5
fish	tilapia	SYN_GO0141187	biological_process	conserved	61	55	0.9016	76.5
fish	tilapia	SYN_GO0048872	biological_process	specific	93	75	0.8065	70.6
fish	tilapia	SYN_GO0051216	biological_process	specific	91	83	0.9121	78.3
fish	tilapia	SYN_GO0048882	biological_process	specific	85	71	0.8353	77.2
fish	tilapia	SYN_GO0001947	biological_process	specific	80	69	0.8625	73.6
fish	tilapia	SYN_GO0046530	biological_process	specific	73	62	0.8493	69.9
fish	tilapia	SYN_GO0030218	biological_process	specific	70	56	0.8	71.35
fish	tilapia	SYN_GO0048609	biological_process	specific	65	51	0.7846	63.7
fish	tilapia	SYN_GO0035162	biological_process	specific	61	52	0.8525	78.85
fish	tilapia	SYN_GO0060284	biological_process	other	98	85	0.8673	74.5
fish	tilapia	SYN_GO0070887	biological_process	other	87	67	0.7701	70.6
fish	tilapia	SYN_GO0043067	biological_process	other	78	60	0.7692	74.3
fish	tilapia	SYN_GO0008283	biological_process	other	77	66	0.8571	76.05
fish	tilapia	SYN_GO0030029	biological_process	other	69	51	0.7391	78.3
fish	tilapia	SYN_GO0030036	biological_process	other	68	51	0.75	78.3
fish	tilapia	SYN_GO0023056	biological_process	other	65	55	0.8462	73.8
fish	tilapia	SYN_GO0033036	biological_process	other	62	53	0.8548	73.3
fish	tilapia	SYN_GO0007049	biological_process	conserved	51	43	0.8431	65.1
fish	tilapia	SYN_GO0009056	biological_process	conserved	51	48	0.9412	77.45
fish	tilapia	SYN_GO0044281	biological_process	conserved	45	39	0.8667	78.6
fish	tilapia	SYN_GO0006629	biological_process	conserved	44	37	0.8409	74.5
fish	tilapia	SYN_GO0022402	biological_process	conserved	41	34	0.8293	65.15
fish	tilapia	SYN_GO0006396	biological_process	conserved	41	37	0.9024	74.1
fish	tilapia	SYN_GO0048881	biological_process	specific	58	50	0.8621	75.55
fish	tilapia	SYN_GO0001756	biological_process	specific	56	44	0.7857	76.15
fish	tilapia	SYN_GO0035107	biological_process	specific	52	41	0.7885	78.6
fish	tilapia	SYN_GO0007600	biological_process	specific	47	39	0.8298	79.5
fish	tilapia	SYN_GO0070121	biological_process	specific	46	40	0.8696	75.0
fish	tilapia	SYN_GO0002521	biological_process	specific	45	41	0.9111	70.9
fish	tilapia	SYN_GO0001775	biological_process	specific	43	37	0.8605	70.6
fish	tilapia	SYN_GO0048483	biological_process	specific	41	30	0.7317	77.15
fish	tilapia	SYN_GO0090287	biological_process	other	58	49	0.8448	79.1
fish	tilapia	SYN_GO0051640	biological_process	other	53	48	0.9057	73.45
fish	tilapia	SYN_GO0090497	biological_process	other	51	47	0.9216	71.1
fish	tilapia	SYN_GO0040008	biological_process	other	49	45	0.9184	76.4
fish	tilapia	SYN_GO0003341	biological_process	other	48	40	0.8333	63.35
fish	tilapia	SYN_GO0033993	biological_process	other	45	34	0.7556	62.6
fish	tilapia	SYN_GO0006811	biological_process	other	43	30	0.6977	72.3
fish	tilapia	SYN_GO1902679	biological_process	other	42	28	0.6667	77.3
fish	tilapia	SYN_GO0003824	molecular_function	other	237	190	0.8017	73.75
fish	tilapia	SYN_GO0003676	molecular_function	other	127	102	0.8031	75.55
fish	tilapia	SYN_GO0016740	molecular_function	other	105	75	0.7143	77.1
fish	tilapia	SYN_GO0005215	molecular_function	other	101	70	0.6931	75.15
fish	tilapia	SYN_GO0022857	molecular_function	other	99	68	0.6869	75.15
fish	tilapia	SYN_GO0003677	molecular_function	other	96	77	0.8021	73.2
fish	tilapia	SYN_GO0038023	molecular_function	other	93	61	0.6559	74.6
fish	tilapia	SYN_GO0060089	molecular_function	other	93	61	0.6559	74.6
fish	tilapia	SYN_GO0140110	molecular_function	other	78	56	0.7179	75.35
fish	tilapia	SYN_GO0140096	molecular_function	other	77	63	0.8182	75.3
fish	tilapia	SYN_GO0043565	molecular_function	other	72	58	0.8056	71.35
fish	tilapia	SYN_GO0003700	molecular_function	other	72	51	0.7083	74.5
fish	tilapia	SYN_GO0004888	molecular_function	other	71	48	0.6761	74.05
fish	tilapia	SYN_GO0016787	molecular_function	other	68	57	0.8382	71.6
fish	tilapia	SYN_GO0015075	molecular_function	other	67	48	0.7164	76.9
fish	tilapia	SYN_GO0036094	molecular_function	other	60	42	0.7	74.75
fish	tilapia	SYN_GO0022803	molecular_function	other	59	41	0.6949	77.1
fish	tilapia	SYN_GO0015267	molecular_function	other	59	41	0.6949	77.1
fish	tilapia	SYN_GO0004930	molecular_function	other	56	38	0.6786	69.75
fish	tilapia	SYN_GO0005216	molecular_function	other	51	37	0.7255	77.1
fish	tilapia	SYN_GO0008324	molecular_function	other	48	34	0.7083	75.15
fish	tilapia	SYN_GO0022836	molecular_function	other	45	31	0.6889	78.9
fish	tilapia	SYN_GO0043167	molecular_function	other	44	34	0.7727	75.0
fish	tilapia	SYN_GO0000981	molecular_function	other	44	29	0.6591	65.2
fish	tilapia	SYN_GO0043227	cellular_component	other	236	195	0.8263	73.4
fish	tilapia	SYN_GO0005737	cellular_component	other	220	174	0.7909	74.05
fish	tilapia	SYN_GO0043231	cellular_component	other	191	157	0.822	75.1
fish	tilapia	SYN_GO0016020	cellular_component	other	168	139	0.8274	74.5
fish	tilapia	SYN_GO0071944	cellular_component	other	137	113	0.8248	73.0
fish	tilapia	SYN_GO0005886	cellular_component	other	134	112	0.8358	73.4
fish	tilapia	SYN_GO0005634	cellular_component	other	124	100	0.8065	73.8
fish	tilapia	SYN_GO0043228	cellular_component	other	96	76	0.7917	65.2
fish	tilapia	SYN_GO0043232	cellular_component	other	96	76	0.7917	65.2
fish	tilapia	SYN_GO0032991	cellular_component	other	70	57	0.8143	76.8
fish	tilapia	SYN_GO0042995	cellular_component	other	57	49	0.8596	65.1
fish	tilapia	SYN_GO0120025	cellular_component	other	57	49	0.8596	65.1
fish	tilapia	SYN_GO0005929	cellular_component	other	47	40	0.8511	64.85
fish	tilapia	SYN_GO0012505	cellular_component	other	47	40	0.8511	75.15
fish	tilapia	SYN_GO0005856	cellular_component	other	40	33	0.825	64.6
fish	yeast	SYN_GO0044238	biological_process	conserved	236	54	0.2288	38.55
fish	yeast	SYN_GO0043170	biological_process	conserved	178	40	0.2247	40.0
fish	yeast	SYN_GO0009058	biological_process	conserved	146	37	0.2534	38.9
fish	yeast	SYN_GO0009059	biological_process	conserved	109	28	0.2569	42.9
fish	yeast	SYN_GO0006139	biological_process	conserved	100	28	0.28	39.45
fish	yeast	SYN_GO0001568	biological_process	specific	236	16	0.0678	44.4
fish	yeast	SYN_GO0090596	biological_process	specific	203	14	0.069	32.25
fish	yeast	SYN_GO0000902	biological_process	specific	186	7	0.0376	47.7
fish	yeast	SYN_GO0048871	biological_process	specific	158	18	0.1139	42.45
fish	yeast	SYN_GO0048705	biological_process	specific	150	12	0.08	48.05
fish	yeast	SYN_GO0007369	biological_process	specific	143	7	0.049	50.6
fish	yeast	SYN_GO0007626	biological_process	specific	131	14	0.1069	42.05
fish	yeast	SYN_GO0055001	biological_process	specific	120	7	0.0583	49.2
fish	yeast	SYN_GO0023051	biological_process	other	244	15	0.0615	35.3
fish	yeast	SYN_GO0009889	biological_process	other	225	12	0.0533	43.3
fish	yeast	SYN_GO0016477	biological_process	other	212	14	0.066	42.35
fish	yeast	SYN_GO0009605	biological_process	other	193	17	0.0881	36.2
fish	yeast	SYN_GO0042221	biological_process	other	170	15	0.0882	47.3
fish	yeast	SYN_GO0060271	biological_process	other	145	10	0.069	45.5
fish	yeast	SYN_GO0044419	biological_process	other	124	13	0.1048	38.2
fish	yeast	SYN_GO0006355	biological_process	other	115	4	0.0348	46.7
fish	yeast	SYN_GO0019538	biological_process	conserved	87	19	0.2184	40.0
fish	yeast	SYN_GO0090304	biological_process	conserved	86	24	0.2791	39.45
fish	yeast	SYN_GO0010467	biological_process	conserved	77	23	0.2987	40.0
fish	yeast	SYN_GO0016070	biological_process	conserved	73	20	0.274	38.2
fish	yeast	SYN_GO0034654	biological_process	conserved	64	18	0.2812	36.8
fish	yeast	SYN_GO0032774	biological_process	conserved	61	18	0.2951	36.8
fish	yeast	SYN_GO0141187	biological_process	conserved	61	18	0.2951	36.8
fish	yeast	SYN_GO0048872	biological_process	specific	93	15	0.1613	45.8
fish	yeast	SYN_GO0051216	biological_process	specific	91	10	0.1099	42.75
fish	yeast	SYN_GO0048882	biological_process	specific	85	5	0.0588	43.4
fish	yeast	SYN_GO0001947	biological_process	specific	80	5	0.0625	46.7
fish	yeast	SYN_GO0046530	biological_process	specific	73	2	0.0274	37.2
fish	yeast	SYN_GO0030218	biological_process	specific	70	10	0.1429	47.3
fish	yeast	SYN_GO0048609	biological_process	specific	65	3	0.0462	40.0
fish	yeast	SYN_GO0035162	biological_process	specific	61	4	0.0656	48.15
fish	yeast	SYN_GO0060284	biological_process	other	98	6	0.0612	36.45
fish	yeast	SYN_GO0070887	biological_process	other	87	7	0.0805	32.1
fish	yeast	SYN_GO0043067	biological_process	other	78	7	0.0897	33.6
fish	yeast	SYN_GO0008283	biological_process	other	77	7	0.0909	40.0
fish	yeast	SYN_GO0030029	biological_process	other	69	3	0.0435	40.1
fish	yeast	SYN_GO0030036	biological_process	other	68	3	0.0441	40.1
fish	yeast	SYN_GO0023056	biological_process	other	65	5	0.0769	27.0
fish	yeast	SYN_GO0033036	biological_process	other	62	8	0.129	33.5
fish	yeast	SYN_GO0007049	biological_process	conserved	51	7	0.1373	35.3
fish	yeast	SYN_GO0009056	biological_process	conserved	51	12	0.2353	37.1
fish	yeast	SYN_GO0044281	biological_process	conserved	45	12	0.2667	37.4
fish	yeast	SYN_GO0006629	biological_process	conserved	44	7	0.1591	30.2
fish	yeast	SYN_GO0022402	biological_process	conserved	41	5	0.122	38.2
fish	yeast	SYN_GO0006396	biological_process	conserved	41	12	0.2927	37.5
fish	yeast	SYN_GO0048881	biological_process	specific	58	2	0.0345	39.2
fish	yeast	SYN_GO0001756	biological_process	specific	56	4	0.0714	38.5
fish	yeast	SYN_GO0035107	biological_process	specific	52	1	0.0192	36.9
fish	yeast	SYN_GO0007600	biological_process	specific	47	1	0.0213	35.0
fish	yeast	SYN_GO0070121	biological_process	specific	46	1	0.0217	24.6
fish	yeast	SYN_GO0002521	biological_process	specific	45	8	0.1778	46.1
fish	yeast	SYN_GO0001775	biological_process	specific	43	4	0.093	52.2
fish	yeast	SYN_GO0048483	biological_process	specific	41	2	0.0488	42.8
fish	yeast	SYN_GO0090287	biological_process	other	58	5	0.0862	35.3
fish	yeast	SYN_GO0051640	biological_process	other	53	3	0.0566	40.0
fish	yeast	SYN_GO0090497	biological_process	other	51	5	0.098	41.3
fish	yeast	SYN_GO0040008	biological_process	other	49	9	0.1837	44.3
fish	yeast	SYN_GO0003341	biological_process	other	48	3	0.0625	68.7
fish	yeast	SYN_GO0033993	biological_process	other	45	0	0.0	
fish	yeast	SYN_GO0006811	biological_process	other	43	1	0.0233	49.6
fish	yeast	SYN_GO1902679	biological_process	other	42	3	0.0714	61.9
fish	yeast	SYN_GO0003824	molecular_function	other	237	33	0.1392	42.5
fish	yeast	SYN_GO0003676	molecular_function	other	127	5	0.0394	40.0
fish	yeast	SYN_GO0016740	molecular_function	other	105	11	0.1048	46.7
fish	yeast	SYN_GO0005215	molecular_function	other	101	2	0.0198	34.0
fish	yeast	SYN_GO0022857	molecular_function	other	99	2	0.0202	34.0
fish	yeast	SYN_GO0003677	molecular_function	other	96	2	0.0208	53.8
fish	yeast	SYN_GO0038023	molecular_function	other	93	0	0.0	
fish	yeast	SYN_GO0060089	molecular_function	other	93	0	0.0	
fish	yeast	SYN_GO0140110	molecular_function	other	78	1	0.0128	61.9
fish	yeast	SYN_GO0140096	molecular_function	other	77	8	0.1039	48.65
fish	yeast	SYN_GO0043565	molecular_function	other	72	0	0.0	
fish	yeast	SYN_GO0003700	molecular_function	other	72	0	0.0	
fish	yeast	SYN_GO0004888	molecular_function	other	71	0	0.0	
fish	yeast	SYN_GO0016787	molecular_function	other	68	11	0.1618	32.4
fish	yeast	SYN_GO0015075	molecular_function	other	67	1	0.0149	41.2
fish	yeast	SYN_GO0036094	molecular_function	other	60	3	0.05	29.3
fish	yeast	SYN_GO0022803	molecular_function	other	59	0	0.0	
fish	yeast	SYN_GO0015267	molecular_function	other	59	0	0.0	
fish	yeast	SYN_GO0004930	molecular_function	other	56	0	0.0	
fish	yeast	SYN_GO0005216	molecular_function	other	51	0	0.0	
fish	yeast	SYN_GO0008324	molecular_function	other	48	1	0.0208	41.2
fish	yeast	SYN_GO0022836	molecular_function	other	45	0	0.0	
fish	yeast	SYN_GO0043167	molecular_function	other	44	1	0.0227	29.3
fish	yeast	SYN_GO0000981	molecular_function	other	44	0	0.0	
fish	yeast	SYN_GO0043227	cellular_component	other	236	21	0.089	37.1
fish	yeast	SYN_GO0005737	cellular_component	other	220	19	0.0864	37.6
fish	yeast	SYN_GO0043231	cellular_component	other	191	21	0.1099	37.1
fish	yeast	SYN_GO0016020	cellular_component	other	168	4	0.0238	29.4
fish	yeast	SYN_GO0071944	cellular_component	other	137	2	0.0146	32.25
fish	yeast	SYN_GO0005886	cellular_component	other	134	2	0.0149	32.25
fish	yeast	SYN_GO0005634	cellular_component	other	124	14	0.1129	38.0
fish	yeast	SYN_GO0043228	cellular_component	other	96	7	0.0729	38.3
fish	yeast	SYN_GO0043232	cellular_component	other	96	7	0.0729	38.3
fish	yeast	SYN_GO0032991	cellular_component	other	70	3	0.0429	56.0
fish	yeast	SYN_GO0042995	cellular_component	other	57	0	0.0	
fish	yeast	SYN_GO0120025	cellular_component	other	57	0	0.0	
fish	yeast	SYN_GO0005929	cellular_component	other	47	0	0.0	
fish	yeast	SYN_GO0012505	cellular_component	other	47	1	0.0213	23.4
fish	yeast	SYN_GO0005856	cellular_component	other	40	1	0.025	38.3
insect	aedes	SYN_GO0141187	biological_process	conserved	245	194	0.7918	53.65
insect	aedes	SYN_GO0032774	biological_process	conserved	222	176	0.7928	54.45
insect	aedes	SYN_GO0044281	biological_process	conserved	189	172	0.9101	67.7
insect	aedes	SYN_GO1903047	biological_process	conserved	187	148	0.7914	56.6
insect	aedes	SYN_GO0009057	biological_process	conserved	178	157	0.882	60.6
insect	aedes	SYN_GO0006259	biological_process	conserved	151	105	0.6954	52.3
insect	aedes	SYN_GO0006396	biological_process	conserved	149	117	0.7852	52.0
insect	aedes	SYN_GO1901135	biological_process	conserved	143	128	0.8951	63.4
insect	aedes	SYN_GO0007424	biological_process	specific	249	206	0.8273	61.7
insect	aedes	SYN_GO0097485	biological_process	specific	208	170	0.8173	58.2
insect	aedes	SYN_GO0001751	biological_process	specific	168	129	0.7679	56.7
insect	aedes	SYN_GO0007611	biological_process	specific	153	106	0.6928	62.2
insect	aedes	SYN_GO0010631	biological_process	specific	139	114	0.8201	62.6
insect	aedes	SYN_GO0048871	biological_process	specific	129	97	0.7519	58.6
insect	aedes	SYN_GO0048732	biological_process	specific	117	88	0.7521	57.2
insect	aedes	SYN_GO0050906	biological_process	specific	107	57	0.5327	55.4
insect	aedes	SYN_GO0016192	biological_process	other	249	224	0.8996	63.4
insect	aedes	SYN_GO0034330	biological_process	other	214	177	0.8271	64.0
insect	aedes	SYN_GO0090066	biological_process	other	187	154	0.8235	63.15
insect	aedes	SYN_GO0043067	biological_process	other	166	116	0.6988	57.2
insect	aedes	SYN_GO0045088	biological_process	other	139	100	0.7194	58.0
insect	aedes	SYN_GO0032989	biological_process	other	128	93	0.7266	55.2
insect	aedes	SYN_GO0009416	biological_process	other	117	89	0.7607	66.6
insect	aedes	SYN_GO0045597	biological_process	other	106	74	0.6981	60.75
insect	aedes	SYN_GO0030163	biological_process	conserved	97	88	0.9072	66.9
insect	aedes	SYN_GO0019752	biological_process	conserved	87	82	0.9425	70.9
insect	aedes	SYN_GO0006351	biological_process	conserved	83	67	0.8072	58.7
insect	aedes	SYN_GO0034655	biological_process	conserved	79	70	0.8861	56.7
insect	aedes	SYN_GO0061640	biological_process	conserved	75	69	0.92	63.5
insect	aedes	SYN_GO0140014	biological_process	conserved	70	51	0.7286	50.1
insect	aedes	SYN_GO0045333	biological_process	conserved	67	65	0.9701	71.9
insect	aedes	SYN_GO0006281	biological_process	conserved	64	48	0.75	50.95
insect	aedes	SYN_GO0042461	biological_process	specific	97	78	0.8041	55.25
insect	aedes	SYN_GO0035218	biological_process	specific	90	66	0.7333	57.95
insect	aedes	SYN_GO0050907	biological_process	specific	83	37	0.4458	44.8
insect	aedes	SYN_GO0042051	biological_process	specific	79	61	0.7722	54.9
insect	aedes	SYN_GO0048608	biological_process	specific	74	55	0.7432	53.7
insect	aedes	SYN_GO0007635	biological_process	specific	71	48	0.6761	65.4
insect	aedes	SYN_GO0048512	biological_process	specific	67	50	0.7463	57.4
insect	aedes	SYN_GO0007435	biological_process	specific	63	45	0.7143	61.3
insect	aedes	SYN_GO1901701	biological_process	other	98	74	0.7551	60.35
insect	aedes	SYN_GO0051656	biological_process	other	90	77	0.8556	64.2
insect	aedes	SYN_GO0042060	biological_process	other	85	67	0.7882	62.9
insect	aedes	SYN_GO0002920	biological_process	other	80	49	0.6125	48.9
insect	aedes	SYN_GO0016050	biological_process	other	77	68	0.8831	60.55
insect	aedes	SYN_GO0055080	biological_process	other	71	60	0.8451	65.4
insect	aedes	SYN_GO0071705	biological_process	other	67	56	0.8358	63.85
insect	aedes	SYN_GO0001558	biological_process	other	64	51	0.7969	60.1
insect	aedes	SYN_GO0007098	biological_process	conserved	59	51	0.8644	55.1
insect	aedes	SYN_GO0018958	biological_process	conserved	57	51	0.8947	63.4
insect	aedes	SYN_GO0044282	biological_process	conserved	53	51	0.9623	71.6
insect	aedes	SYN_GO0006790	biological_process	conserved	51	30	0.5882	61.0
insect	aedes	SYN_GO0022900	biological_process	conserved	47	46	0.9787	66.35
insect	aedes	SYN_GO0042775	biological_process	conserved	44	43	0.9773	64.2
insect	aedes	SYN_GO0006119	biological_process	conserved	44	43	0.9773	64.2
insect	aedes	SYN_GO0006261	biological_process	conserved	43	34	0.7907	52.25
insect	aedes	SYN_GO0001763	biological_process	specific	59	44	0.7458	63.5
insect	aedes	SYN_GO0050911	biological_process	specific	57	22	0.386	49.3
insect	aedes	SYN_GO0006959	biological_process	specific	53	17	0.3208	47.3
insect	aedes	SYN_GO0008587	biological_process	specific	49	39	0.7959	68.2
insect	aedes	SYN_GO0045137	biological_process	specific	47	35	0.7447	55.0
insect	aedes	SYN_GO0035148	biological_process	specific	45	40	0.8889	62.5
insect	aedes	SYN_GO0014016	biological_process	specific	43	23	0.5349	48.2
insect	aedes	SYN_GO0008586	biological_process	specific	41	31	0.7561	56.9
insect	aedes	SYN_GO0099111	biological_process	other	59	56	0.9492	59.35
insect	aedes	SYN_GO0045787	biological_process	other	55	38	0.6909	63.3
insect	aedes	SYN_GO0010948	biological_process	other	52	42	0.8077	51.05
insect	aedes	SYN_GO0099003	biological_process	other	49	44	0.898	65.5
insect	aedes	SYN_GO1901988	biological_process	other	47	38	0.8085	51.95
insect	aedes	SYN_GO0006915	biological_process	other	45	24	0.5333	54.2
insect	aedes	SYN_GO0001539	biological_process	other	44	28	0.6364	44.9
insect	aedes	SYN_GO0072657	biological_process	other	41	36	0.878	74.15
insect	aedes	SYN_GO0022857	molecular_function	other	242	166	0.686	64.6
insect	aedes	SYN_GO0038023	molecular_function	other	210	131	0.6238	58.0
insect	aedes	SYN_GO0003700	molecular_function	other	169	88	0.5207	48.25
insect	aedes	SYN_GO0016301	molecular_function	other	156	123	0.7885	59.6
insect	aedes	SYN_GO0016773	molecular_function	other	146	114	0.7808	60.85
insect	aedes	SYN_GO0008092	molecular_function	other	142	102	0.7183	56.6
insect	aedes	SYN_GO0000976	molecular_function	other	140	77	0.55	52.7
insect	aedes	SYN_GO0016491	molecular_function	other	135	106	0.7852	66.6
insect	aedes	SYN_GO0008324	molecular_function	other	122	89	0.7295	67.6
insect	aedes	SYN_GO0022836	molecular_function	other	109	60	0.5505	65.1
insect	aedes	SYN_GO0044877	molecular_function	other	95	72	0.7579	62.6
insect	aedes	SYN_GO0004674	molecular_function	other	90	67	0.7444	65.5
insect	aedes	SYN_GO0046982	molecular_function	other	77	54	0.7013	64.05
insect	aedes	SYN_GO0030545	molecular_function	other	71	29	0.4085	51.7
insect	aedes	SYN_GO0030546	molecular_function	other	66	25	0.3788	51.7
insect	aedes	SYN_GO0051020	molecular_function	other	64	56	0.875	53.65
insect	aedes	SYN_GO0016757	molecular_function	other	58	50	0.8621	61.15
insect	aedes	SYN_GO0030695	molecular_function	other	55	50	0.9091	55.35
insect	aedes	SYN_GO0043169	molecular_function	other	53	42	0.7925	68.45
insect	aedes	SYN_GO0046872	molecular_function	other	51	40	0.7843	65.8
insect	aedes	SYN_GO0016462	molecular_function	other	50	46	0.92	68.5
insect	aedes	SYN_GO0016758	molecular_function	other	47	40	0.8511	61.15
insect	aedes	SYN_GO0017022	molecular_function	other	43	33	0.7674	61.3
insect	aedes	SYN_GO0004518	molecular_function	other	43	37	0.8605	53.6
insect	aedes	SYN_GO0097708	cellular_component	other	249	213	0.8554	61.3
insect	aedes	SYN_GO0098796	cellular_component	other	233	206	0.8841	65.25
insect	aedes	SYN_GO0015630	cellular_component	other	183	133	0.7268	48.1
insect	aedes	SYN_GO0036477	cellular_component	other	157	125	0.7962	65.5
insect	aedes	SYN_GO0098793	cellular_component	other	143	130	0.9091	63.4
insect	aedes	SYN_GO0099512	cellular_component	other	128	97	0.7578	63.3
insect	aedes	SYN_GO0071013	cellular_component	other	112	95	0.8482	76.0
insect	aedes	SYN_GO0005635	cellular_component	other	102	79	0.7745	49.2
insect	aedes	SYN_GO0061695	cellular_component	other	95	70	0.7368	64.5
insect	aedes	SYN_GO0031966	cellular_component	other	82	69	0.8415	61.6
insect	aedes	SYN_GO0098827	cellular_component	other	79	64	0.8101	60.3
insect	aedes	SYN_GO0015629	cellular_component	other	77	63	0.8182	63.5
insect	aedes	SYN_GO0044306	cellular_component	other	72	64	0.8889	66.85
insect	aedes	SYN_GO0099513	cellular_component	other	68	51	0.75	58.4
insect	aedes	SYN_GO0000793	cellular_component	other	64	35	0.5469	50.1
insect	aedes	SYN_GO0030312	cellular_component	other	60	24	0.4	59.1
insect	aedes	SYN_GO0045179	cellular_component	other	55	46	0.8364	56.15
insect	aedes	SYN_GO0005764	cellular_component	other	54	48	0.8889	56.15
insect	aedes	SYN_GO0009925	cellular_component	other	49	40	0.8163	59.65
insect	aedes	SYN_GO0031012	cellular_component	other	47	22	0.4681	58.4
insect	aedes	SYN_GO0070603	cellular_component	other	44	37	0.8409	52.4
insect	aedes	SYN_GO0000792	cellular_component	other	43	17	0.3953	54.3
insect	aedes	SYN_GO0000779	cellular_component	other	42	23	0.5476	52.5
insect	aedes	SYN_GO0005912	cellular_component	other	40	33	0.825	54.6
insect	anopheles	SYN_GO0141187	biological_process	conserved	245	190	0.7755	53.0
insect	anopheles	SYN_GO0032774	biological_process	conserved	222	173	0.7793	54.5
insect	anopheles	SYN_GO0044281	biological_process	conserved	189	172	0.9101	67.35
insect	anopheles	SYN_GO1903047	biological_process	conserved	187	144	0.7701	54.25
insect	anopheles	SYN_GO0009057	biological_process	conserved	178	152	0.8539	60.1
insect	anopheles	SYN_GO0006259	biological_process	conserved	151	99	0.6556	51.2
insect	anopheles	SYN_GO0006396	biological_process	conserved	149	117	0.7852	51.0
insect	anopheles	SYN_GO1901135	biological_process	conserved	143	128	0.8951	62.15
insect	anopheles	SYN_GO0007424	biological_process	specific	249	200	0.8032	61.65
insect	anopheles	SYN_GO0097485	biological_process	specific	208	161	0.774	61.5
insect	anopheles	SYN_GO0001751	biological_process	specific	168	122	0.7262	57.45
insect	anopheles	SYN_GO0007611	biological_process	specific	153	99	0.6471	65.7
insect	anopheles	SYN_GO0010631	biological_process	specific	139	108	0.777	61.85
insect	anopheles	SYN_GO0048871	biological_process	specific	129	94	0.7287	61.05
insect	anopheles	SYN_GO0048732	biological_process	specific	117	82	0.7009	59.05
insect	anopheles	SYN_GO0050906	biological_process	specific	107	52	0.486	53.95
insect	anopheles	SYN_GO0016192	biological_process	other	249	212	0.8514	62.75
insect	anopheles	SYN_GO0034330	biological_process	other	214	162	0.757	63.8
insect	anopheles	SYN_GO0090066	biological_process	other	187	144	0.7701	62.25
insect	anopheles	SYN_GO0043067	biological_process	other	166	106	0.6386	57.7
insect	anopheles	SYN_GO0045088	biological_process	other	139	100	0.7194	55.1
insect	anopheles	SYN_GO0032989	biological_process	other	128	90	0.7031	56.1
insect	anopheles	SYN_GO0009416	biological_process	other	117	89	0.7607	65.5
insect	anopheles	SYN_GO0045597	biological_process	other	106	66	0.6226	62.1
insect	anopheles	SYN_GO0030163	biological_process	conserved	97	84	0.866	66.0
insect	anopheles	SYN_GO0019752	biological_process	conserved	87	82	0.9425	71.65
insect	anopheles	SYN_GO0006351	biological_process	conserved	83	64	0.7711	60.3
insect	anopheles	SYN_GO0034655	biological_process	conserved	79	69	0.8734	54.2
insect	anopheles	SYN_GO0061640	biological_process	conserved	75	69	0.92	58.6
insect	anopheles	SYN_GO0140014	biological_process	conserved	70	46	0.6571	49.1
insect	anopheles	SYN_GO0045333	biological_process	conserved	67	65	0.9701	72.7
insect	anopheles	SYN_GO0006281	biological_process	conserved	64	48	0.75	49.85
insect	anopheles	SYN_GO0042461	biological_process	specific	97	79	0.8144	54.6
insect	anopheles	SYN_GO0035218	biological_process	specific	90	59	0.6556	57.7
insect	anopheles	SYN_GO0050907	biological_process	specific	83	35	0.4217	48.0
insect	anopheles	SYN_GO0042051	biological_process	specific	79	61	0.7722	54.6
insect	anopheles	SYN_GO0048608	biological_process	specific	74	53	0.7162	55.8
insect	anopheles	SYN_GO0007635	biological_process	specific	71	46	0.6479	66.6
insect	anopheles	SYN_GO0048512	biological_process	specific	67	49	0.7313	57.8
insect	anopheles	SYN_GO0007435	biological_process	specific	63	42	0.6667	63.4
insect	anopheles	SYN_GO1901701	biological_process	other	98	72	0.7347	59.25
insect	anopheles	SYN_GO0051656	biological_process	other	90	74	0.8222	63.2
insect	anopheles	SYN_GO0042060	biological_process	other	85	63	0.7412	62.3
insect	anopheles	SYN_GO0002920	biological_process	other	80	46	0.575	47.35
insect	anopheles	SYN_GO0016050	biological_process	other	77	65	0.8442	62.5
insect	anopheles	SYN_GO0055080	biological_process	other	71	57	0.8028	65.4
insect	anopheles	SYN_GO0071705	biological_process	other	67	54	0.806	64.25
insect	anopheles	SYN_GO0001558	biological_process	other	64	48	0.75	59.3
insect	anopheles	SYN_GO0007098	biological_process	conserved	59	47	0.7966	53.4
insect	anopheles	SYN_GO0018958	biological_process	conserved	57	46	0.807	64.15
insect	anopheles	SYN_GO0044282	biological_process	conserved	53	50	0.9434	72.85
insect	anopheles	SYN_GO0006790	biological_process	conserved	51	31	0.6078	62.8
insect	anopheles	SYN_GO0022900	biological_process	conserved	47	46	0.9787	66.7
insect	anopheles	SYN_GO0042775	biological_process	conserved	44	43	0.9773	66.0
insect	anopheles	SYN_GO0006119	biological_process	conserved	44	43	0.9773	66.0
insect	anopheles	SYN_GO0006261	biological_process	conserved	43	31	0.7209	52.1
insect	anopheles	SYN_GO0001763	biological_process	specific	59	46	0.7797	63.6
insect	anopheles	SYN_GO0050911	biological_process	specific	57	21	0.3684	49.5
insect	anopheles	SYN_GO0006959	biological_process	specific	53	18	0.3396	41.45
insect	anopheles	SYN_GO0008587	biological_process	specific	49	38	0.7755	67.15
insect	anopheles	SYN_GO0045137	biological_process	specific	47	34	0.7234	58.2
insect	anopheles	SYN_GO0035148	biological_process	specific	45	40	0.8889	61.9
insect	anopheles	SYN_GO0014016	biological_process	specific	43	20	0.4651	47.85
insect	anopheles	SYN_GO0008586	biological_process	specific	41	28	0.6829	61.4
insect	anopheles	SYN_GO0099111	biological_process	other	59	53	0.8983	56.5
insect	anopheles	SYN_GO0045787	biological_process	other	55	39	0.7091	62.1
insect	anopheles	SYN_GO0010948	biological_process	other	52	38	0.7308	46.65
insect	anopheles	SYN_GO0099003	biological_process	other	49	41	0.8367	66.1
insect	anopheles	SYN_GO1901988	biological_process	other	47	36	0.766	46.65
insect	anopheles	SYN_GO0006915	biological_process	other	45	27	0.6	52.2
insect	anopheles	SYN_GO0001539	biological_process	other	44	25	0.5682	44.8
insect	anopheles	SYN_GO0072657	biological_process	other	41	35	0.8537	70.0
insect	anopheles	SYN_GO0022857	molecular_function	other	242	164	0.6777	64.55
insect	anopheles	SYN_GO0038023	molecular_function	other	210	128	0.6095	58.3
insect	anopheles	SYN_GO0003700	molecular_function	other	169	77	0.4556	48.1
insect	anopheles	SYN_GO0016301	molecular_function	other	156	130	0.8333	59.25
insect	anopheles	SYN_GO0016773	molecular_function	other	146	120	0.8219	60.45
insect	anopheles	SYN_GO0008092	molecular_function	other	142	99	0.6972	56.5
insect	anopheles	SYN_GO0000976	molecular_function	other	140	66	0.4714	53.5
insect	anopheles	SYN_GO0016491	molecular_function	other	135	101	0.7481	65.7
insect	anopheles	SYN_GO0008324	molecular_function	other	122	89	0.7295	67.2
insect	anopheles	SYN_GO0022836	molecular_function	other	109	59	0.5413	66.6
insect	anopheles	SYN_GO0044877	molecular_function	other	95	72	0.7579	58.8
insect	anopheles	SYN_GO0004674	molecular_function	other	90	73	0.8111	63.7
insect	anopheles	SYN_GO0046982	molecular_function	other	77	54	0.7013	60.5
insect	anopheles	SYN_GO0030545	molecular_function	other	71	28	0.3944	52.45
insect	anopheles	SYN_GO0030546	molecular_function	other	66	24	0.3636	55.65
insect	anopheles	SYN_GO0051020	molecular_function	other	64	52	0.8125	51.2
insect	anopheles	SYN_GO0016757	molecular_function	other	58	49	0.8448	59.5
insect	anopheles	SYN_GO0030695	molecular_function	other	55	49	0.8909	53.4
insect	anopheles	SYN_GO0043169	molecular_function	other	53	40	0.7547	66.5
insect	anopheles	SYN_GO0046872	molecular_function	other	51	38	0.7451	64.95
insect	anopheles	SYN_GO0016462	molecular_function	other	50	44	0.88	68.7
insect	anopheles	SYN_GO0016758	molecular_function	other	47	39	0.8298	59.5
insect	anopheles	SYN_GO0017022	molecular_function	other	43	34	0.7907	58.05
insect	anopheles	SYN_GO0004518	molecular_function	other	43	35	0.814	50.4
insect	anopheles	SYN_GO0097708	cellular_component	other	249	208	0.8353	60.7
insect	anopheles	SYN_GO0098796	cellular_component	other	233	205	0.8798	65.2
insect	anopheles	SYN_GO0015630	cellular_component	other	183	120	0.6557	47.55
insect	anopheles	SYN_GO0036477	cellular_component	other	157	122	0.7771	64.7
insect	anopheles	SYN_GO0098793	cellular_component	other	143	122	0.8531	62.95
insect	anopheles	SYN_GO0099512	cellular_component	other	128	97	0.7578	58.6
insect	anopheles	SYN_GO0071013	cellular_component	other	112	93	0.8304	73.5
insect	anopheles	SYN_GO0005635	cellular_component	other	102	75	0.7353	49.8
insect	anopheles	SYN_GO0061695	cellular_component	other	95	70	0.7368	64.75
insect	anopheles	SYN_GO0031966	cellular_component	other	82	69	0.8415	59.4
insect	anopheles	SYN_GO0098827	cellular_component	other	79	62	0.7848	58.2
insect	anopheles	SYN_GO0015629	cellular_component	other	77	61	0.7922	62.2
insect	anopheles	SYN_GO0044306	cellular_component	other	72	61	0.8472	66.7
insect	anopheles	SYN_GO0099513	cellular_component	other	68	49	0.7206	55.6
insect	anopheles	SYN_GO0000793	cellular_component	other	64	33	0.5156	52.0
insect	anopheles	SYN_GO0030312	cellular_component	other	60	24	0.4	58.9
insect	anopheles	SYN_GO0045179	cellular_component	other	55	44	0.8	54.65
insect	anopheles	SYN_GO0005764	cellular_component	other	54	44	0.8148	53.6
insect	anopheles	SYN_GO0009925	cellular_component	other	49	38	0.7755	58.7
insect	anopheles	SYN_GO0031012	cellular_component	other	47	22	0.4681	57.95
insect	anopheles	SYN_GO0070603	cellular_component	other	44	35	0.7955	52.0
insect	anopheles	SYN_GO0000792	cellular_component	other	43	18	0.4186	51.6
insect	anopheles	SYN_GO0000779	cellular_component	other	42	22	0.5238	53.9
insect	anopheles	SYN_GO0005912	cellular_component	other	40	30	0.75	55.3
insect	aphid	SYN_GO0141187	biological_process	conserved	245	167	0.6816	47.1
insect	aphid	SYN_GO0032774	biological_process	conserved	222	153	0.6892	49.2
insect	aphid	SYN_GO0044281	biological_process	conserved	189	147	0.7778	59.9
insect	aphid	SYN_GO1903047	biological_process	conserved	187	113	0.6043	53.1
insect	aphid	SYN_GO0009057	biological_process	conserved	178	136	0.764	53.25
insect	aphid	SYN_GO0006259	biological_process	conserved	151	85	0.5629	44.5
insect	aphid	SYN_GO0006396	biological_process	conserved	149	103	0.6913	44.5
insect	aphid	SYN_GO1901135	biological_process	conserved	143	112	0.7832	54.4
insect	aphid	SYN_GO0007424	biological_process	specific	249	177	0.7108	51.3
insect	aphid	SYN_GO0097485	biological_process	specific	208	129	0.6202	52.3
insect	aphid	SYN_GO0001751	biological_process	specific	168	98	0.5833	51.05
insect	aphid	SYN_GO0007611	biological_process	specific	153	94	0.6144	54.6
insect	aphid	SYN_GO0010631	biological_process	specific	139	101	0.7266	51.2
insect	aphid	SYN_GO0048871	biological_process	specific	129	81	0.6279	52.6
insect	aphid	SYN_GO0048732	biological_process	specific	117	70	0.5983	46.55
insect	aphid	SYN_GO0050906	biological_process	specific	107	40	0.3738	49.0
insect	aphid	SYN_GO0016192	biological_process	other	249	188	0.755	52.6
insect	aphid	SYN_GO0034330	biological_process	other	214	144	0.6729	56.4
insect	aphid	SYN_GO0090066	biological_process	other	187	135	0.7219	52.2
insect	aphid	SYN_GO0043067	biological_process	other	166	96	0.5783	50.7
insect	aphid	SYN_GO0045088	biological_process	other	139	72	0.518	48.95
insect	aphid	SYN_GO0032989	biological_process	other	128	79	0.6172	49.4
insect	aphid	SYN_GO0009416	biological_process	other	117	68	0.5812	58.25
insect	aphid	SYN_GO0045597	biological_process	other	106	61	0.5755	55.3
insect	aphid	SYN_GO0030163	biological_process	conserved	97	74	0.7629	57.35
insect	aphid	SYN_GO0019752	biological_process	conserved	87	68	0.7816	63.85
insect	aphid	SYN_GO0006351	biological_process	conserved	83	58	0.6988	49.6
insect	aphid	SYN_GO0034655	biological_process	conserved	79	63	0.7975	46.0
insect	aphid	SYN_GO0061640	biological_process	conserved	75	57	0.76	54.4
insect	aphid	SYN_GO0140014	biological_process	conserved	70	37	0.5286	44.7
insect	aphid	SYN_GO0045333	biological_process	conserved	67	60	0.8955	62.85
insect	aphid	SYN_GO0006281	biological_process	conserved	64	40	0.625	44.45
insect	aphid	SYN_GO0042461	biological_process	specific	97	61	0.6289	50.1
insect	aphid	SYN_GO0035218	biological_process	specific	90	45	0.5	52.6
insect	aphid	SYN_GO0050907	biological_process	specific	83	21	0.253	43.0
insect	aphid	SYN_GO0042051	biological_process	specific	79	49	0.6203	48.4
insect	aphid	SYN_GO0048608	biological_process	specific	74	39	0.527	45.5
insect	aphid	SYN_GO0007635	biological_process	specific	71	38	0.5352	60.3
insect	aphid	SYN_GO0048512	biological_process	specific	67	38	0.5672	49.45
insect	aphid	SYN_GO0007435	biological_process	specific	63	36	0.5714	47.6
insect	aphid	SYN_GO1901701	biological_process	other	98	64	0.6531	52.55
insect	aphid	SYN_GO0051656	biological_process	other	90	65	0.7222	54.5
insect	aphid	SYN_GO0042060	biological_process	other	85	54	0.6353	55.05
insect	aphid	SYN_GO0002920	biological_process	other	80	29	0.3625	50.6
insect	aphid	SYN_GO0016050	biological_process	other	77	60	0.7792	52.75
insect	aphid	SYN_GO0055080	biological_process	other	71	50	0.7042	57.15
insect	aphid	SYN_GO0071705	biological_process	other	67	51	0.7612	50.9
insect	aphid	SYN_GO0001558	biological_process	other	64	43	0.6719	52.4
insect	aphid	SYN_GO0007098	biological_process	conserved	59	36	0.6102	52.9
insect	aphid	SYN_GO0018958	biological_process	conserved	57	33	0.5789	61.4
insect	aphid	SYN_GO0044282	biological_process	conserved	53	41	0.7736	63.3
insect	aphid	SYN_GO0006790	biological_process	conserved	51	19	0.3725	57.7
insect	aphid	SYN_GO0022900	biological_process	conserved	47	42	0.8936	54.8
insect	aphid	SYN_GO0042775	biological_process	conserved	44	39	0.8864	50.3
insect	aphid	SYN_GO0006119	biological_process	conserved	44	39	0.8864	50.3
insect	aphid	SYN_GO0006261	biological_process	conserved	43	29	0.6744	41.6
insect	aphid	SYN_GO0001763	biological_process	specific	59	40	0.678	55.7
insect	aphid	SYN_GO0050911	biological_process	specific	57	11	0.193	52.9
insect	aphid	SYN_GO0006959	biological_process	specific	53	9	0.1698	44.0
insect	aphid	SYN_GO0008587	biological_process	specific	49	35	0.7143	56.6
insect	aphid	SYN_GO0045137	biological_process	specific	47	25	0.5319	44.8
insect	aphid	SYN_GO0035148	biological_process	specific	45	34	0.7556	52.4
insect	aphid	SYN_GO0014016	biological_process	specific	43	12	0.2791	44.75
insect	aphid	SYN_GO0008586	biological_process	specific	41	25	0.6098	53.1
insect	aphid	SYN_GO0099111	biological_process	other	59	42	0.7119	47.15
insect	aphid	SYN_GO0045787	biological_process	other	55	31	0.5636	54.7
insect	aphid	SYN_GO0010948	biological_process	other	52	29	0.5577	48.0
insect	aphid	SYN_GO0099003	biological_process	other	49	37	0.7551	55.9
insect	aphid	SYN_GO1901988	biological_process	other	47	28	0.5957	45.05
insect	aphid	SYN_GO0006915	biological_process	other	45	22	0.4889	47.4
insect	aphid	SYN_GO0001539	biological_process	other	44	18	0.4091	46.15
insect	aphid	SYN_GO0072657	biological_process	other	41	32	0.7805	60.3
insect	aphid	SYN_GO0022857	molecular_function	other	242	124	0.5124	56.85
insect	aphid	SYN_GO0038023	molecular_function	other	210	97	0.4619	51.2
insect	aphid	SYN_GO0003700	molecular_function	other	169	47	0.2781	46.4
insect	aphid	SYN_GO0016301	molecular_function	other	156	105	0.6731	55.1
insect	aphid	SYN_GO0016773	molecular_function	other	146	97	0.6644	55.8
insect	aphid	SYN_GO0008092	molecular_function	other	142	72	0.507	55.65
insect	aphid	SYN_GO0000976	molecular_function	other	140	45	0.3214	48.0
insect	aphid	SYN_GO0016491	molecular_function	other	135	90	0.6667	57.8
insect	aphid	SYN_GO0008324	molecular_function	other	122	73	0.5984	60.4
insect	aphid	SYN_GO0022836	molecular_function	other	109	43	0.3945	60.7
insect	aphid	SYN_GO0044877	molecular_function	other	95	60	0.6316	50.3
insect	aphid	SYN_GO0004674	molecular_function	other	90	60	0.6667	61.25
insect	aphid	SYN_GO0046982	molecular_function	other	77	43	0.5584	62.0
insect	aphid	SYN_GO0030545	molecular_function	other	71	19	0.2676	47.5
insect	aphid	SYN_GO0030546	molecular_function	other	66	16	0.2424	47.8
insect	aphid	SYN_GO0051020	molecular_function	other	64	42	0.6562	44.5
insect	aphid	SYN_GO0016757	molecular_function	other	58	46	0.7931	55.05
insect	aphid	SYN_GO0030695	molecular_function	other	55	40	0.7273	44.3
insect	aphid	SYN_GO0043169	molecular_function	other	53	38	0.717	60.45
insect	aphid	SYN_GO0046872	molecular_function	other	51	36	0.7059	58.85
insect	aphid	SYN_GO0016462	molecular_function	other	50	41	0.82	62.8
insect	aphid	SYN_GO0016758	molecular_function	other	47	36	0.766	55.35
insect	aphid	SYN_GO0017022	molecular_function	other	43	26	0.6047	57.25
insect	aphid	SYN_GO0004518	molecular_function	other	43	33	0.7674	42.0
insect	aphid	SYN_GO0097708	cellular_component	other	249	179	0.7189	52.4
insect	aphid	SYN_GO0098796	cellular_component	other	233	178	0.7639	55.15
insect	aphid	SYN_GO0015630	cellular_component	other	183	81	0.4426	51.3
insect	aphid	SYN_GO0036477	cellular_component	other	157	103	0.6561	55.7
insect	aphid	SYN_GO0098793	cellular_component	other	143	104	0.7273	55.35
insect	aphid	SYN_GO0099512	cellular_component	other	128	80	0.625	56.0
insect	aphid	SYN_GO0071013	cellular_component	other	112	90	0.8036	64.75
insect	aphid	SYN_GO0005635	cellular_component	other	102	66	0.6471	41.6
insect	aphid	SYN_GO0061695	cellular_component	other	95	61	0.6421	55.8
insect	aphid	SYN_GO0031966	cellular_component	other	82	56	0.6829	48.45
insect	aphid	SYN_GO0098827	cellular_component	other	79	56	0.7089	52.05
insect	aphid	SYN_GO0015629	cellular_component	other	77	50	0.6494	55.55
insect	aphid	SYN_GO0044306	cellular_component	other	72	52	0.7222	58.55
insect	aphid	SYN_GO0099513	cellular_component	other	68	37	0.5441	52.7
insect	aphid	SYN_GO0000793	cellular_component	other	64	30	0.4688	38.95
insect	aphid	SYN_GO0030312	cellular_component	other	60	23	0.3833	48.8
insect	aphid	SYN_GO0045179	cellular_component	other	55	34	0.6182	52.55
insect	aphid	SYN_GO0005764	cellular_component	other	54	43	0.7963	42.9
insect	aphid	SYN_GO0009925	cellular_component	other	49	32	0.6531	50.0
insect	aphid	SYN_GO0031012	cellular_component	other	47	21	0.4468	46.8
insect	aphid	SYN_GO0070603	cellular_component	other	44	30	0.6818	47.75
insect	aphid	SYN_GO0000792	cellular_component	other	43	9	0.2093	45.3
insect	aphid	SYN_GO0000779	cellular_component	other	42	18	0.4286	47.7
insect	aphid	SYN_GO0005912	cellular_component	other	40	27	0.675	53.5
insect	apis	SYN_GO0141187	biological_process	conserved	245	177	0.7224	49.3
insect	apis	SYN_GO0032774	biological_process	conserved	222	162	0.7297	49.65
insect	apis	SYN_GO0044281	biological_process	conserved	189	149	0.7884	62.2
insect	apis	SYN_GO1903047	biological_process	conserved	187	125	0.6684	52.9
insect	apis	SYN_GO0009057	biological_process	conserved	178	141	0.7921	55.3
insect	apis	SYN_GO0006259	biological_process	conserved	151	92	0.6093	45.1
insect	apis	SYN_GO0006396	biological_process	conserved	149	109	0.7315	45.7
insect	apis	SYN_GO1901135	biological_process	conserved	143	114	0.7972	56.75
insect	apis	SYN_GO0007424	biological_process	specific	249	184	0.739	53.85
insect	apis	SYN_GO0097485	biological_process	specific	208	135	0.649	53.6
insect	apis	SYN_GO0001751	biological_process	specific	168	106	0.631	53.55
insect	apis	SYN_GO0007611	biological_process	specific	153	104	0.6797	54.55
insect	apis	SYN_GO0010631	biological_process	specific	139	104	0.7482	55.55
insect	apis	SYN_GO0048871	biological_process	specific	129	81	0.6279	54.4
insect	apis	SYN_GO0048732	biological_process	specific	117	75	0.641	48.8
insect	apis	SYN_GO0050906	biological_process	specific	107	40	0.3738	52.05
insect	apis	SYN_GO0016192	biological_process	other	249	204	0.8193	55.7
insect	apis	SYN_GO0034330	biological_process	other	214	158	0.7383	59.35
insect	apis	SYN_GO0090066	biological_process	other	187	141	0.754	55.5
insect	apis	SYN_GO0043067	biological_process	other	166	106	0.6386	53.95
insect	apis	SYN_GO0045088	biological_process	other	139	82	0.5899	52.75
insect	apis	SYN_GO0032989	biological_process	other	128	79	0.6172	51.3
insect	apis	SYN_GO0009416	biological_process	other	117	72	0.6154	60.95
insect	apis	SYN_GO0045597	biological_process	other	106	64	0.6038	57.45
insect	apis	SYN_GO0030163	biological_process	conserved	97	78	0.8041	60.4
insect	apis	SYN_GO0019752	biological_process	conserved	87	75	0.8621	66.0
insect	apis	SYN_GO0006351	biological_process	conserved	83	62	0.747	52.15
insect	apis	SYN_GO0034655	biological_process	conserved	79	65	0.8228	49.8
insect	apis	SYN_GO0061640	biological_process	conserved	75	63	0.84	58.0
insect	apis	SYN_GO0140014	biological_process	conserved	70	43	0.6143	47.9
insect	apis	SYN_GO0045333	biological_process	conserved	67	51	0.7612	64.9
insect	apis	SYN_GO0006281	biological_process	conserved	64	44	0.6875	43.9
insect	apis	SYN_GO0042461	biological_process	specific	97	63	0.6495	53.5
insect	apis	SYN_GO0035218	biological_process	specific	90	48	0.5333	54.9
insect	apis	SYN_GO0050907	biological_process	specific	83	22	0.2651	43.2
insect	apis	SYN_GO0042051	biological_process	specific	79	52	0.6582	51.95
insect	apis	SYN_GO0048608	biological_process	specific	74	39	0.527	49.7
insect	apis	SYN_GO0007635	biological_process	specific	71	44	0.6197	62.25
insect	apis	SYN_GO0048512	biological_process	specific	67	41	0.6119	51.6
insect	apis	SYN_GO0007435	biological_process	specific	63	35	0.5556	52.8
insect	apis	SYN_GO1901701	biological_process	other	98	65	0.6633	53.1
insect	apis	SYN_GO0051656	biological_process	other	90	66	0.7333	58.35
insect	apis	SYN_GO0042060	biological_process	other	85	57	0.6706	56.6
insect	apis	SYN_GO0002920	biological_process	other	80	37	0.4625	46.0
insect	apis	SYN_GO0016050	biological_process	other	77	64	0.8312	54.3
insect	apis	SYN_GO0055080	biological_process	other	71	53	0.7465	59.9
insect	apis	SYN_GO0071705	biological_process	other	67	47	0.7015	56.2
insect	apis	SYN_GO0001558	biological_process	other	64	45	0.7031	55.7
insect	apis	SYN_GO0007098	biological_process	conserved	59	35	0.5932	56.2
insect	apis	SYN_GO0018958	biological_process	conserved	57	40	0.7018	59.1
insect	apis	SYN_GO0044282	biological_process	conserved	53	48	0.9057	66.1
insect	apis	SYN_GO0006790	biological_process	conserved	51	24	0.4706	58.6
insect	apis	SYN_GO0022900	biological_process	conserved	47	33	0.7021	52.9
insect	apis	SYN_GO0042775	biological_process	conserved	44	30	0.6818	50.0
insect	apis	SYN_GO0006119	biological_process	conserved	44	30	0.6818	50.0
insect	apis	SYN_GO0006261	biological_process	conserved	43	31	0.7209	40.8
insect	apis	SYN_GO0001763	biological_process	specific	59	40	0.678	59.9
insect	apis	SYN_GO0050911	biological_process	specific	57	15	0.2632	46.8
insect	apis	SYN_GO0006959	biological_process	specific	53	13	0.2453	43.0
insect	apis	SYN_GO0008587	biological_process	specific	49	35	0.7143	57.4
insect	apis	SYN_GO0045137	biological_process	specific	47	24	0.5106	48.4
insect	apis	SYN_GO0035148	biological_process	specific	45	32	0.7111	55.85
insect	apis	SYN_GO0014016	biological_process	specific	43	12	0.2791	49.15
insect	apis	SYN_GO0008586	biological_process	specific	41	25	0.6098	56.7
insect	apis	SYN_GO0099111	biological_process	other	59	50	0.8475	48.85
insect	apis	SYN_GO0045787	biological_process	other	55	33	0.6	53.5
insect	apis	SYN_GO0010948	biological_process	other	52	35	0.6731	49.6
insect	apis	SYN_GO0099003	biological_process	other	49	37	0.7551	60.8
insect	apis	SYN_GO1901988	biological_process	other	47	33	0.7021	49.6
insect	apis	SYN_GO0006915	biological_process	other	45	21	0.4667	51.0
insect	apis	SYN_GO0001539	biological_process	other	44	23	0.5227	35.4
insect	apis	SYN_GO0072657	biological_process	other	41	34	0.8293	67.25
insect	apis	SYN_GO0022857	molecular_function	other	242	140	0.5785	58.95
insect	apis	SYN_GO0038023	molecular_function	other	210	110	0.5238	52.75
insect	apis	SYN_GO0003700	molecular_function	other	169	49	0.2899	46.9
insect	apis	SYN_GO0016301	molecular_function	other	156	115	0.7372	55.2
insect	apis	SYN_GO0016773	molecular_function	other	146	105	0.7192	56.4
insect	apis	SYN_GO0008092	molecular_function	other	142	89	0.6268	56.2
insect	apis	SYN_GO0000976	molecular_function	other	140	51	0.3643	49.1
insect	apis	SYN_GO0016491	molecular_function	other	135	92	0.6815	60.3
insect	apis	SYN_GO0008324	molecular_function	other	122	81	0.6639	61.4
insect	apis	SYN_GO0022836	molecular_function	other	109	49	0.4495	63.2
insect	apis	SYN_GO0044877	molecular_function	other	95	64	0.6737	53.3
insect	apis	SYN_GO0004674	molecular_function	other	90	67	0.7444	61.3
insect	apis	SYN_GO0046982	molecular_function	other	77	42	0.5455	63.9
insect	apis	SYN_GO0030545	molecular_function	other	71	17	0.2394	51.0
insect	apis	SYN_GO0030546	molecular_function	other	66	15	0.2273	51.0
insect	apis	SYN_GO0051020	molecular_function	other	64	47	0.7344	47.5
insect	apis	SYN_GO0016757	molecular_function	other	58	44	0.7586	56.15
insect	apis	SYN_GO0030695	molecular_function	other	55	45	0.8182	46.9
insect	apis	SYN_GO0043169	molecular_function	other	53	38	0.717	61.55
insect	apis	SYN_GO0046872	molecular_function	other	51	37	0.7255	61.0
insect	apis	SYN_GO0016462	molecular_function	other	50	38	0.76	67.25
insect	apis	SYN_GO0016758	molecular_function	other	47	35	0.7447	57.2
insect	apis	SYN_GO0017022	molecular_function	other	43	29	0.6744	58.0
insect	apis	SYN_GO0004518	molecular_function	other	43	34	0.7907	43.8
insect	apis	SYN_GO0097708	cellular_component	other	249	196	0.7871	54.75
insect	apis	SYN_GO0098796	cellular_component	other	233	174	0.7468	57.0
insect	apis	SYN_GO0015630	cellular_component	other	183	94	0.5137	50.9
insect	apis	SYN_GO0036477	cellular_component	other	157	110	0.7006	57.45
insect	apis	SYN_GO0098793	cellular_component	other	143	112	0.7832	58.85
insect	apis	SYN_GO0099512	cellular_component	other	128	86	0.6719	56.35
insect	apis	SYN_GO0071013	cellular_component	other	112	91	0.8125	69.2
insect	apis	SYN_GO0005635	cellular_component	other	102	70	0.6863	44.0
insect	apis	SYN_GO0061695	cellular_component	other	95	67	0.7053	60.0
insect	apis	SYN_GO0031966	cellular_component	other	82	62	0.7561	47.65
insect	apis	SYN_GO0098827	cellular_component	other	79	57	0.7215	52.5
insect	apis	SYN_GO0015629	cellular_component	other	77	56	0.7273	57.1
insect	apis	SYN_GO0044306	cellular_component	other	72	56	0.7778	59.55
insect	apis	SYN_GO0099513	cellular_component	other	68	40	0.5882	53.5
insect	apis	SYN_GO0000793	cellular_component	other	64	31	0.4844	40.2
insect	apis	SYN_GO0030312	cellular_component	other	60	19	0.3167	52.6
insect	apis	SYN_GO0045179	cellular_component	other	55	36	0.6545	53.6
insect	apis	SYN_GO0005764	cellular_component	other	54	45	0.8333	46.2
insect	apis	SYN_GO0009925	cellular_component	other	49	37	0.7551	50.9
insect	apis	SYN_GO0031012	cellular_component	other	47	17	0.3617	49.2
insect	apis	SYN_GO0070603	cellular_component	other	44	32	0.7273	50.7
insect	apis	SYN_GO0000792	cellular_component	other	43	12	0.2791	50.45
insect	apis	SYN_GO0000779	cellular_component	other	42	18	0.4286	47.15
insect	apis	SYN_GO0005912	cellular_component	other	40	25	0.625	53.5
insect	bombyx	SYN_GO0141187	biological_process	conserved	245	183	0.7469	49.9
insect	bombyx	SYN_GO0032774	biological_process	conserved	222	166	0.7477	50.35
insect	bombyx	SYN_GO0044281	biological_process	conserved	189	160	0.8466	61.3
insect	bombyx	SYN_GO1903047	biological_process	conserved	187	124	0.6631	51.9
insect	bombyx	SYN_GO0009057	biological_process	conserved	178	145	0.8146	55.2
insect	bombyx	SYN_GO0006259	biological_process	conserved	151	96	0.6358	45.35
insect	bombyx	SYN_GO0006396	biological_process	conserved	149	113	0.7584	44.3
insect	bombyx	SYN_GO1901135	biological_process	conserved	143	120	0.8392	57.65
insect	bombyx	SYN_GO0007424	biological_process	specific	249	190	0.7631	52.75
insect	bombyx	SYN_GO0097485	biological_process	specific	208	144	0.6923	52.95
insect	bombyx	SYN_GO0001751	biological_process	specific	168	114	0.6786	50.9
insect	bombyx	SYN_GO0007611	biological_process	specific	153	99	0.6471	54.4
insect	bombyx	SYN_GO0010631	biological_process	specific	139	105	0.7554	51.7
insect	bombyx	SYN_GO0048871	biological_process	specific	129	86	0.6667	51.75
insect	bombyx	SYN_GO0048732	biological_process	specific	117	73	0.6239	47.9
insect	bombyx	SYN_GO0050906	biological_process	specific	107	52	0.486	48.6
insect	bombyx	SYN_GO0016192	biological_process	other	249	202	0.8112	54.4
insect	bombyx	SYN_GO0034330	biological_process	other	214	155	0.7243	57.0
insect	bombyx	SYN_GO0090066	biological_process	other	187	145	0.7754	54.2
insect	bombyx	SYN_GO0043067	biological_process	other	166	106	0.6386	54.2
insect	bombyx	SYN_GO0045088	biological_process	other	139	85	0.6115	50.2
insect	bombyx	SYN_GO0032989	biological_process	other	128	77	0.6016	52.3
insect	bombyx	SYN_GO0009416	biological_process	other	117	74	0.6325	62.55
insect	bombyx	SYN_GO0045597	biological_process	other	106	67	0.6321	55.1
insect	bombyx	SYN_GO0030163	biological_process	conserved	97	80	0.8247	59.75
insect	bombyx	SYN_GO0019752	biological_process	conserved	87	80	0.9195	65.95
insect	bombyx	SYN_GO0006351	biological_process	conserved	83	62	0.747	53.9
insect	bombyx	SYN_GO0034655	biological_process	conserved	79	67	0.8481	46.3
insect	bombyx	SYN_GO0061640	biological_process	conserved	75	63	0.84	53.7
insect	bombyx	SYN_GO0140014	biological_process	conserved	70	40	0.5714	48.95
insect	bombyx	SYN_GO0045333	biological_process	conserved	67	64	0.9552	64.8
insect	bombyx	SYN_GO0006281	biological_process	conserved	64	43	0.6719	44.2
insect	bombyx	SYN_GO0042461	biological_process	specific	97	69	0.7113	50.0
insect	bombyx	SYN_GO0035218	biological_process	specific	90	52	0.5778	53.7
insect	bombyx	SYN_GO0050907	biological_process	specific	83	33	0.3976	39.9
insect	bombyx	SYN_GO0042051	biological_process	specific	79	56	0.7089	48.2
insect	bombyx	SYN_GO0048608	biological_process	specific	74	42	0.5676	49.45
insect	bombyx	SYN_GO0007635	biological_process	specific	71	49	0.6901	57.0
insect	bombyx	SYN_GO0048512	biological_process	specific	67	41	0.6119	48.7
insect	bombyx	SYN_GO0007435	biological_process	specific	63	36	0.5714	51.1
insect	bombyx	SYN_GO1901701	biological_process	other	98	73	0.7449	52.2
insect	bombyx	SYN_GO0051656	biological_process	other	90	64	0.7111	57.45
insect	bombyx	SYN_GO0042060	biological_process	other	85	57	0.6706	57.7
insect	bombyx	SYN_GO0002920	biological_process	other	80	38	0.475	45.8
insect	bombyx	SYN_GO0016050	biological_process	other	77	62	0.8052	55.2
insect	bombyx	SYN_GO0055080	biological_process	other	71	54	0.7606	59.4
insect	bombyx	SYN_GO0071705	biological_process	other	67	55	0.8209	54.8
insect	bombyx	SYN_GO0001558	biological_process	other	64	42	0.6562	54.65
insect	bombyx	SYN_GO0007098	biological_process	conserved	59	35	0.5932	57.5
insect	bombyx	SYN_GO0018958	biological_process	conserved	57	41	0.7193	57.7
insect	bombyx	SYN_GO0044282	biological_process	conserved	53	50	0.9434	66.4
insect	bombyx	SYN_GO0006790	biological_process	conserved	51	27	0.5294	50.3
insect	bombyx	SYN_GO0022900	biological_process	conserved	47	46	0.9787	60.85
insect	bombyx	SYN_GO0042775	biological_process	conserved	44	43	0.9773	60.7
insect	bombyx	SYN_GO0006119	biological_process	conserved	44	43	0.9773	60.7
insect	bombyx	SYN_GO0006261	biological_process	conserved	43	32	0.7442	44.65
insect	bombyx	SYN_GO0001763	biological_process	specific	59	41	0.6949	55.2
insect	bombyx	SYN_GO0050911	biological_process	specific	57	20	0.3509	43.9
insect	bombyx	SYN_GO0006959	biological_process	specific	53	13	0.2453	41.8
insect	bombyx	SYN_GO0008587	biological_process	specific	49	36	0.7347	60.15
insect	bombyx	SYN_GO0045137	biological_process	specific	47	27	0.5745	47.2
insect	bombyx	SYN_GO0035148	biological_process	specific	45	35	0.7778	55.2
insect	bombyx	SYN_GO0014016	biological_process	specific	43	17	0.3953	46.0
insect	bombyx	SYN_GO0008586	biological_process	specific	41	26	0.6341	54.65
insect	bombyx	SYN_GO0099111	biological_process	other	59	44	0.7458	45.85
insect	bombyx	SYN_GO0045787	biological_process	other	55	34	0.6182	55.3
insect	bombyx	SYN_GO0010948	biological_process	other	52	33	0.6346	44.4
insect	bombyx	SYN_GO0099003	biological_process	other	49	40	0.8163	59.5
insect	bombyx	SYN_GO1901988	biological_process	other	47	31	0.6596	44.4
insect	bombyx	SYN_GO0006915	biological_process	other	45	24	0.5333	46.95
insect	bombyx	SYN_GO0001539	biological_process	other	44	20	0.4545	46.4
insect	bombyx	SYN_GO0072657	biological_process	other	41	35	0.8537	62.0
insect	bombyx	SYN_GO0022857	molecular_function	other	242	153	0.6322	57.6
insect	bombyx	SYN_GO0038023	molecular_function	other	210	122	0.581	51.5
insect	bombyx	SYN_GO0003700	molecular_function	other	169	62	0.3669	46.15
insect	bombyx	SYN_GO0016301	molecular_function	other	156	123	0.7885	55.8
insect	bombyx	SYN_GO0016773	molecular_function	other	146	115	0.7877	54.3
insect	bombyx	SYN_GO0008092	molecular_function	other	142	79	0.5563	55.2
insect	bombyx	SYN_GO0000976	molecular_function	other	140	55	0.3929	51.8
insect	bombyx	SYN_GO0016491	molecular_function	other	135	97	0.7185	58.4
insect	bombyx	SYN_GO0008324	molecular_function	other	122	84	0.6885	63.6
insect	bombyx	SYN_GO0022836	molecular_function	other	109	55	0.5046	62.7
insect	bombyx	SYN_GO0044877	molecular_function	other	95	64	0.6737	54.45
insect	bombyx	SYN_GO0004674	molecular_function	other	90	73	0.8111	59.0
insect	bombyx	SYN_GO0046982	molecular_function	other	77	47	0.6104	57.3
insect	bombyx	SYN_GO0030545	molecular_function	other	71	20	0.2817	43.5
insect	bombyx	SYN_GO0030546	molecular_function	other	66	18	0.2727	43.5
insect	bombyx	SYN_GO0051020	molecular_function	other	64	51	0.7969	42.5
insect	bombyx	SYN_GO0016757	molecular_function	other	58	43	0.7414	56.1
insect	bombyx	SYN_GO0030695	molecular_function	other	55	45	0.8182	42.7
insect	bombyx	SYN_GO0043169	molecular_function	other	53	38	0.717	60.05
insect	bombyx	SYN_GO0046872	molecular_function	other	51	36	0.7059	58.75
insect	bombyx	SYN_GO0016462	molecular_function	other	50	42	0.84	68.3
insect	bombyx	SYN_GO0016758	molecular_function	other	47	35	0.7447	56.9
insect	bombyx	SYN_GO0017022	molecular_function	other	43	26	0.6047	56.5
insect	bombyx	SYN_GO0004518	molecular_function	other	43	34	0.7907	43.55
insect	bombyx	SYN_GO0097708	cellular_component	other	249	198	0.7952	54.1
insect	bombyx	SYN_GO0098796	cellular_component	other	233	199	0.8541	60.5
insect	bombyx	SYN_GO0015630	cellular_component	other	183	97	0.5301	49.8
insect	bombyx	SYN_GO0036477	cellular_component	other	157	109	0.6943	58.5
insect	bombyx	SYN_GO0098793	cellular_component	other	143	118	0.8252	55.75
insect	bombyx	SYN_GO0099512	cellular_component	other	128	86	0.6719	57.6
insect	bombyx	SYN_GO0071013	cellular_component	other	112	93	0.8304	67.6
insect	bombyx	SYN_GO0005635	cellular_component	other	102	67	0.6569	44.3
insect	bombyx	SYN_GO0061695	cellular_component	other	95	69	0.7263	59.6
insect	bombyx	SYN_GO0031966	cellular_component	other	82	64	0.7805	51.75
insect	bombyx	SYN_GO0098827	cellular_component	other	79	61	0.7722	53.3
insect	bombyx	SYN_GO0015629	cellular_component	other	77	52	0.6753	56.45
insect	bombyx	SYN_GO0044306	cellular_component	other	72	59	0.8194	58.8
insect	bombyx	SYN_GO0099513	cellular_component	other	68	41	0.6029	52.3
insect	bombyx	SYN_GO0000793	cellular_component	other	64	29	0.4531	44.2
insect	bombyx	SYN_GO0030312	cellular_component	other	60	22	0.3667	51.5
insect	bombyx	SYN_GO0045179	cellular_component	other	55	36	0.6545	49.45
insect	bombyx	SYN_GO0005764	cellular_component	other	54	44	0.8148	44.6
insect	bombyx	SYN_GO0009925	cellular_component	other	49	35	0.7143	50.5
insect	bombyx	SYN_GO0031012	cellular_component	other	47	20	0.4255	48.8
insect	bombyx	SYN_GO0070603	cellular_component	other	44	33	0.75	50.6
insect	bombyx	SYN_GO0000792	cellular_component	other	43	10	0.2326	56.8
insect	bombyx	SYN_GO0000779	cellular_component	other	42	18	0.4286	51.0
insect	bombyx	SYN_GO0005912	cellular_component	other	40	30	0.75	51.9
insect	celegans	SYN_GO0141187	biological_process	conserved	245	111	0.4531	40.6
insect	celegans	SYN_GO0032774	biological_process	conserved	222	104	0.4685	40.7
insect	celegans	SYN_GO0044281	biological_process	conserved	189	120	0.6349	52.55
insect	celegans	SYN_GO1903047	biological_process	conserved	187	85	0.4545	44.0
insect	celegans	SYN_GO0009057	biological_process	conserved	178	94	0.5281	45.7
insect	celegans	SYN_GO0006259	biological_process	conserved	151	59	0.3907	38.0
insect	celegans	SYN_GO0006396	biological_process	conserved	149	67	0.4497	41.2
insect	celegans	SYN_GO1901135	biological_process	conserved	143	87	0.6084	47.4
insect	celegans	SYN_GO0007424	biological_process	specific	249	108	0.4337	39.6
insect	celegans	SYN_GO0097485	biological_process	specific	208	86	0.4135	36.55
insect	celegans	SYN_GO0001751	biological_process	specific	168	65	0.3869	35.8
insect	celegans	SYN_GO0007611	biological_process	specific	153	64	0.4183	39.0
insect	celegans	SYN_GO0010631	biological_process	specific	139	70	0.5036	40.4
insect	celegans	SYN_GO0048871	biological_process	specific	129	49	0.3798	39.8
insect	celegans	SYN_GO0048732	biological_process	specific	117	41	0.3504	37.3
insect	celegans	SYN_GO0050906	biological_process	specific	107	21	0.1963	42.2
insect	celegans	SYN_GO0016192	biological_process	other	249	150	0.6024	44.9
insect	celegans	SYN_GO0034330	biological_process	other	214	92	0.4299	41.35
insect	celegans	SYN_GO0090066	biological_process	other	187	80	0.4278	37.0
insect	celegans	SYN_GO0043067	biological_process	other	166	62	0.3735	40.5
insect	celegans	SYN_GO0045088	biological_process	other	139	52	0.3741	42.2
insect	celegans	SYN_GO0032989	biological_process	other	128	45	0.3516	44.1
insect	celegans	SYN_GO0009416	biological_process	other	117	46	0.3932	42.15
insect	celegans	SYN_GO0045597	biological_process	other	106	43	0.4057	43.8
insect	celegans	SYN_GO0030163	biological_process	conserved	97	56	0.5773	50.4
insect	celegans	SYN_GO0019752	biological_process	conserved	87	63	0.7241	58.9
insect	celegans	SYN_GO0006351	biological_process	conserved	83	40	0.4819	37.7
insect	celegans	SYN_GO0034655	biological_process	conserved	79	41	0.519	48.3
insect	celegans	SYN_GO0061640	biological_process	conserved	75	43	0.5733	47.4
insect	celegans	SYN_GO0140014	biological_process	conserved	70	23	0.3286	38.8
insect	celegans	SYN_GO0045333	biological_process	conserved	67	51	0.7612	59.4
insect	celegans	SYN_GO0006281	biological_process	conserved	64	30	0.4688	37.95
insect	celegans	SYN_GO0042461	biological_process	specific	97	40	0.4124	34.95
insect	celegans	SYN_GO0035218	biological_process	specific	90	25	0.2778	37.2
insect	celegans	SYN_GO0050907	biological_process	specific	83	10	0.1205	42.1
insect	celegans	SYN_GO0042051	biological_process	specific	79	33	0.4177	33.8
insect	celegans	SYN_GO0048608	biological_process	specific	74	24	0.3243	34.8
insect	celegans	SYN_GO0007635	biological_process	specific	71	25	0.3521	42.1
insect	celegans	SYN_GO0048512	biological_process	specific	67	22	0.3284	49.05
insect	celegans	SYN_GO0007435	biological_process	specific	63	20	0.3175	38.5
insect	celegans	SYN_GO1901701	biological_process	other	98	49	0.5	38.6
insect	celegans	SYN_GO0051656	biological_process	other	90	57	0.6333	45.8
insect	celegans	SYN_GO0042060	biological_process	other	85	35	0.4118	46.8
insect	celegans	SYN_GO0002920	biological_process	other	80	19	0.2375	42.0
insect	celegans	SYN_GO0016050	biological_process	other	77	45	0.5844	52.8
insect	celegans	SYN_GO0055080	biological_process	other	71	38	0.5352	43.1
insect	celegans	SYN_GO0071705	biological_process	other	67	41	0.6119	43.9
insect	celegans	SYN_GO0001558	biological_process	other	64	29	0.4531	39.0
insect	celegans	SYN_GO0007098	biological_process	conserved	59	25	0.4237	45.6
insect	celegans	SYN_GO0018958	biological_process	conserved	57	24	0.4211	45.5
insect	celegans	SYN_GO0044282	biological_process	conserved	53	44	0.8302	55.1
insect	celegans	SYN_GO0006790	biological_process	conserved	51	18	0.3529	44.65
insect	celegans	SYN_GO0022900	biological_process	conserved	47	34	0.7234	45.8
insect	celegans	SYN_GO0042775	biological_process	conserved	44	31	0.7045	44.1
insect	celegans	SYN_GO0006119	biological_process	conserved	44	31	0.7045	44.1
insect	celegans	SYN_GO0006261	biological_process	conserved	43	17	0.3953	32.3
insect	celegans	SYN_GO0001763	biological_process	specific	59	31	0.5254	45.8
insect	celegans	SYN_GO0050911	biological_process	specific	57	6	0.1053	45.0
insect	celegans	SYN_GO0006959	biological_process	specific	53	3	0.0566	72.1
insect	celegans	SYN_GO0008587	biological_process	specific	49	23	0.4694	43.7
insect	celegans	SYN_GO0045137	biological_process	specific	47	16	0.3404	32.5
insect	celegans	SYN_GO0035148	biological_process	specific	45	27	0.6	40.9
insect	celegans	SYN_GO0014016	biological_process	specific	43	6	0.1395	33.15
insect	celegans	SYN_GO0008586	biological_process	specific	41	13	0.3171	52.1
insect	celegans	SYN_GO0099111	biological_process	other	59	32	0.5424	37.5
insect	celegans	SYN_GO0045787	biological_process	other	55	22	0.4	51.3
insect	celegans	SYN_GO0010948	biological_process	other	52	19	0.3654	42.5
insect	celegans	SYN_GO0099003	biological_process	other	49	32	0.6531	44.9
insect	celegans	SYN_GO1901988	biological_process	other	47	18	0.383	43.25
insect	celegans	SYN_GO0006915	biological_process	other	45	10	0.2222	37.65
insect	celegans	SYN_GO0001539	biological_process	other	44	4	0.0909	41.1
insect	celegans	SYN_GO0072657	biological_process	other	41	29	0.7073	52.8
insect	celegans	SYN_GO0022857	molecular_function	other	242	92	0.3802	45.25
insect	celegans	SYN_GO0038023	molecular_function	other	210	55	0.2619	35.2
insect	celegans	SYN_GO0003700	molecular_function	other	169	14	0.0828	43.65
insect	celegans	SYN_GO0016301	molecular_function	other	156	88	0.5641	49.3
insect	celegans	SYN_GO0016773	molecular_function	other	146	79	0.5411	49.1
insect	celegans	SYN_GO0008092	molecular_function	other	142	44	0.3099	44.05
insect	celegans	SYN_GO0000976	molecular_function	other	140	22	0.1571	42.35
insect	celegans	SYN_GO0016491	molecular_function	other	135	73	0.5407	50.3
insect	celegans	SYN_GO0008324	molecular_function	other	122	56	0.459	45.25
insect	celegans	SYN_GO0022836	molecular_function	other	109	30	0.2752	44.05
insect	celegans	SYN_GO0044877	molecular_function	other	95	37	0.3895	41.8
insect	celegans	SYN_GO0004674	molecular_function	other	90	52	0.5778	51.75
insect	celegans	SYN_GO0046982	molecular_function	other	77	21	0.2727	44.1
insect	celegans	SYN_GO0030545	molecular_function	other	71	2	0.0282	45.2
insect	celegans	SYN_GO0030546	molecular_function	other	66	2	0.0303	45.2
insect	celegans	SYN_GO0051020	molecular_function	other	64	30	0.4688	33.0
insect	celegans	SYN_GO0016757	molecular_function	other	58	30	0.5172	45.9
insect	celegans	SYN_GO0030695	molecular_function	other	55	28	0.5091	30.7
insect	celegans	SYN_GO0043169	molecular_function	other	53	27	0.5094	45.8
insect	celegans	SYN_GO0046872	molecular_function	other	51	26	0.5098	44.15
insect	celegans	SYN_GO0016462	molecular_function	other	50	35	0.7	53.5
insect	celegans	SYN_GO0016758	molecular_function	other	47	25	0.5319	46.7
insect	celegans	SYN_GO0017022	molecular_function	other	43	19	0.4419	52.1
insect	celegans	SYN_GO0004518	molecular_function	other	43	23	0.5349	37.7
insect	celegans	SYN_GO0097708	cellular_component	other	249	136	0.5462	42.75
insect	celegans	SYN_GO0098796	cellular_component	other	233	139	0.5966	44.0
insect	celegans	SYN_GO0015630	cellular_component	other	183	48	0.2623	45.9
insect	celegans	SYN_GO0036477	cellular_component	other	157	69	0.4395	49.3
insect	celegans	SYN_GO0098793	cellular_component	other	143	79	0.5524	42.7
insect	celegans	SYN_GO0099512	cellular_component	other	128	50	0.3906	46.05
insect	celegans	SYN_GO0071013	cellular_component	other	112	78	0.6964	53.3
insect	celegans	SYN_GO0005635	cellular_component	other	102	52	0.5098	35.4
insect	celegans	SYN_GO0061695	cellular_component	other	95	51	0.5368	37.2
insect	celegans	SYN_GO0031966	cellular_component	other	82	40	0.4878	45.05
insect	celegans	SYN_GO0098827	cellular_component	other	79	43	0.5443	40.8
insect	celegans	SYN_GO0015629	cellular_component	other	77	30	0.3896	41.35
insect	celegans	SYN_GO0044306	cellular_component	other	72	38	0.5278	45.25
insect	celegans	SYN_GO0099513	cellular_component	other	68	26	0.3824	43.7
insect	celegans	SYN_GO0000793	cellular_component	other	64	21	0.3281	35.1
insect	celegans	SYN_GO0030312	cellular_component	other	60	11	0.1833	35.7
insect	celegans	SYN_GO0045179	cellular_component	other	55	19	0.3455	39.0
insect	celegans	SYN_GO0005764	cellular_component	other	54	31	0.5741	38.0
insect	celegans	SYN_GO0009925	cellular_component	other	49	22	0.449	36.15
insect	celegans	SYN_GO0031012	cellular_component	other	47	9	0.1915	30.3
insect	celegans	SYN_GO0070603	cellular_component	other	44	19	0.4318	53.0
insect	celegans	SYN_GO0000792	cellular_component	other	43	7	0.1628	36.6
insect	celegans	SYN_GO0000779	cellular_component	other	42	13	0.3095	44.4
insect	celegans	SYN_GO0005912	cellular_component	other	40	17	0.425	39.6
insect	d_ananassae	SYN_GO0141187	biological_process	conserved	245	238	0.9714	82.2
insect	d_ananassae	SYN_GO0032774	biological_process	conserved	222	215	0.9685	82.4
insect	d_ananassae	SYN_GO0044281	biological_process	conserved	189	186	0.9841	90.1
insect	d_ananassae	SYN_GO1903047	biological_process	conserved	187	183	0.9786	82.9
insect	d_ananassae	SYN_GO0009057	biological_process	conserved	178	174	0.9775	88.4
insect	d_ananassae	SYN_GO0006259	biological_process	conserved	151	145	0.9603	77.5
insect	d_ananassae	SYN_GO0006396	biological_process	conserved	149	144	0.9664	80.85
insect	d_ananassae	SYN_GO1901135	biological_process	conserved	143	139	0.972	89.7
insect	d_ananassae	SYN_GO0007424	biological_process	specific	249	244	0.9799	86.5
insect	d_ananassae	SYN_GO0097485	biological_process	specific	208	202	0.9712	86.35
insect	d_ananassae	SYN_GO0001751	biological_process	specific	168	160	0.9524	86.55
insect	d_ananassae	SYN_GO0007611	biological_process	specific	153	142	0.9281	85.45
insect	d_ananassae	SYN_GO0010631	biological_process	specific	139	138	0.9928	86.4
insect	d_ananassae	SYN_GO0048871	biological_process	specific	129	123	0.9535	84.6
insect	d_ananassae	SYN_GO0048732	biological_process	specific	117	111	0.9487	84.6
insect	d_ananassae	SYN_GO0050906	biological_process	specific	107	103	0.9626	82.5
insect	d_ananassae	SYN_GO0016192	biological_process	other	249	241	0.9679	90.4
insect	d_ananassae	SYN_GO0034330	biological_process	other	214	205	0.9579	86.6
insect	d_ananassae	SYN_GO0090066	biological_process	other	187	186	0.9947	87.2
insect	d_ananassae	SYN_GO0043067	biological_process	other	166	166	1.0	83.75
insect	d_ananassae	SYN_GO0045088	biological_process	other	139	132	0.9496	82.5
insect	d_ananassae	SYN_GO0032989	biological_process	other	128	119	0.9297	81.6
insect	d_ananassae	SYN_GO0009416	biological_process	other	117	106	0.906	90.25
insect	d_ananassae	SYN_GO0045597	biological_process	other	106	105	0.9906	83.9
insect	d_ananassae	SYN_GO0030163	biological_process	conserved	97	96	0.9897	89.95
insect	d_ananassae	SYN_GO0019752	biological_process	conserved	87	86	0.9885	91.3
insect	d_ananassae	SYN_GO0006351	biological_process	conserved	83	81	0.9759	86.8
insect	d_ananassae	SYN_GO0034655	biological_process	conserved	79	78	0.9873	86.9
insect	d_ananassae	SYN_GO0061640	biological_process	conserved	75	75	1.0	90.8
insect	d_ananassae	SYN_GO0140014	biological_process	conserved	70	69	0.9857	78.6
insect	d_ananassae	SYN_GO0045333	biological_process	conserved	67	66	0.9851	92.65
insect	d_ananassae	SYN_GO0006281	biological_process	conserved	64	62	0.9688	77.35
insect	d_ananassae	SYN_GO0042461	biological_process	specific	97	92	0.9485	86.4
insect	d_ananassae	SYN_GO0035218	biological_process	specific	90	86	0.9556	85.65
insect	d_ananassae	SYN_GO0050907	biological_process	specific	83	79	0.9518	80.5
insect	d_ananassae	SYN_GO0042051	biological_process	specific	79	75	0.9494	87.5
insect	d_ananassae	SYN_GO0048608	biological_process	specific	74	71	0.9595	83.6
insect	d_ananassae	SYN_GO0007635	biological_process	specific	71	66	0.9296	83.55
insect	d_ananassae	SYN_GO0048512	biological_process	specific	67	63	0.9403	85.7
insect	d_ananassae	SYN_GO0007435	biological_process	specific	63	57	0.9048	85.1
insect	d_ananassae	SYN_GO1901701	biological_process	other	98	96	0.9796	85.25
insect	d_ananassae	SYN_GO0051656	biological_process	other	90	86	0.9556	90.8
insect	d_ananassae	SYN_GO0042060	biological_process	other	85	81	0.9529	85.5
insect	d_ananassae	SYN_GO0002920	biological_process	other	80	74	0.925	79.95
insect	d_ananassae	SYN_GO0016050	biological_process	other	77	74	0.961	89.35
insect	d_ananassae	SYN_GO0055080	biological_process	other	71	69	0.9718	88.3
insect	d_ananassae	SYN_GO0071705	biological_process	other	67	64	0.9552	88.85
insect	d_ananassae	SYN_GO0001558	biological_process	other	64	63	0.9844	87.6
insect	d_ananassae	SYN_GO0007098	biological_process	conserved	59	57	0.9661	80.4
insect	d_ananassae	SYN_GO0018958	biological_process	conserved	57	54	0.9474	88.65
insect	d_ananassae	SYN_GO0044282	biological_process	conserved	53	53	1.0	92.6
insect	d_ananassae	SYN_GO0006790	biological_process	conserved	51	43	0.8431	88.2
insect	d_ananassae	SYN_GO0022900	biological_process	conserved	47	47	1.0	91.4
insect	d_ananassae	SYN_GO0042775	biological_process	conserved	44	44	1.0	90.2
insect	d_ananassae	SYN_GO0006119	biological_process	conserved	44	44	1.0	90.2
insect	d_ananassae	SYN_GO0006261	biological_process	conserved	43	43	1.0	81.9
insect	d_ananassae	SYN_GO0001763	biological_process	specific	59	57	0.9661	87.0
insect	d_ananassae	SYN_GO0050911	biological_process	specific	57	54	0.9474	78.7
insect	d_ananassae	SYN_GO0006959	biological_process	specific	53	40	0.7547	78.35
insect	d_ananassae	SYN_GO0008587	biological_process	specific	49	48	0.9796	89.65
insect	d_ananassae	SYN_GO0045137	biological_process	specific	47	46	0.9787	82.7
insect	d_ananassae	SYN_GO0035148	biological_process	specific	45	45	1.0	88.9
insect	d_ananassae	SYN_GO0014016	biological_process	specific	43	42	0.9767	81.35
insect	d_ananassae	SYN_GO0008586	biological_process	specific	41	41	1.0	82.0
insect	d_ananassae	SYN_GO0099111	biological_process	other	59	58	0.9831	90.7
insect	d_ananassae	SYN_GO0045787	biological_process	other	55	53	0.9636	85.8
insect	d_ananassae	SYN_GO0010948	biological_process	other	52	52	1.0	79.8
insect	d_ananassae	SYN_GO0099003	biological_process	other	49	48	0.9796	92.2
insect	d_ananassae	SYN_GO1901988	biological_process	other	47	47	1.0	79.6
insect	d_ananassae	SYN_GO0006915	biological_process	other	45	43	0.9556	83.1
insect	d_ananassae	SYN_GO0001539	biological_process	other	44	36	0.8182	81.3
insect	d_ananassae	SYN_GO0072657	biological_process	other	41	40	0.9756	94.4
insect	d_ananassae	SYN_GO0022857	molecular_function	other	242	228	0.9421	87.5
insect	d_ananassae	SYN_GO0038023	molecular_function	other	210	202	0.9619	83.55
insect	d_ananassae	SYN_GO0003700	molecular_function	other	169	160	0.9467	79.85
insect	d_ananassae	SYN_GO0016301	molecular_function	other	156	147	0.9423	86.4
insect	d_ananassae	SYN_GO0016773	molecular_function	other	146	137	0.9384	87.5
insect	d_ananassae	SYN_GO0008092	molecular_function	other	142	134	0.9437	85.0
insect	d_ananassae	SYN_GO0000976	molecular_function	other	140	135	0.9643	78.7
insect	d_ananassae	SYN_GO0016491	molecular_function	other	135	129	0.9556	88.5
insect	d_ananassae	SYN_GO0008324	molecular_function	other	122	115	0.9426	88.2
insect	d_ananassae	SYN_GO0022836	molecular_function	other	109	101	0.9266	84.1
insect	d_ananassae	SYN_GO0044877	molecular_function	other	95	92	0.9684	85.8
insect	d_ananassae	SYN_GO0004674	molecular_function	other	90	85	0.9444	89.1
insect	d_ananassae	SYN_GO0046982	molecular_function	other	77	77	1.0	83.9
insect	d_ananassae	SYN_GO0030545	molecular_function	other	71	67	0.9437	78.3
insect	d_ananassae	SYN_GO0030546	molecular_function	other	66	62	0.9394	78.0
insect	d_ananassae	SYN_GO0051020	molecular_function	other	64	64	1.0	86.45
insect	d_ananassae	SYN_GO0016757	molecular_function	other	58	58	1.0	86.9
insect	d_ananassae	SYN_GO0030695	molecular_function	other	55	55	1.0	86.2
insect	d_ananassae	SYN_GO0043169	molecular_function	other	53	51	0.9623	90.4
insect	d_ananassae	SYN_GO0046872	molecular_function	other	51	50	0.9804	90.8
insect	d_ananassae	SYN_GO0016462	molecular_function	other	50	48	0.96	89.2
insect	d_ananassae	SYN_GO0016758	molecular_function	other	47	47	1.0	86.8
insect	d_ananassae	SYN_GO0017022	molecular_function	other	43	40	0.9302	88.0
insect	d_ananassae	SYN_GO0004518	molecular_function	other	43	41	0.9535	83.0
insect	d_ananassae	SYN_GO0097708	cellular_component	other	249	246	0.988	90.2
insect	d_ananassae	SYN_GO0098796	cellular_component	other	233	224	0.9614	89.8
insect	d_ananassae	SYN_GO0015630	cellular_component	other	183	174	0.9508	79.75
insect	d_ananassae	SYN_GO0036477	cellular_component	other	157	151	0.9618	88.5
insect	d_ananassae	SYN_GO0098793	cellular_component	other	143	134	0.9371	89.9
insect	d_ananassae	SYN_GO0099512	cellular_component	other	128	123	0.9609	87.3
insect	d_ananassae	SYN_GO0071013	cellular_component	other	112	111	0.9911	91.4
insect	d_ananassae	SYN_GO0005635	cellular_component	other	102	98	0.9608	82.6
insect	d_ananassae	SYN_GO0061695	cellular_component	other	95	84	0.8842	88.35
insect	d_ananassae	SYN_GO0031966	cellular_component	other	82	77	0.939	86.6
insect	d_ananassae	SYN_GO0098827	cellular_component	other	79	75	0.9494	87.0
insect	d_ananassae	SYN_GO0015629	cellular_component	other	77	73	0.9481	88.7
insect	d_ananassae	SYN_GO0044306	cellular_component	other	72	67	0.9306	90.9
insect	d_ananassae	SYN_GO0099513	cellular_component	other	68	67	0.9853	83.0
insect	d_ananassae	SYN_GO0000793	cellular_component	other	64	59	0.9219	71.3
insect	d_ananassae	SYN_GO0030312	cellular_component	other	60	49	0.8167	83.1
insect	d_ananassae	SYN_GO0045179	cellular_component	other	55	53	0.9636	87.6
insect	d_ananassae	SYN_GO0005764	cellular_component	other	54	54	1.0	88.85
insect	d_ananassae	SYN_GO0009925	cellular_component	other	49	47	0.9592	86.4
insect	d_ananassae	SYN_GO0031012	cellular_component	other	47	39	0.8298	83.4
insect	d_ananassae	SYN_GO0070603	cellular_component	other	44	43	0.9773	84.5
insect	d_ananassae	SYN_GO0000792	cellular_component	other	43	40	0.9302	70.8
insect	d_ananassae	SYN_GO0000779	cellular_component	other	42	41	0.9762	68.1
insect	d_ananassae	SYN_GO0005912	cellular_component	other	40	39	0.975	87.4
insect	d_grimshawi	SYN_GO0141187	biological_process	conserved	245	230	0.9388	74.3
insect	d_grimshawi	SYN_GO0032774	biological_process	conserved	222	209	0.9414	74.5
insect	d_grimshawi	SYN_GO0044281	biological_process	conserved	189	179	0.9471	83.5
insect	d_grimshawi	SYN_GO1903047	biological_process	conserved	187	173	0.9251	73.4
insect	d_grimshawi	SYN_GO0009057	biological_process	conserved	178	171	0.9607	81.5
insect	d_grimshawi	SYN_GO0006259	biological_process	conserved	151	139	0.9205	68.1
insect	d_grimshawi	SYN_GO0006396	biological_process	conserved	149	140	0.9396	71.75
insect	d_grimshawi	SYN_GO1901135	biological_process	conserved	143	137	0.958	80.9
insect	d_grimshawi	SYN_GO0007424	biological_process	specific	249	237	0.9518	80.4
insect	d_grimshawi	SYN_GO0097485	biological_process	specific	208	196	0.9423	78.75
insect	d_grimshawi	SYN_GO0001751	biological_process	specific	168	156	0.9286	77.75
insect	d_grimshawi	SYN_GO0007611	biological_process	specific	153	140	0.915	78.8
insect	d_grimshawi	SYN_GO0010631	biological_process	specific	139	132	0.9496	80.15
insect	d_grimshawi	SYN_GO0048871	biological_process	specific	129	119	0.9225	77.1
insect	d_grimshawi	SYN_GO0048732	biological_process	specific	117	105	0.8974	78.4
insect	d_grimshawi	SYN_GO0050906	biological_process	specific	107	90	0.8411	69.65
insect	d_grimshawi	SYN_GO0016192	biological_process	other	249	239	0.9598	84.7
insect	d_grimshawi	SYN_GO0034330	biological_process	other	214	203	0.9486	80.8
insect	d_grimshawi	SYN_GO0090066	biological_process	other	187	177	0.9465	80.5
insect	d_grimshawi	SYN_GO0043067	biological_process	other	166	160	0.9639	74.45
insect	d_grimshawi	SYN_GO0045088	biological_process	other	139	125	0.8993	74.6
insect	d_grimshawi	SYN_GO0032989	biological_process	other	128	117	0.9141	73.3
insect	d_grimshawi	SYN_GO0009416	biological_process	other	117	104	0.8889	84.7
insect	d_grimshawi	SYN_GO0045597	biological_process	other	106	97	0.9151	79.7
insect	d_grimshawi	SYN_GO0030163	biological_process	conserved	97	94	0.9691	84.7
insect	d_grimshawi	SYN_GO0019752	biological_process	conserved	87	84	0.9655	85.4
insect	d_grimshawi	SYN_GO0006351	biological_process	conserved	83	79	0.9518	79.5
insect	d_grimshawi	SYN_GO0034655	biological_process	conserved	79	75	0.9494	79.7
insect	d_grimshawi	SYN_GO0061640	biological_process	conserved	75	72	0.96	84.3
insect	d_grimshawi	SYN_GO0140014	biological_process	conserved	70	63	0.9	66.3
insect	d_grimshawi	SYN_GO0045333	biological_process	conserved	67	64	0.9552	88.15
insect	d_grimshawi	SYN_GO0006281	biological_process	conserved	64	60	0.9375	63.2
insect	d_grimshawi	SYN_GO0042461	biological_process	specific	97	87	0.8969	77.7
insect	d_grimshawi	SYN_GO0035218	biological_process	specific	90	81	0.9	76.0
insect	d_grimshawi	SYN_GO0050907	biological_process	specific	83	67	0.8072	67.5
insect	d_grimshawi	SYN_GO0042051	biological_process	specific	79	71	0.8987	79.3
insect	d_grimshawi	SYN_GO0048608	biological_process	specific	74	69	0.9324	75.3
insect	d_grimshawi	SYN_GO0007635	biological_process	specific	71	66	0.9296	76.55
insect	d_grimshawi	SYN_GO0048512	biological_process	specific	67	60	0.8955	76.2
insect	d_grimshawi	SYN_GO0007435	biological_process	specific	63	55	0.873	81.6
insect	d_grimshawi	SYN_GO1901701	biological_process	other	98	94	0.9592	76.1
insect	d_grimshawi	SYN_GO0051656	biological_process	other	90	85	0.9444	85.4
insect	d_grimshawi	SYN_GO0042060	biological_process	other	85	80	0.9412	77.2
insect	d_grimshawi	SYN_GO0002920	biological_process	other	80	70	0.875	68.25
insect	d_grimshawi	SYN_GO0016050	biological_process	other	77	74	0.961	83.05
insect	d_grimshawi	SYN_GO0055080	biological_process	other	71	63	0.8873	81.4
insect	d_grimshawi	SYN_GO0071705	biological_process	other	67	61	0.9104	84.8
insect	d_grimshawi	SYN_GO0001558	biological_process	other	64	58	0.9062	81.55
insect	d_grimshawi	SYN_GO0007098	biological_process	conserved	59	56	0.9492	70.6
insect	d_grimshawi	SYN_GO0018958	biological_process	conserved	57	53	0.9298	85.3
insect	d_grimshawi	SYN_GO0044282	biological_process	conserved	53	52	0.9811	85.8
insect	d_grimshawi	SYN_GO0006790	biological_process	conserved	51	38	0.7451	80.75
insect	d_grimshawi	SYN_GO0022900	biological_process	conserved	47	45	0.9574	87.7
insect	d_grimshawi	SYN_GO0042775	biological_process	conserved	44	42	0.9545	86.95
insect	d_grimshawi	SYN_GO0006119	biological_process	conserved	44	42	0.9545	86.95
insect	d_grimshawi	SYN_GO0006261	biological_process	conserved	43	42	0.9767	74.3
insect	d_grimshawi	SYN_GO0001763	biological_process	specific	59	54	0.9153	82.75
insect	d_grimshawi	SYN_GO0050911	biological_process	specific	57	44	0.7719	63.15
insect	d_grimshawi	SYN_GO0006959	biological_process	specific	53	33	0.6226	62.4
insect	d_grimshawi	SYN_GO0008587	biological_process	specific	49	47	0.9592	83.1
insect	d_grimshawi	SYN_GO0045137	biological_process	specific	47	45	0.9574	75.5
insect	d_grimshawi	SYN_GO0035148	biological_process	specific	45	43	0.9556	83.1
insect	d_grimshawi	SYN_GO0014016	biological_process	specific	43	40	0.9302	71.5
insect	d_grimshawi	SYN_GO0008586	biological_process	specific	41	39	0.9512	76.3
insect	d_grimshawi	SYN_GO0099111	biological_process	other	59	58	0.9831	84.8
insect	d_grimshawi	SYN_GO0045787	biological_process	other	55	53	0.9636	75.1
insect	d_grimshawi	SYN_GO0010948	biological_process	other	52	51	0.9808	67.1
insect	d_grimshawi	SYN_GO0099003	biological_process	other	49	45	0.9184	89.9
insect	d_grimshawi	SYN_GO1901988	biological_process	other	47	46	0.9787	67.55
insect	d_grimshawi	SYN_GO0006915	biological_process	other	45	44	0.9778	69.15
insect	d_grimshawi	SYN_GO0001539	biological_process	other	44	34	0.7727	71.75
insect	d_grimshawi	SYN_GO0072657	biological_process	other	41	41	1.0	89.4
insect	d_grimshawi	SYN_GO0022857	molecular_function	other	242	214	0.8843	80.7
insect	d_grimshawi	SYN_GO0038023	molecular_function	other	210	190	0.9048	75.45
insect	d_grimshawi	SYN_GO0003700	molecular_function	other	169	157	0.929	67.7
insect	d_grimshawi	SYN_GO0016301	molecular_function	other	156	147	0.9423	80.3
insect	d_grimshawi	SYN_GO0016773	molecular_function	other	146	137	0.9384	80.5
insect	d_grimshawi	SYN_GO0008092	molecular_function	other	142	120	0.8451	78.85
insect	d_grimshawi	SYN_GO0000976	molecular_function	other	140	127	0.9071	67.4
insect	d_grimshawi	SYN_GO0016491	molecular_function	other	135	123	0.9111	82.1
insect	d_grimshawi	SYN_GO0008324	molecular_function	other	122	109	0.8934	83.3
insect	d_grimshawi	SYN_GO0022836	molecular_function	other	109	89	0.8165	79.9
insect	d_grimshawi	SYN_GO0044877	molecular_function	other	95	87	0.9158	77.9
insect	d_grimshawi	SYN_GO0004674	molecular_function	other	90	83	0.9222	82.0
insect	d_grimshawi	SYN_GO0046982	molecular_function	other	77	74	0.961	77.4
insect	d_grimshawi	SYN_GO0030545	molecular_function	other	71	64	0.9014	64.9
insect	d_grimshawi	SYN_GO0030546	molecular_function	other	66	59	0.8939	64.9
insect	d_grimshawi	SYN_GO0051020	molecular_function	other	64	63	0.9844	75.1
insect	d_grimshawi	SYN_GO0016757	molecular_function	other	58	54	0.931	78.9
insect	d_grimshawi	SYN_GO0030695	molecular_function	other	55	52	0.9455	76.75
insect	d_grimshawi	SYN_GO0043169	molecular_function	other	53	50	0.9434	84.9
insect	d_grimshawi	SYN_GO0046872	molecular_function	other	51	48	0.9412	84.0
insect	d_grimshawi	SYN_GO0016462	molecular_function	other	50	45	0.9	86.7
insect	d_grimshawi	SYN_GO0016758	molecular_function	other	47	45	0.9574	78.9
insect	d_grimshawi	SYN_GO0017022	molecular_function	other	43	38	0.8837	80.5
insect	d_grimshawi	SYN_GO0004518	molecular_function	other	43	39	0.907	72.9
insect	d_grimshawi	SYN_GO0097708	cellular_component	other	249	241	0.9679	82.5
insect	d_grimshawi	SYN_GO0098796	cellular_component	other	233	225	0.9657	85.2
insect	d_grimshawi	SYN_GO0015630	cellular_component	other	183	164	0.8962	69.3
insect	d_grimshawi	SYN_GO0036477	cellular_component	other	157	148	0.9427	80.4
insect	d_grimshawi	SYN_GO0098793	cellular_component	other	143	135	0.9441	83.0
insect	d_grimshawi	SYN_GO0099512	cellular_component	other	128	118	0.9219	80.2
insect	d_grimshawi	SYN_GO0071013	cellular_component	other	112	102	0.9107	86.25
insect	d_grimshawi	SYN_GO0005635	cellular_component	other	102	95	0.9314	74.5
insect	d_grimshawi	SYN_GO0061695	cellular_component	other	95	82	0.8632	81.15
insect	d_grimshawi	SYN_GO0031966	cellular_component	other	82	76	0.9268	77.55
insect	d_grimshawi	SYN_GO0098827	cellular_component	other	79	73	0.9241	79.5
insect	d_grimshawi	SYN_GO0015629	cellular_component	other	77	72	0.9351	80.4
insect	d_grimshawi	SYN_GO0044306	cellular_component	other	72	68	0.9444	85.45
insect	d_grimshawi	SYN_GO0099513	cellular_component	other	68	64	0.9412	75.35
insect	d_grimshawi	SYN_GO0000793	cellular_component	other	64	54	0.8438	62.5
insect	d_grimshawi	SYN_GO0030312	cellular_component	other	60	43	0.7167	75.5
insect	d_grimshawi	SYN_GO0045179	cellular_component	other	55	51	0.9273	81.9
insect	d_grimshawi	SYN_GO0005764	cellular_component	other	54	51	0.9444	81.2
insect	d_grimshawi	SYN_GO0009925	cellular_component	other	49	43	0.8776	77.0
insect	d_grimshawi	SYN_GO0031012	cellular_component	other	47	34	0.7234	75.65
insect	d_grimshawi	SYN_GO0070603	cellular_component	other	44	41	0.9318	79.6
insect	d_grimshawi	SYN_GO0000792	cellular_component	other	43	33	0.7674	66.5
insect	d_grimshawi	SYN_GO0000779	cellular_component	other	42	37	0.881	64.5
insect	d_grimshawi	SYN_GO0005912	cellular_component	other	40	37	0.925	82.1
insect	d_simulans	SYN_GO0141187	biological_process	conserved	245	200	0.8163	96.2
insect	d_simulans	SYN_GO0032774	biological_process	conserved	222	182	0.8198	96.4
insect	d_simulans	SYN_GO0044281	biological_process	conserved	189	160	0.8466	98.15
insect	d_simulans	SYN_GO1903047	biological_process	conserved	187	152	0.8128	97.1
insect	d_simulans	SYN_GO0009057	biological_process	conserved	178	154	0.8652	97.3
insect	d_simulans	SYN_GO0006259	biological_process	conserved	151	128	0.8477	95.45
insect	d_simulans	SYN_GO0006396	biological_process	conserved	149	124	0.8322	95.65
insect	d_simulans	SYN_GO1901135	biological_process	conserved	143	123	0.8601	98.0
insect	d_simulans	SYN_GO0007424	biological_process	specific	249	202	0.8112	97.3
insect	d_simulans	SYN_GO0097485	biological_process	specific	208	165	0.7933	97.0
insect	d_simulans	SYN_GO0001751	biological_process	specific	168	130	0.7738	97.2
insect	d_simulans	SYN_GO0007611	biological_process	specific	153	113	0.7386	95.8
insect	d_simulans	SYN_GO0010631	biological_process	specific	139	116	0.8345	97.6
insect	d_simulans	SYN_GO0048871	biological_process	specific	129	100	0.7752	96.6
insect	d_simulans	SYN_GO0048732	biological_process	specific	117	94	0.8034	97.55
insect	d_simulans	SYN_GO0050906	biological_process	specific	107	93	0.8692	96.6
insect	d_simulans	SYN_GO0016192	biological_process	other	249	203	0.8153	98.4
insect	d_simulans	SYN_GO0034330	biological_process	other	214	168	0.785	97.45
insect	d_simulans	SYN_GO0090066	biological_process	other	187	155	0.8289	97.4
insect	d_simulans	SYN_GO0043067	biological_process	other	166	140	0.8434	96.95
insect	d_simulans	SYN_GO0045088	biological_process	other	139	117	0.8417	96.7
insect	d_simulans	SYN_GO0032989	biological_process	other	128	103	0.8047	94.8
insect	d_simulans	SYN_GO0009416	biological_process	other	117	97	0.8291	98.1
insect	d_simulans	SYN_GO0045597	biological_process	other	106	83	0.783	96.6
insect	d_simulans	SYN_GO0030163	biological_process	conserved	97	89	0.9175	98.2
insect	d_simulans	SYN_GO0019752	biological_process	conserved	87	76	0.8736	98.5
insect	d_simulans	SYN_GO0006351	biological_process	conserved	83	66	0.7952	97.5
insect	d_simulans	SYN_GO0034655	biological_process	conserved	79	60	0.7595	96.75
insect	d_simulans	SYN_GO0061640	biological_process	conserved	75	62	0.8267	98.5
insect	d_simulans	SYN_GO0140014	biological_process	conserved	70	61	0.8714	96.0
insect	d_simulans	SYN_GO0045333	biological_process	conserved	67	47	0.7015	98.7
insect	d_simulans	SYN_GO0006281	biological_process	conserved	64	56	0.875	94.55
insect	d_simulans	SYN_GO0042461	biological_process	specific	97	76	0.7835	96.7
insect	d_simulans	SYN_GO0035218	biological_process	specific	90	67	0.7444	97.9
insect	d_simulans	SYN_GO0050907	biological_process	specific	83	72	0.8675	96.85
insect	d_simulans	SYN_GO0042051	biological_process	specific	79	63	0.7975	96.6
insect	d_simulans	SYN_GO0048608	biological_process	specific	74	58	0.7838	97.2
insect	d_simulans	SYN_GO0007635	biological_process	specific	71	59	0.831	96.8
insect	d_simulans	SYN_GO0048512	biological_process	specific	67	50	0.7463	96.2
insect	d_simulans	SYN_GO0007435	biological_process	specific	63	54	0.8571	97.5
insect	d_simulans	SYN_GO1901701	biological_process	other	98	82	0.8367	97.95
insect	d_simulans	SYN_GO0051656	biological_process	other	90	64	0.7111	97.8
insect	d_simulans	SYN_GO0042060	biological_process	other	85	70	0.8235	97.1
insect	d_simulans	SYN_GO0002920	biological_process	other	80	63	0.7875	96.3
insect	d_simulans	SYN_GO0016050	biological_process	other	77	65	0.8442	98.6
insect	d_simulans	SYN_GO0055080	biological_process	other	71	58	0.8169	98.25
insect	d_simulans	SYN_GO0071705	biological_process	other	67	58	0.8657	98.0
insect	d_simulans	SYN_GO0001558	biological_process	other	64	51	0.7969	97.7
insect	d_simulans	SYN_GO0007098	biological_process	conserved	59	51	0.8644	96.1
insect	d_simulans	SYN_GO0018958	biological_process	conserved	57	50	0.8772	98.15
insect	d_simulans	SYN_GO0044282	biological_process	conserved	53	47	0.8868	98.8
insect	d_simulans	SYN_GO0006790	biological_process	conserved	51	51	1.0	97.2
insect	d_simulans	SYN_GO0022900	biological_process	conserved	47	34	0.7234	98.2
insect	d_simulans	SYN_GO0042775	biological_process	conserved	44	31	0.7045	98.2
insect	d_simulans	SYN_GO0006119	biological_process	conserved	44	31	0.7045	98.2
insect	d_simulans	SYN_GO0006261	biological_process	conserved	43	38	0.8837	97.0
insect	d_simulans	SYN_GO0001763	biological_process	specific	59	46	0.7797	97.4
insect	d_simulans	SYN_GO0050911	biological_process	specific	57	52	0.9123	96.9
insect	d_simulans	SYN_GO0006959	biological_process	specific	53	45	0.8491	95.3
insect	d_simulans	SYN_GO0008587	biological_process	specific	49	35	0.7143	98.6
insect	d_simulans	SYN_GO0045137	biological_process	specific	47	38	0.8085	97.2
insect	d_simulans	SYN_GO0035148	biological_process	specific	45	32	0.7111	97.85
insect	d_simulans	SYN_GO0014016	biological_process	specific	43	31	0.7209	97.4
insect	d_simulans	SYN_GO0008586	biological_process	specific	41	31	0.7561	96.4
insect	d_simulans	SYN_GO0099111	biological_process	other	59	46	0.7797	97.35
insect	d_simulans	SYN_GO0045787	biological_process	other	55	46	0.8364	96.25
insect	d_simulans	SYN_GO0010948	biological_process	other	52	40	0.7692	96.7
insect	d_simulans	SYN_GO0099003	biological_process	other	49	38	0.7755	98.9
insect	d_simulans	SYN_GO1901988	biological_process	other	47	37	0.7872	96.5
insect	d_simulans	SYN_GO0006915	biological_process	other	45	35	0.7778	95.2
insect	d_simulans	SYN_GO0001539	biological_process	other	44	37	0.8409	95.6
insect	d_simulans	SYN_GO0072657	biological_process	other	41	34	0.8293	98.15
insect	d_simulans	SYN_GO0022857	molecular_function	other	242	205	0.8471	97.5
insect	d_simulans	SYN_GO0038023	molecular_function	other	210	177	0.8429	97.2
insect	d_simulans	SYN_GO0003700	molecular_function	other	169	142	0.8402	96.75
insect	d_simulans	SYN_GO0016301	molecular_function	other	156	124	0.7949	97.05
insect	d_simulans	SYN_GO0016773	molecular_function	other	146	114	0.7808	97.05
insect	d_simulans	SYN_GO0008092	molecular_function	other	142	106	0.7465	96.5
insect	d_simulans	SYN_GO0000976	molecular_function	other	140	114	0.8143	96.75
insect	d_simulans	SYN_GO0016491	molecular_function	other	135	114	0.8444	98.1
insect	d_simulans	SYN_GO0008324	molecular_function	other	122	99	0.8115	97.6
insect	d_simulans	SYN_GO0022836	molecular_function	other	109	92	0.844	96.95
insect	d_simulans	SYN_GO0044877	molecular_function	other	95	76	0.8	96.4
insect	d_simulans	SYN_GO0004674	molecular_function	other	90	70	0.7778	96.9
insect	d_simulans	SYN_GO0046982	molecular_function	other	77	64	0.8312	98.0
insect	d_simulans	SYN_GO0030545	molecular_function	other	71	65	0.9155	97.1
insect	d_simulans	SYN_GO0030546	molecular_function	other	66	60	0.9091	97.05
insect	d_simulans	SYN_GO0051020	molecular_function	other	64	53	0.8281	97.8
insect	d_simulans	SYN_GO0016757	molecular_function	other	58	50	0.8621	97.6
insect	d_simulans	SYN_GO0030695	molecular_function	other	55	44	0.8	96.6
insect	d_simulans	SYN_GO0043169	molecular_function	other	53	46	0.8679	98.95
insect	d_simulans	SYN_GO0046872	molecular_function	other	51	44	0.8627	98.9
insect	d_simulans	SYN_GO0016462	molecular_function	other	50	41	0.82	96.7
insect	d_simulans	SYN_GO0016758	molecular_function	other	47	42	0.8936	97.6
insect	d_simulans	SYN_GO0017022	molecular_function	other	43	34	0.7907	97.2
insect	d_simulans	SYN_GO0004518	molecular_function	other	43	34	0.7907	95.2
insect	d_simulans	SYN_GO0097708	cellular_component	other	249	200	0.8032	98.3
insect	d_simulans	SYN_GO0098796	cellular_component	other	233	185	0.794	98.2
insect	d_simulans	SYN_GO0015630	cellular_component	other	183	144	0.7869	96.2
insect	d_simulans	SYN_GO0036477	cellular_component	other	157	119	0.758	97.3
insect	d_simulans	SYN_GO0098793	cellular_component	other	143	104	0.7273	97.3
insect	d_simulans	SYN_GO0099512	cellular_component	other	128	98	0.7656	97.0
insect	d_simulans	SYN_GO0071013	cellular_component	other	112	83	0.7411	98.1
insect	d_simulans	SYN_GO0005635	cellular_component	other	102	78	0.7647	95.6
insect	d_simulans	SYN_GO0061695	cellular_component	other	95	76	0.8	98.3
insect	d_simulans	SYN_GO0031966	cellular_component	other	82	68	0.8293	97.95
insect	d_simulans	SYN_GO0098827	cellular_component	other	79	68	0.8608	97.55
insect	d_simulans	SYN_GO0015629	cellular_component	other	77	55	0.7143	97.6
insect	d_simulans	SYN_GO0044306	cellular_component	other	72	50	0.6944	98.05
insect	d_simulans	SYN_GO0099513	cellular_component	other	68	55	0.8088	97.2
insect	d_simulans	SYN_GO0000793	cellular_component	other	64	57	0.8906	96.0
insect	d_simulans	SYN_GO0030312	cellular_component	other	60	46	0.7667	95.4
insect	d_simulans	SYN_GO0045179	cellular_component	other	55	38	0.6909	96.0
insect	d_simulans	SYN_GO0005764	cellular_component	other	54	44	0.8148	97.95
insect	d_simulans	SYN_GO0009925	cellular_component	other	49	36	0.7347	97.0
insect	d_simulans	SYN_GO0031012	cellular_component	other	47	36	0.766	95.75
insect	d_simulans	SYN_GO0070603	cellular_component	other	44	33	0.75	98.3
insect	d_simulans	SYN_GO0000792	cellular_component	other	43	35	0.814	95.4
insect	d_simulans	SYN_GO0000779	cellular_component	other	42	40	0.9524	96.1
insect	d_simulans	SYN_GO0005912	cellular_component	other	40	26	0.65	96.1
insect	d_virilis	SYN_GO0141187	biological_process	conserved	245	233	0.951	75.4
insect	d_virilis	SYN_GO0032774	biological_process	conserved	222	211	0.9505	75.9
insect	d_virilis	SYN_GO0044281	biological_process	conserved	189	182	0.963	83.5
insect	d_virilis	SYN_GO1903047	biological_process	conserved	187	178	0.9519	74.85
insect	d_virilis	SYN_GO0009057	biological_process	conserved	178	172	0.9663	82.6
insect	d_virilis	SYN_GO0006259	biological_process	conserved	151	144	0.9536	70.2
insect	d_virilis	SYN_GO0006396	biological_process	conserved	149	140	0.9396	74.1
insect	d_virilis	SYN_GO1901135	biological_process	conserved	143	135	0.9441	82.5
insect	d_virilis	SYN_GO0007424	biological_process	specific	249	241	0.9679	80.1
insect	d_virilis	SYN_GO0097485	biological_process	specific	208	203	0.976	79.3
insect	d_virilis	SYN_GO0001751	biological_process	specific	168	161	0.9583	78.9
insect	d_virilis	SYN_GO0007611	biological_process	specific	153	143	0.9346	78.8
insect	d_virilis	SYN_GO0010631	biological_process	specific	139	138	0.9928	79.75
insect	d_virilis	SYN_GO0048871	biological_process	specific	129	125	0.969	78.0
insect	d_virilis	SYN_GO0048732	biological_process	specific	117	112	0.9573	78.5
insect	d_virilis	SYN_GO0050906	biological_process	specific	107	95	0.8879	71.7
insect	d_virilis	SYN_GO0016192	biological_process	other	249	243	0.9759	85.5
insect	d_virilis	SYN_GO0034330	biological_process	other	214	203	0.9486	82.8
insect	d_virilis	SYN_GO0090066	biological_process	other	187	185	0.9893	81.5
insect	d_virilis	SYN_GO0043067	biological_process	other	166	161	0.9699	75.4
insect	d_virilis	SYN_GO0045088	biological_process	other	139	129	0.9281	76.5
insect	d_virilis	SYN_GO0032989	biological_process	other	128	120	0.9375	74.45
insect	d_virilis	SYN_GO0009416	biological_process	other	117	106	0.906	86.6
insect	d_virilis	SYN_GO0045597	biological_process	other	106	101	0.9528	79.9
insect	d_virilis	SYN_GO0030163	biological_process	conserved	97	95	0.9794	86.1
insect	d_virilis	SYN_GO0019752	biological_process	conserved	87	84	0.9655	86.3
insect	d_virilis	SYN_GO0006351	biological_process	conserved	83	81	0.9759	80.2
insect	d_virilis	SYN_GO0034655	biological_process	conserved	79	76	0.962	81.55
insect	d_virilis	SYN_GO0061640	biological_process	conserved	75	75	1.0	85.4
insect	d_virilis	SYN_GO0140014	biological_process	conserved	70	67	0.9571	68.7
insect	d_virilis	SYN_GO0045333	biological_process	conserved	67	64	0.9552	88.65
insect	d_virilis	SYN_GO0006281	biological_process	conserved	64	64	1.0	64.75
insect	d_virilis	SYN_GO0042461	biological_process	specific	97	92	0.9485	79.3
insect	d_virilis	SYN_GO0035218	biological_process	specific	90	88	0.9778	76.95
insect	d_virilis	SYN_GO0050907	biological_process	specific	83	72	0.8675	67.35
insect	d_virilis	SYN_GO0042051	biological_process	specific	79	75	0.9494	80.4
insect	d_virilis	SYN_GO0048608	biological_process	specific	74	72	0.973	75.1
insect	d_virilis	SYN_GO0007635	biological_process	specific	71	65	0.9155	77.4
insect	d_virilis	SYN_GO0048512	biological_process	specific	67	63	0.9403	78.4
insect	d_virilis	SYN_GO0007435	biological_process	specific	63	59	0.9365	78.7
insect	d_virilis	SYN_GO1901701	biological_process	other	98	96	0.9796	77.55
insect	d_virilis	SYN_GO0051656	biological_process	other	90	86	0.9556	86.3
insect	d_virilis	SYN_GO0042060	biological_process	other	85	82	0.9647	76.45
insect	d_virilis	SYN_GO0002920	biological_process	other	80	71	0.8875	72.2
insect	d_virilis	SYN_GO0016050	biological_process	other	77	76	0.987	82.35
insect	d_virilis	SYN_GO0055080	biological_process	other	71	65	0.9155	83.4
insect	d_virilis	SYN_GO0071705	biological_process	other	67	64	0.9552	84.65
insect	d_virilis	SYN_GO0001558	biological_process	other	64	62	0.9688	82.5
insect	d_virilis	SYN_GO0007098	biological_process	conserved	59	56	0.9492	71.5
insect	d_virilis	SYN_GO0018958	biological_process	conserved	57	52	0.9123	84.2
insect	d_virilis	SYN_GO0044282	biological_process	conserved	53	52	0.9811	86.9
insect	d_virilis	SYN_GO0006790	biological_process	conserved	51	39	0.7647	81.9
insect	d_virilis	SYN_GO0022900	biological_process	conserved	47	45	0.9574	86.1
insect	d_virilis	SYN_GO0042775	biological_process	conserved	44	42	0.9545	85.05
insect	d_virilis	SYN_GO0006119	biological_process	conserved	44	42	0.9545	85.05
insect	d_virilis	SYN_GO0006261	biological_process	conserved	43	43	1.0	75.5
insect	d_virilis	SYN_GO0001763	biological_process	specific	59	55	0.9322	81.1
insect	d_virilis	SYN_GO0050911	biological_process	specific	57	47	0.8246	66.7
insect	d_virilis	SYN_GO0006959	biological_process	specific	53	34	0.6415	67.25
insect	d_virilis	SYN_GO0008587	biological_process	specific	49	48	0.9796	83.1
insect	d_virilis	SYN_GO0045137	biological_process	specific	47	45	0.9574	76.4
insect	d_virilis	SYN_GO0035148	biological_process	specific	45	44	0.9778	81.75
insect	d_virilis	SYN_GO0014016	biological_process	specific	43	42	0.9767	70.9
insect	d_virilis	SYN_GO0008586	biological_process	specific	41	41	1.0	74.7
insect	d_virilis	SYN_GO0099111	biological_process	other	59	59	1.0	85.5
insect	d_virilis	SYN_GO0045787	biological_process	other	55	52	0.9455	75.95
insect	d_virilis	SYN_GO0010948	biological_process	other	52	52	1.0	70.2
insect	d_virilis	SYN_GO0099003	biological_process	other	49	49	1.0	89.3
insect	d_virilis	SYN_GO1901988	biological_process	other	47	47	1.0	71.5
insect	d_virilis	SYN_GO0006915	biological_process	other	45	43	0.9556	69.6
insect	d_virilis	SYN_GO0001539	biological_process	other	44	36	0.8182	74.0
insect	d_virilis	SYN_GO0072657	biological_process	other	41	40	0.9756	88.0
insect	d_virilis	SYN_GO0022857	molecular_function	other	242	223	0.9215	81.4
insect	d_virilis	SYN_GO0038023	molecular_function	other	210	195	0.9286	76.7
insect	d_virilis	SYN_GO0003700	molecular_function	other	169	161	0.9527	69.6
insect	d_virilis	SYN_GO0016301	molecular_function	other	156	146	0.9359	79.3
insect	d_virilis	SYN_GO0016773	molecular_function	other	146	136	0.9315	79.7
insect	d_virilis	SYN_GO0008092	molecular_function	other	142	132	0.9296	77.55
insect	d_virilis	SYN_GO0000976	molecular_function	other	140	131	0.9357	71.3
insect	d_virilis	SYN_GO0016491	molecular_function	other	135	121	0.8963	82.8
insect	d_virilis	SYN_GO0008324	molecular_function	other	122	115	0.9426	83.5
insect	d_virilis	SYN_GO0022836	molecular_function	other	109	96	0.8807	79.65
insect	d_virilis	SYN_GO0044877	molecular_function	other	95	90	0.9474	79.55
insect	d_virilis	SYN_GO0004674	molecular_function	other	90	82	0.9111	83.1
insect	d_virilis	SYN_GO0046982	molecular_function	other	77	75	0.974	78.5
insect	d_virilis	SYN_GO0030545	molecular_function	other	71	66	0.9296	67.45
insect	d_virilis	SYN_GO0030546	molecular_function	other	66	61	0.9242	66.7
insect	d_virilis	SYN_GO0051020	molecular_function	other	64	64	1.0	78.05
insect	d_virilis	SYN_GO0016757	molecular_function	other	58	53	0.9138	79.5
insect	d_virilis	SYN_GO0030695	molecular_function	other	55	55	1.0	78.3
insect	d_virilis	SYN_GO0043169	molecular_function	other	53	51	0.9623	86.6
insect	d_virilis	SYN_GO0046872	molecular_function	other	51	49	0.9608	86.0
insect	d_virilis	SYN_GO0016462	molecular_function	other	50	48	0.96	84.55
insect	d_virilis	SYN_GO0016758	molecular_function	other	47	44	0.9362	79.8
insect	d_virilis	SYN_GO0017022	molecular_function	other	43	40	0.9302	81.3
insect	d_virilis	SYN_GO0004518	molecular_function	other	43	39	0.907	73.4
insect	d_virilis	SYN_GO0097708	cellular_component	other	249	247	0.992	83.8
insect	d_virilis	SYN_GO0098796	cellular_component	other	233	226	0.97	85.55
insect	d_virilis	SYN_GO0015630	cellular_component	other	183	173	0.9454	69.8
insect	d_virilis	SYN_GO0036477	cellular_component	other	157	153	0.9745	80.9
insect	d_virilis	SYN_GO0098793	cellular_component	other	143	139	0.972	84.0
insect	d_virilis	SYN_GO0099512	cellular_component	other	128	122	0.9531	81.55
insect	d_virilis	SYN_GO0071013	cellular_component	other	112	108	0.9643	88.55
insect	d_virilis	SYN_GO0005635	cellular_component	other	102	97	0.951	73.0
insect	d_virilis	SYN_GO0061695	cellular_component	other	95	83	0.8737	81.7
insect	d_virilis	SYN_GO0031966	cellular_component	other	82	77	0.939	79.0
insect	d_virilis	SYN_GO0098827	cellular_component	other	79	74	0.9367	80.7
insect	d_virilis	SYN_GO0015629	cellular_component	other	77	74	0.961	82.6
insect	d_virilis	SYN_GO0044306	cellular_component	other	72	69	0.9583	87.3
insect	d_virilis	SYN_GO0099513	cellular_component	other	68	65	0.9559	76.2
insect	d_virilis	SYN_GO0000793	cellular_component	other	64	59	0.9219	63.6
insect	d_virilis	SYN_GO0030312	cellular_component	other	60	44	0.7333	76.2
insect	d_virilis	SYN_GO0045179	cellular_component	other	55	51	0.9273	78.7
insect	d_virilis	SYN_GO0005764	cellular_component	other	54	53	0.9815	82.3
insect	d_virilis	SYN_GO0009925	cellular_component	other	49	44	0.898	78.35
insect	d_virilis	SYN_GO0031012	cellular_component	other	47	35	0.7447	76.8
insect	d_virilis	SYN_GO0070603	cellular_component	other	44	42	0.9545	79.25
insect	d_virilis	SYN_GO0000792	cellular_component	other	43	34	0.7907	67.6
insect	d_virilis	SYN_GO0000779	cellular_component	other	42	40	0.9524	64.35
insect	d_virilis	SYN_GO0005912	cellular_component	other	40	38	0.95	80.95
insect	d_yakuba	SYN_GO0141187	biological_process	conserved	245	238	0.9714	93.9
insect	d_yakuba	SYN_GO0032774	biological_process	conserved	222	216	0.973	94.05
insect	d_yakuba	SYN_GO0044281	biological_process	conserved	189	187	0.9894	96.9
insect	d_yakuba	SYN_GO1903047	biological_process	conserved	187	183	0.9786	94.3
insect	d_yakuba	SYN_GO0009057	biological_process	conserved	178	175	0.9831	96.1
insect	d_yakuba	SYN_GO0006259	biological_process	conserved	151	148	0.9801	91.95
insect	d_yakuba	SYN_GO0006396	biological_process	conserved	149	144	0.9664	93.3
insect	d_yakuba	SYN_GO1901135	biological_process	conserved	143	141	0.986	96.9
insect	d_yakuba	SYN_GO0007424	biological_process	specific	249	243	0.9759	96.4
insect	d_yakuba	SYN_GO0097485	biological_process	specific	208	204	0.9808	95.6
insect	d_yakuba	SYN_GO0001751	biological_process	specific	168	163	0.9702	95.9
insect	d_yakuba	SYN_GO0007611	biological_process	specific	153	145	0.9477	95.1
insect	d_yakuba	SYN_GO0010631	biological_process	specific	139	137	0.9856	96.7
insect	d_yakuba	SYN_GO0048871	biological_process	specific	129	125	0.969	95.2
insect	d_yakuba	SYN_GO0048732	biological_process	specific	117	112	0.9573	95.85
insect	d_yakuba	SYN_GO0050906	biological_process	specific	107	106	0.9907	93.8
insect	d_yakuba	SYN_GO0016192	biological_process	other	249	244	0.9799	96.9
insect	d_yakuba	SYN_GO0034330	biological_process	other	214	207	0.9673	95.9
insect	d_yakuba	SYN_GO0090066	biological_process	other	187	185	0.9893	96.2
insect	d_yakuba	SYN_GO0043067	biological_process	other	166	165	0.994	95.6
insect	d_yakuba	SYN_GO0045088	biological_process	other	139	135	0.9712	94.1
insect	d_yakuba	SYN_GO0032989	biological_process	other	128	124	0.9688	94.1
insect	d_yakuba	SYN_GO0009416	biological_process	other	117	113	0.9658	97.1
insect	d_yakuba	SYN_GO0045597	biological_process	other	106	104	0.9811	94.95
insect	d_yakuba	SYN_GO0030163	biological_process	conserved	97	96	0.9897	96.6
insect	d_yakuba	SYN_GO0019752	biological_process	conserved	87	87	1.0	97.7
insect	d_yakuba	SYN_GO0006351	biological_process	conserved	83	82	0.988	95.7
insect	d_yakuba	SYN_GO0034655	biological_process	conserved	79	79	1.0	95.9
insect	d_yakuba	SYN_GO0061640	biological_process	conserved	75	75	1.0	97.6
insect	d_yakuba	SYN_GO0140014	biological_process	conserved	70	68	0.9714	91.8
insect	d_yakuba	SYN_GO0045333	biological_process	conserved	67	67	1.0	98.2
insect	d_yakuba	SYN_GO0006281	biological_process	conserved	64	63	0.9844	92.0
insect	d_yakuba	SYN_GO0042461	biological_process	specific	97	93	0.9588	96.0
insect	d_yakuba	SYN_GO0035218	biological_process	specific	90	89	0.9889	94.6
insect	d_yakuba	SYN_GO0050907	biological_process	specific	83	82	0.988	93.55
insect	d_yakuba	SYN_GO0042051	biological_process	specific	79	75	0.9494	96.2
insect	d_yakuba	SYN_GO0048608	biological_process	specific	74	72	0.973	95.9
insect	d_yakuba	SYN_GO0007635	biological_process	specific	71	69	0.9718	95.4
insect	d_yakuba	SYN_GO0048512	biological_process	specific	67	64	0.9552	94.9
insect	d_yakuba	SYN_GO0007435	biological_process	specific	63	58	0.9206	94.8
insect	d_yakuba	SYN_GO1901701	biological_process	other	98	95	0.9694	95.1
insect	d_yakuba	SYN_GO0051656	biological_process	other	90	87	0.9667	96.2
insect	d_yakuba	SYN_GO0042060	biological_process	other	85	83	0.9765	95.2
insect	d_yakuba	SYN_GO0002920	biological_process	other	80	74	0.925	91.55
insect	d_yakuba	SYN_GO0016050	biological_process	other	77	77	1.0	97.2
insect	d_yakuba	SYN_GO0055080	biological_process	other	71	68	0.9577	97.15
insect	d_yakuba	SYN_GO0071705	biological_process	other	67	66	0.9851	96.45
insect	d_yakuba	SYN_GO0001558	biological_process	other	64	64	1.0	96.2
insect	d_yakuba	SYN_GO0007098	biological_process	conserved	59	59	1.0	94.0
insect	d_yakuba	SYN_GO0018958	biological_process	conserved	57	56	0.9825	95.95
insect	d_yakuba	SYN_GO0044282	biological_process	conserved	53	53	1.0	98.0
insect	d_yakuba	SYN_GO0006790	biological_process	conserved	51	48	0.9412	95.45
insect	d_yakuba	SYN_GO0022900	biological_process	conserved	47	47	1.0	97.2
insect	d_yakuba	SYN_GO0042775	biological_process	conserved	44	44	1.0	97.2
insect	d_yakuba	SYN_GO0006119	biological_process	conserved	44	44	1.0	97.2
insect	d_yakuba	SYN_GO0006261	biological_process	conserved	43	42	0.9767	93.95
insect	d_yakuba	SYN_GO0001763	biological_process	specific	59	57	0.9661	97.1
insect	d_yakuba	SYN_GO0050911	biological_process	specific	57	56	0.9825	93.35
insect	d_yakuba	SYN_GO0006959	biological_process	specific	53	44	0.8302	92.25
insect	d_yakuba	SYN_GO0008587	biological_process	specific	49	47	0.9592	95.9
insect	d_yakuba	SYN_GO0045137	biological_process	specific	47	47	1.0	95.9
insect	d_yakuba	SYN_GO0035148	biological_process	specific	45	44	0.9778	97.0
insect	d_yakuba	SYN_GO0014016	biological_process	specific	43	43	1.0	94.3
insect	d_yakuba	SYN_GO0008586	biological_process	specific	41	41	1.0	95.3
insect	d_yakuba	SYN_GO0099111	biological_process	other	59	57	0.9661	96.5
insect	d_yakuba	SYN_GO0045787	biological_process	other	55	54	0.9818	95.7
insect	d_yakuba	SYN_GO0010948	biological_process	other	52	51	0.9808	94.0
insect	d_yakuba	SYN_GO0099003	biological_process	other	49	48	0.9796	97.7
insect	d_yakuba	SYN_GO1901988	biological_process	other	47	46	0.9787	94.05
insect	d_yakuba	SYN_GO0006915	biological_process	other	45	44	0.9778	92.75
insect	d_yakuba	SYN_GO0001539	biological_process	other	44	42	0.9545	93.75
insect	d_yakuba	SYN_GO0072657	biological_process	other	41	40	0.9756	98.55
insect	d_yakuba	SYN_GO0022857	molecular_function	other	242	237	0.9793	95.8
insect	d_yakuba	SYN_GO0038023	molecular_function	other	210	206	0.981	94.9
insect	d_yakuba	SYN_GO0003700	molecular_function	other	169	163	0.9645	93.7
insect	d_yakuba	SYN_GO0016301	molecular_function	other	156	146	0.9359	95.65
insect	d_yakuba	SYN_GO0016773	molecular_function	other	146	136	0.9315	96.0
insect	d_yakuba	SYN_GO0008092	molecular_function	other	142	134	0.9437	94.75
insect	d_yakuba	SYN_GO0000976	molecular_function	other	140	138	0.9857	93.4
insect	d_yakuba	SYN_GO0016491	molecular_function	other	135	130	0.963	96.2
insect	d_yakuba	SYN_GO0008324	molecular_function	other	122	119	0.9754	95.8
insect	d_yakuba	SYN_GO0022836	molecular_function	other	109	108	0.9908	95.1
insect	d_yakuba	SYN_GO0044877	molecular_function	other	95	93	0.9789	94.7
insect	d_yakuba	SYN_GO0004674	molecular_function	other	90	83	0.9222	96.4
insect	d_yakuba	SYN_GO0046982	molecular_function	other	77	77	1.0	94.9
insect	d_yakuba	SYN_GO0030545	molecular_function	other	71	69	0.9718	93.6
insect	d_yakuba	SYN_GO0030546	molecular_function	other	66	64	0.9697	93.8
insect	d_yakuba	SYN_GO0051020	molecular_function	other	64	64	1.0	95.95
insect	d_yakuba	SYN_GO0016757	molecular_function	other	58	57	0.9828	95.9
insect	d_yakuba	SYN_GO0030695	molecular_function	other	55	54	0.9818	96.1
insect	d_yakuba	SYN_GO0043169	molecular_function	other	53	52	0.9811	97.55
insect	d_yakuba	SYN_GO0046872	molecular_function	other	51	50	0.9804	97.55
insect	d_yakuba	SYN_GO0016462	molecular_function	other	50	49	0.98	96.5
insect	d_yakuba	SYN_GO0016758	molecular_function	other	47	47	1.0	95.9
insect	d_yakuba	SYN_GO0017022	molecular_function	other	43	40	0.9302	96.95
insect	d_yakuba	SYN_GO0004518	molecular_function	other	43	41	0.9535	93.9
insect	d_yakuba	SYN_GO0097708	cellular_component	other	249	247	0.992	97.2
insect	d_yakuba	SYN_GO0098796	cellular_component	other	233	230	0.9871	97.15
insect	d_yakuba	SYN_GO0015630	cellular_component	other	183	177	0.9672	92.7
insect	d_yakuba	SYN_GO0036477	cellular_component	other	157	154	0.9809	96.1
insect	d_yakuba	SYN_GO0098793	cellular_component	other	143	141	0.986	96.6
insect	d_yakuba	SYN_GO0099512	cellular_component	other	128	123	0.9609	95.0
insect	d_yakuba	SYN_GO0071013	cellular_component	other	112	109	0.9732	96.4
insect	d_yakuba	SYN_GO0005635	cellular_component	other	102	101	0.9902	92.9
insect	d_yakuba	SYN_GO0061695	cellular_component	other	95	85	0.8947	95.9
insect	d_yakuba	SYN_GO0031966	cellular_component	other	82	82	1.0	95.55
insect	d_yakuba	SYN_GO0098827	cellular_component	other	79	75	0.9494	96.0
insect	d_yakuba	SYN_GO0015629	cellular_component	other	77	74	0.961	96.2
insect	d_yakuba	SYN_GO0044306	cellular_component	other	72	70	0.9722	96.9
insect	d_yakuba	SYN_GO0099513	cellular_component	other	68	67	0.9853	93.7
insect	d_yakuba	SYN_GO0000793	cellular_component	other	64	63	0.9844	90.4
insect	d_yakuba	SYN_GO0030312	cellular_component	other	60	52	0.8667	94.25
insect	d_yakuba	SYN_GO0045179	cellular_component	other	55	54	0.9818	95.3
insect	d_yakuba	SYN_GO0005764	cellular_component	other	54	54	1.0	96.9
insect	d_yakuba	SYN_GO0009925	cellular_component	other	49	48	0.9796	95.05
insect	d_yakuba	SYN_GO0031012	cellular_component	other	47	41	0.8723	94.7
insect	d_yakuba	SYN_GO0070603	cellular_component	other	44	44	1.0	94.75
insect	d_yakuba	SYN_GO0000792	cellular_component	other	43	43	1.0	87.9
insect	d_yakuba	SYN_GO0000779	cellular_component	other	42	41	0.9762	90.4
insect	d_yakuba	SYN_GO0005912	cellular_component	other	40	39	0.975	96.1
insect	daphnia	SYN_GO0141187	biological_process	conserved	245	158	0.6449	48.0
insect	daphnia	SYN_GO0032774	biological_process	conserved	222	145	0.6532	48.1
insect	daphnia	SYN_GO0044281	biological_process	conserved	189	149	0.7884	58.6
insect	daphnia	SYN_GO1903047	biological_process	conserved	187	109	0.5829	50.1
insect	daphnia	SYN_GO0009057	biological_process	conserved	178	126	0.7079	54.4
insect	daphnia	SYN_GO0006259	biological_process	conserved	151	84	0.5563	43.2
insect	daphnia	SYN_GO0006396	biological_process	conserved	149	98	0.6577	47.25
insect	daphnia	SYN_GO1901135	biological_process	conserved	143	118	0.8252	53.55
insect	daphnia	SYN_GO0007424	biological_process	specific	249	144	0.5783	51.05
insect	daphnia	SYN_GO0097485	biological_process	specific	208	101	0.4856	52.9
insect	daphnia	SYN_GO0001751	biological_process	specific	168	80	0.4762	49.55
insect	daphnia	SYN_GO0007611	biological_process	specific	153	86	0.5621	55.55
insect	daphnia	SYN_GO0010631	biological_process	specific	139	86	0.6187	51.35
insect	daphnia	SYN_GO0048871	biological_process	specific	129	73	0.5659	52.4
insect	daphnia	SYN_GO0048732	biological_process	specific	117	57	0.4872	42.8
insect	daphnia	SYN_GO0050906	biological_process	specific	107	28	0.2617	53.65
insect	daphnia	SYN_GO0016192	biological_process	other	249	181	0.7269	52.1
insect	daphnia	SYN_GO0034330	biological_process	other	214	137	0.6402	53.4
insect	daphnia	SYN_GO0090066	biological_process	other	187	118	0.631	50.65
insect	daphnia	SYN_GO0043067	biological_process	other	166	87	0.5241	50.4
insect	daphnia	SYN_GO0045088	biological_process	other	139	69	0.4964	56.1
insect	daphnia	SYN_GO0032989	biological_process	other	128	64	0.5	49.1
insect	daphnia	SYN_GO0009416	biological_process	other	117	66	0.5641	57.7
insect	daphnia	SYN_GO0045597	biological_process	other	106	55	0.5189	57.4
insect	daphnia	SYN_GO0030163	biological_process	conserved	97	73	0.7526	58.3
insect	daphnia	SYN_GO0019752	biological_process	conserved	87	71	0.8161	65.0
insect	daphnia	SYN_GO0006351	biological_process	conserved	83	53	0.6386	50.2
insect	daphnia	SYN_GO0034655	biological_process	conserved	79	54	0.6835	56.4
insect	daphnia	SYN_GO0061640	biological_process	conserved	75	53	0.7067	53.6
insect	daphnia	SYN_GO0140014	biological_process	conserved	70	37	0.5286	45.5
insect	daphnia	SYN_GO0045333	biological_process	conserved	67	48	0.7164	65.35
insect	daphnia	SYN_GO0006281	biological_process	conserved	64	39	0.6094	41.2
insect	daphnia	SYN_GO0042461	biological_process	specific	97	50	0.5155	49.35
insect	daphnia	SYN_GO0035218	biological_process	specific	90	36	0.4	53.9
insect	daphnia	SYN_GO0050907	biological_process	specific	83	14	0.1687	43.7
insect	daphnia	SYN_GO0042051	biological_process	specific	79	41	0.519	47.6
insect	daphnia	SYN_GO0048608	biological_process	specific	74	34	0.4595	45.65
insect	daphnia	SYN_GO0007635	biological_process	specific	71	35	0.493	58.1
insect	daphnia	SYN_GO0048512	biological_process	specific	67	33	0.4925	51.3
insect	daphnia	SYN_GO0007435	biological_process	specific	63	26	0.4127	46.85
insect	daphnia	SYN_GO1901701	biological_process	other	98	53	0.5408	56.5
insect	daphnia	SYN_GO0051656	biological_process	other	90	63	0.7	55.6
insect	daphnia	SYN_GO0042060	biological_process	other	85	48	0.5647	54.95
insect	daphnia	SYN_GO0002920	biological_process	other	80	25	0.3125	42.0
insect	daphnia	SYN_GO0016050	biological_process	other	77	56	0.7273	58.0
insect	daphnia	SYN_GO0055080	biological_process	other	71	48	0.6761	56.5
insect	daphnia	SYN_GO0071705	biological_process	other	67	48	0.7164	51.6
insect	daphnia	SYN_GO0001558	biological_process	other	64	40	0.625	49.35
insect	daphnia	SYN_GO0007098	biological_process	conserved	59	27	0.4576	57.1
insect	daphnia	SYN_GO0018958	biological_process	conserved	57	32	0.5614	54.1
insect	daphnia	SYN_GO0044282	biological_process	conserved	53	47	0.8868	61.8
insect	daphnia	SYN_GO0006790	biological_process	conserved	51	24	0.4706	53.85
insect	daphnia	SYN_GO0022900	biological_process	conserved	47	31	0.6596	59.2
insect	daphnia	SYN_GO0042775	biological_process	conserved	44	28	0.6364	53.95
insect	daphnia	SYN_GO0006119	biological_process	conserved	44	28	0.6364	53.95
insect	daphnia	SYN_GO0006261	biological_process	conserved	43	29	0.6744	40.7
insect	daphnia	SYN_GO0001763	biological_process	specific	59	31	0.5254	57.5
insect	daphnia	SYN_GO0050911	biological_process	specific	57	9	0.1579	52.8
insect	daphnia	SYN_GO0006959	biological_process	specific	53	9	0.1698	37.9
insect	daphnia	SYN_GO0008587	biological_process	specific	49	29	0.5918	56.4
insect	daphnia	SYN_GO0045137	biological_process	specific	47	21	0.4468	43.6
insect	daphnia	SYN_GO0035148	biological_process	specific	45	30	0.6667	51.0
insect	daphnia	SYN_GO0014016	biological_process	specific	43	9	0.2093	46.8
insect	daphnia	SYN_GO0008586	biological_process	specific	41	20	0.4878	58.5
insect	daphnia	SYN_GO0099111	biological_process	other	59	40	0.678	46.1
insect	daphnia	SYN_GO0045787	biological_process	other	55	29	0.5273	56.4
insect	daphnia	SYN_GO0010948	biological_process	other	52	26	0.5	47.65
insect	daphnia	SYN_GO0099003	biological_process	other	49	37	0.7551	53.5
insect	daphnia	SYN_GO1901988	biological_process	other	47	25	0.5319	47.3
insect	daphnia	SYN_GO0006915	biological_process	other	45	14	0.3111	53.7
insect	daphnia	SYN_GO0001539	biological_process	other	44	11	0.25	44.5
insect	daphnia	SYN_GO0072657	biological_process	other	41	31	0.7561	67.9
insect	daphnia	SYN_GO0022857	molecular_function	other	242	111	0.4587	57.7
insect	daphnia	SYN_GO0038023	molecular_function	other	210	79	0.3762	51.7
insect	daphnia	SYN_GO0003700	molecular_function	other	169	35	0.2071	51.4
insect	daphnia	SYN_GO0016301	molecular_function	other	156	96	0.6154	55.15
insect	daphnia	SYN_GO0016773	molecular_function	other	146	88	0.6027	55.6
insect	daphnia	SYN_GO0008092	molecular_function	other	142	67	0.4718	54.6
insect	daphnia	SYN_GO0000976	molecular_function	other	140	34	0.2429	52.15
insect	daphnia	SYN_GO0016491	molecular_function	other	135	92	0.6815	55.85
insect	daphnia	SYN_GO0008324	molecular_function	other	122	69	0.5656	58.2
insect	daphnia	SYN_GO0022836	molecular_function	other	109	34	0.3119	61.2
insect	daphnia	SYN_GO0044877	molecular_function	other	95	53	0.5579	55.5
insect	daphnia	SYN_GO0004674	molecular_function	other	90	55	0.6111	61.5
insect	daphnia	SYN_GO0046982	molecular_function	other	77	40	0.5195	58.65
insect	daphnia	SYN_GO0030545	molecular_function	other	71	14	0.1972	46.75
insect	daphnia	SYN_GO0030546	molecular_function	other	66	13	0.197	47.3
insect	daphnia	SYN_GO0051020	molecular_function	other	64	37	0.5781	46.8
insect	daphnia	SYN_GO0016757	molecular_function	other	58	43	0.7414	53.0
insect	daphnia	SYN_GO0030695	molecular_function	other	55	37	0.6727	43.1
insect	daphnia	SYN_GO0043169	molecular_function	other	53	38	0.717	55.9
insect	daphnia	SYN_GO0046872	molecular_function	other	51	37	0.7255	55.3
insect	daphnia	SYN_GO0016462	molecular_function	other	50	38	0.76	62.65
insect	daphnia	SYN_GO0016758	molecular_function	other	47	37	0.7872	53.3
insect	daphnia	SYN_GO0017022	molecular_function	other	43	23	0.5349	57.2
insect	daphnia	SYN_GO0004518	molecular_function	other	43	30	0.6977	41.1
insect	daphnia	SYN_GO0097708	cellular_component	other	249	170	0.6827	51.65
insect	daphnia	SYN_GO0098796	cellular_component	other	233	162	0.6953	58.1
insect	daphnia	SYN_GO0015630	cellular_component	other	183	74	0.4044	50.65
insect	daphnia	SYN_GO0036477	cellular_component	other	157	90	0.5732	60.75
insect	daphnia	SYN_GO0098793	cellular_component	other	143	100	0.6993	55.55
insect	daphnia	SYN_GO0099512	cellular_component	other	128	71	0.5547	54.7
insect	daphnia	SYN_GO0071013	cellular_component	other	112	82	0.7321	66.65
insect	daphnia	SYN_GO0005635	cellular_component	other	102	65	0.6373	44.5
insect	daphnia	SYN_GO0061695	cellular_component	other	95	61	0.6421	56.8
insect	daphnia	SYN_GO0031966	cellular_component	other	82	47	0.5732	53.8
insect	daphnia	SYN_GO0098827	cellular_component	other	79	53	0.6709	52.2
insect	daphnia	SYN_GO0015629	cellular_component	other	77	46	0.5974	55.6
insect	daphnia	SYN_GO0044306	cellular_component	other	72	53	0.7361	56.4
insect	daphnia	SYN_GO0099513	cellular_component	other	68	35	0.5147	49.7
insect	daphnia	SYN_GO0000793	cellular_component	other	64	25	0.3906	46.5
insect	daphnia	SYN_GO0030312	cellular_component	other	60	18	0.3	52.45
insect	daphnia	SYN_GO0045179	cellular_component	other	55	27	0.4909	53.9
insect	daphnia	SYN_GO0005764	cellular_component	other	54	39	0.7222	42.1
insect	daphnia	SYN_GO0009925	cellular_component	other	49	27	0.551	49.7
insect	daphnia	SYN_GO0031012	cellular_component	other	47	17	0.3617	51.2
insect	daphnia	SYN_GO0070603	cellular_component	other	44	29	0.6591	50.8
insect	daphnia	SYN_GO0000792	cellular_component	other	43	12	0.2791	46.8
insect	daphnia	SYN_GO0000779	cellular_component	other	42	14	0.3333	48.35
insect	daphnia	SYN_GO0005912	cellular_component	other	40	21	0.525	58.9
insect	mouse	SYN_GO0141187	biological_process	conserved	245	143	0.5837	48.6
insect	mouse	SYN_GO0032774	biological_process	conserved	222	134	0.6036	49.15
insect	mouse	SYN_GO0044281	biological_process	conserved	189	139	0.7354	57.4
insect	mouse	SYN_GO1903047	biological_process	conserved	187	114	0.6096	46.4
insect	mouse	SYN_GO0009057	biological_process	conserved	178	130	0.7303	51.45
insect	mouse	SYN_GO0006259	biological_process	conserved	151	85	0.5629	42.0
insect	mouse	SYN_GO0006396	biological_process	conserved	149	90	0.604	45.65
insect	mouse	SYN_GO1901135	biological_process	conserved	143	104	0.7273	50.95
insect	mouse	SYN_GO0007424	biological_process	specific	249	123	0.494	46.1
insect	mouse	SYN_GO0097485	biological_process	specific	208	103	0.4952	46.7
insect	mouse	SYN_GO0001751	biological_process	specific	168	84	0.5	43.9
insect	mouse	SYN_GO0007611	biological_process	specific	153	79	0.5163	45.8
insect	mouse	SYN_GO0010631	biological_process	specific	139	84	0.6043	45.7
insect	mouse	SYN_GO0048871	biological_process	specific	129	62	0.4806	44.95
insect	mouse	SYN_GO0048732	biological_process	specific	117	57	0.4872	41.3
insect	mouse	SYN_GO0050906	biological_process	specific	107	21	0.1963	45.4
insect	mouse	SYN_GO0016192	biological_process	other	249	183	0.7349	48.3
insect	mouse	SYN_GO0034330	biological_process	other	214	109	0.5093	45.8
insect	mouse	SYN_GO0090066	biological_process	other	187	100	0.5348	43.65
insect	mouse	SYN_GO0043067	biological_process	other	166	91	0.5482	46.0
insect	mouse	SYN_GO0045088	biological_process	other	139	72	0.518	47.2
insect	mouse	SYN_GO0032989	biological_process	other	128	57	0.4453	45.5
insect	mouse	SYN_GO0009416	biological_process	other	117	56	0.4786	48.2
insect	mouse	SYN_GO0045597	biological_process	other	106	61	0.5755	49.3
insect	mouse	SYN_GO0030163	biological_process	conserved	97	78	0.8041	53.5
insect	mouse	SYN_GO0019752	biological_process	conserved	87	72	0.8276	59.85
insect	mouse	SYN_GO0006351	biological_process	conserved	83	52	0.6265	49.85
insect	mouse	SYN_GO0034655	biological_process	conserved	79	57	0.7215	45.7
insect	mouse	SYN_GO0061640	biological_process	conserved	75	54	0.72	45.85
insect	mouse	SYN_GO0140014	biological_process	conserved	70	39	0.5571	42.4
insect	mouse	SYN_GO0045333	biological_process	conserved	67	58	0.8657	59.15
insect	mouse	SYN_GO0006281	biological_process	conserved	64	40	0.625	41.55
insect	mouse	SYN_GO0042461	biological_process	specific	97	50	0.5155	41.75
insect	mouse	SYN_GO0035218	biological_process	specific	90	39	0.4333	48.2
insect	mouse	SYN_GO0050907	biological_process	specific	83	8	0.0964	46.5
insect	mouse	SYN_GO0042051	biological_process	specific	79	40	0.5063	38.4
insect	mouse	SYN_GO0048608	biological_process	specific	74	37	0.5	40.4
insect	mouse	SYN_GO0007635	biological_process	specific	71	29	0.4085	48.0
insect	mouse	SYN_GO0048512	biological_process	specific	67	32	0.4776	46.5
insect	mouse	SYN_GO0007435	biological_process	specific	63	24	0.381	43.1
insect	mouse	SYN_GO1901701	biological_process	other	98	56	0.5714	46.95
insect	mouse	SYN_GO0051656	biological_process	other	90	66	0.7333	50.1
insect	mouse	SYN_GO0042060	biological_process	other	85	42	0.4941	55.3
insect	mouse	SYN_GO0002920	biological_process	other	80	27	0.3375	43.2
insect	mouse	SYN_GO0016050	biological_process	other	77	57	0.7403	53.1
insect	mouse	SYN_GO0055080	biological_process	other	71	49	0.6901	50.1
insect	mouse	SYN_GO0071705	biological_process	other	67	43	0.6418	48.0
insect	mouse	SYN_GO0001558	biological_process	other	64	40	0.625	45.05
insect	mouse	SYN_GO0007098	biological_process	conserved	59	30	0.5085	55.5
insect	mouse	SYN_GO0018958	biological_process	conserved	57	28	0.4912	49.45
insect	mouse	SYN_GO0044282	biological_process	conserved	53	47	0.8868	57.4
insect	mouse	SYN_GO0006790	biological_process	conserved	51	22	0.4314	53.9
insect	mouse	SYN_GO0022900	biological_process	conserved	47	39	0.8298	49.5
insect	mouse	SYN_GO0042775	biological_process	conserved	44	36	0.8182	48.4
insect	mouse	SYN_GO0006119	biological_process	conserved	44	36	0.8182	48.4
insect	mouse	SYN_GO0006261	biological_process	conserved	43	28	0.6512	40.35
insect	mouse	SYN_GO0001763	biological_process	specific	59	35	0.5932	56.9
insect	mouse	SYN_GO0050911	biological_process	specific	57	5	0.0877	46.7
insect	mouse	SYN_GO0006959	biological_process	specific	53	8	0.1509	38.7
insect	mouse	SYN_GO0008587	biological_process	specific	49	31	0.6327	53.9
insect	mouse	SYN_GO0045137	biological_process	specific	47	24	0.5106	39.45
insect	mouse	SYN_GO0035148	biological_process	specific	45	28	0.6222	47.4
insect	mouse	SYN_GO0014016	biological_process	specific	43	9	0.2093	40.4
insect	mouse	SYN_GO0008586	biological_process	specific	41	22	0.5366	53.2
insect	mouse	SYN_GO0099111	biological_process	other	59	39	0.661	43.5
insect	mouse	SYN_GO0045787	biological_process	other	55	29	0.5273	53.8
insect	mouse	SYN_GO0010948	biological_process	other	52	30	0.5769	44.5
insect	mouse	SYN_GO0099003	biological_process	other	49	33	0.6735	49.4
insect	mouse	SYN_GO1901988	biological_process	other	47	28	0.5957	45.5
insect	mouse	SYN_GO0006915	biological_process	other	45	15	0.3333	46.3
insect	mouse	SYN_GO0001539	biological_process	other	44	20	0.4545	41.7
insect	mouse	SYN_GO0072657	biological_process	other	41	32	0.7805	61.45
insect	mouse	SYN_GO0022857	molecular_function	other	242	98	0.405	48.8
insect	mouse	SYN_GO0038023	molecular_function	other	210	60	0.2857	39.85
insect	mouse	SYN_GO0003700	molecular_function	other	169	31	0.1834	48.2
insect	mouse	SYN_GO0016301	molecular_function	other	156	111	0.7115	49.1
insect	mouse	SYN_GO0016773	molecular_function	other	146	101	0.6918	49.6
insect	mouse	SYN_GO0008092	molecular_function	other	142	64	0.4507	49.85
insect	mouse	SYN_GO0000976	molecular_function	other	140	35	0.25	50.6
insect	mouse	SYN_GO0016491	molecular_function	other	135	83	0.6148	54.9
insect	mouse	SYN_GO0008324	molecular_function	other	122	62	0.5082	48.8
insect	mouse	SYN_GO0022836	molecular_function	other	109	30	0.2752	46.25
insect	mouse	SYN_GO0044877	molecular_function	other	95	62	0.6526	46.45
insect	mouse	SYN_GO0004674	molecular_function	other	90	63	0.7	54.9
insect	mouse	SYN_GO0046982	molecular_function	other	77	31	0.4026	50.4
insect	mouse	SYN_GO0030545	molecular_function	other	71	7	0.0986	40.4
insect	mouse	SYN_GO0030546	molecular_function	other	66	7	0.1061	40.4
insect	mouse	SYN_GO0051020	molecular_function	other	64	41	0.6406	39.5
insect	mouse	SYN_GO0016757	molecular_function	other	58	40	0.6897	48.4
insect	mouse	SYN_GO0030695	molecular_function	other	55	40	0.7273	41.4
insect	mouse	SYN_GO0043169	molecular_function	other	53	32	0.6038	50.85
insect	mouse	SYN_GO0046872	molecular_function	other	51	31	0.6078	50.5
insect	mouse	SYN_GO0016462	molecular_function	other	50	38	0.76	62.65
insect	mouse	SYN_GO0016758	molecular_function	other	47	29	0.617	48.8
insect	mouse	SYN_GO0017022	molecular_function	other	43	23	0.5349	53.0
insect	mouse	SYN_GO0004518	molecular_function	other	43	31	0.7209	39.6
insect	mouse	SYN_GO0097708	cellular_component	other	249	162	0.6506	49.6
insect	mouse	SYN_GO0098796	cellular_component	other	233	161	0.691	48.9
insect	mouse	SYN_GO0015630	cellular_component	other	183	81	0.4426	46.1
insect	mouse	SYN_GO0036477	cellular_component	other	157	86	0.5478	47.45
insect	mouse	SYN_GO0098793	cellular_component	other	143	91	0.6364	48.1
insect	mouse	SYN_GO0099512	cellular_component	other	128	63	0.4922	46.5
insect	mouse	SYN_GO0071013	cellular_component	other	112	83	0.7411	64.2
insect	mouse	SYN_GO0005635	cellular_component	other	102	69	0.6765	41.0
insect	mouse	SYN_GO0061695	cellular_component	other	95	58	0.6105	54.9
insect	mouse	SYN_GO0031966	cellular_component	other	82	56	0.6829	46.4
insect	mouse	SYN_GO0098827	cellular_component	other	79	54	0.6835	44.35
insect	mouse	SYN_GO0015629	cellular_component	other	77	34	0.4416	42.95
insect	mouse	SYN_GO0044306	cellular_component	other	72	43	0.5972	49.7
insect	mouse	SYN_GO0099513	cellular_component	other	68	36	0.5294	43.65
insect	mouse	SYN_GO0000793	cellular_component	other	64	26	0.4062	42.55
insect	mouse	SYN_GO0030312	cellular_component	other	60	10	0.1667	41.55
insect	mouse	SYN_GO0045179	cellular_component	other	55	22	0.4	48.5
insect	mouse	SYN_GO0005764	cellular_component	other	54	39	0.7222	41.2
insect	mouse	SYN_GO0009925	cellular_component	other	49	25	0.5102	42.5
insect	mouse	SYN_GO0031012	cellular_component	other	47	9	0.1915	38.7
insect	mouse	SYN_GO0070603	cellular_component	other	44	28	0.6364	47.4
insect	mouse	SYN_GO0000792	cellular_component	other	43	12	0.2791	43.4
insect	mouse	SYN_GO0000779	cellular_component	other	42	16	0.381	44.35
insect	mouse	SYN_GO0005912	cellular_component	other	40	18	0.45	53.25
insect	nasonia	SYN_GO0141187	biological_process	conserved	245	179	0.7306	50.8
insect	nasonia	SYN_GO0032774	biological_process	conserved	222	164	0.7387	51.65
insect	nasonia	SYN_GO0044281	biological_process	conserved	189	151	0.7989	61.7
insect	nasonia	SYN_GO1903047	biological_process	conserved	187	123	0.6578	51.7
insect	nasonia	SYN_GO0009057	biological_process	conserved	178	140	0.7865	57.8
insect	nasonia	SYN_GO0006259	biological_process	conserved	151	91	0.6026	46.7
insect	nasonia	SYN_GO0006396	biological_process	conserved	149	109	0.7315	45.8
insect	nasonia	SYN_GO1901135	biological_process	conserved	143	114	0.7972	57.8
insect	nasonia	SYN_GO0007424	biological_process	specific	249	188	0.755	53.2
insect	nasonia	SYN_GO0097485	biological_process	specific	208	135	0.649	52.3
insect	nasonia	SYN_GO0001751	biological_process	specific	168	106	0.631	52.7
insect	nasonia	SYN_GO0007611	biological_process	specific	153	98	0.6405	56.05
insect	nasonia	SYN_GO0010631	biological_process	specific	139	103	0.741	52.3
insect	nasonia	SYN_GO0048871	biological_process	specific	129	76	0.5891	52.8
insect	nasonia	SYN_GO0048732	biological_process	specific	117	72	0.6154	49.7
insect	nasonia	SYN_GO0050906	biological_process	specific	107	46	0.4299	47.3
insect	nasonia	SYN_GO0016192	biological_process	other	249	204	0.8193	56.4
insect	nasonia	SYN_GO0034330	biological_process	other	214	151	0.7056	58.4
insect	nasonia	SYN_GO0090066	biological_process	other	187	139	0.7433	55.0
insect	nasonia	SYN_GO0043067	biological_process	other	166	105	0.6325	52.5
insect	nasonia	SYN_GO0045088	biological_process	other	139	83	0.5971	51.2
insect	nasonia	SYN_GO0032989	biological_process	other	128	77	0.6016	51.0
insect	nasonia	SYN_GO0009416	biological_process	other	117	69	0.5897	60.4
insect	nasonia	SYN_GO0045597	biological_process	other	106	62	0.5849	55.9
insect	nasonia	SYN_GO0030163	biological_process	conserved	97	79	0.8144	62.3
insect	nasonia	SYN_GO0019752	biological_process	conserved	87	74	0.8506	66.6
insect	nasonia	SYN_GO0006351	biological_process	conserved	83	64	0.7711	54.9
insect	nasonia	SYN_GO0034655	biological_process	conserved	79	65	0.8228	48.7
insect	nasonia	SYN_GO0061640	biological_process	conserved	75	64	0.8533	53.2
insect	nasonia	SYN_GO0140014	biological_process	conserved	70	43	0.6143	50.0
insect	nasonia	SYN_GO0045333	biological_process	conserved	67	52	0.7761	66.3
insect	nasonia	SYN_GO0006281	biological_process	conserved	64	43	0.6719	44.7
insect	nasonia	SYN_GO0042461	biological_process	specific	97	61	0.6289	52.1
insect	nasonia	SYN_GO0035218	biological_process	specific	90	47	0.5222	52.2
insect	nasonia	SYN_GO0050907	biological_process	specific	83	29	0.3494	38.6
insect	nasonia	SYN_GO0042051	biological_process	specific	79	49	0.6203	52.1
insect	nasonia	SYN_GO0048608	biological_process	specific	74	41	0.5541	48.2
insect	nasonia	SYN_GO0007635	biological_process	specific	71	40	0.5634	62.0
insect	nasonia	SYN_GO0048512	biological_process	specific	67	39	0.5821	48.8
insect	nasonia	SYN_GO0007435	biological_process	specific	63	33	0.5238	50.4
insect	nasonia	SYN_GO1901701	biological_process	other	98	67	0.6837	53.6
insect	nasonia	SYN_GO0051656	biological_process	other	90	67	0.7444	55.6
insect	nasonia	SYN_GO0042060	biological_process	other	85	54	0.6353	59.15
insect	nasonia	SYN_GO0002920	biological_process	other	80	37	0.4625	46.9
insect	nasonia	SYN_GO0016050	biological_process	other	77	63	0.8182	55.8
insect	nasonia	SYN_GO0055080	biological_process	other	71	53	0.7465	59.5
insect	nasonia	SYN_GO0071705	biological_process	other	67	49	0.7313	55.5
insect	nasonia	SYN_GO0001558	biological_process	other	64	45	0.7031	54.7
insect	nasonia	SYN_GO0007098	biological_process	conserved	59	34	0.5763	56.75
insect	nasonia	SYN_GO0018958	biological_process	conserved	57	36	0.6316	59.8
insect	nasonia	SYN_GO0044282	biological_process	conserved	53	47	0.8868	66.0
insect	nasonia	SYN_GO0006790	biological_process	conserved	51	26	0.5098	55.35
insect	nasonia	SYN_GO0022900	biological_process	conserved	47	33	0.7021	54.5
insect	nasonia	SYN_GO0042775	biological_process	conserved	44	30	0.6818	53.35
insect	nasonia	SYN_GO0006119	biological_process	conserved	44	30	0.6818	53.35
insect	nasonia	SYN_GO0006261	biological_process	conserved	43	29	0.6744	42.8
insect	nasonia	SYN_GO0001763	biological_process	specific	59	41	0.6949	58.2
insect	nasonia	SYN_GO0050911	biological_process	specific	57	20	0.3509	42.45
insect	nasonia	SYN_GO0006959	biological_process	specific	53	11	0.2075	49.9
insect	nasonia	SYN_GO0008587	biological_process	specific	49	33	0.6735	56.6
insect	nasonia	SYN_GO0045137	biological_process	specific	47	26	0.5532	48.35
insect	nasonia	SYN_GO0035148	biological_process	specific	45	36	0.8	54.15
insect	nasonia	SYN_GO0014016	biological_process	specific	43	12	0.2791	49.3
insect	nasonia	SYN_GO0008586	biological_process	specific	41	22	0.5366	60.7
insect	nasonia	SYN_GO0099111	biological_process	other	59	48	0.8136	46.95
insect	nasonia	SYN_GO0045787	biological_process	other	55	32	0.5818	56.3
insect	nasonia	SYN_GO0010948	biological_process	other	52	33	0.6346	49.8
insect	nasonia	SYN_GO0099003	biological_process	other	49	40	0.8163	58.1
insect	nasonia	SYN_GO1901988	biological_process	other	47	31	0.6596	49.8
insect	nasonia	SYN_GO0006915	biological_process	other	45	21	0.4667	50.2
insect	nasonia	SYN_GO0001539	biological_process	other	44	20	0.4545	44.5
insect	nasonia	SYN_GO0072657	biological_process	other	41	34	0.8293	65.6
insect	nasonia	SYN_GO0022857	molecular_function	other	242	143	0.5909	58.4
insect	nasonia	SYN_GO0038023	molecular_function	other	210	108	0.5143	51.05
insect	nasonia	SYN_GO0003700	molecular_function	other	169	48	0.284	44.85
insect	nasonia	SYN_GO0016301	molecular_function	other	156	120	0.7692	54.4
insect	nasonia	SYN_GO0016773	molecular_function	other	146	111	0.7603	55.6
insect	nasonia	SYN_GO0008092	molecular_function	other	142	84	0.5915	54.35
insect	nasonia	SYN_GO0000976	molecular_function	other	140	48	0.3429	50.35
insect	nasonia	SYN_GO0016491	molecular_function	other	135	94	0.6963	58.65
insect	nasonia	SYN_GO0008324	molecular_function	other	122	81	0.6639	61.7
insect	nasonia	SYN_GO0022836	molecular_function	other	109	52	0.4771	61.45
insect	nasonia	SYN_GO0044877	molecular_function	other	95	65	0.6842	53.3
insect	nasonia	SYN_GO0004674	molecular_function	other	90	69	0.7667	60.7
insect	nasonia	SYN_GO0046982	molecular_function	other	77	41	0.5325	62.6
insect	nasonia	SYN_GO0030545	molecular_function	other	71	19	0.2676	47.0
insect	nasonia	SYN_GO0030546	molecular_function	other	66	16	0.2424	49.5
insect	nasonia	SYN_GO0051020	molecular_function	other	64	46	0.7188	48.9
insect	nasonia	SYN_GO0016757	molecular_function	other	58	45	0.7759	57.3
insect	nasonia	SYN_GO0030695	molecular_function	other	55	45	0.8182	43.7
insect	nasonia	SYN_GO0043169	molecular_function	other	53	38	0.717	59.6
insect	nasonia	SYN_GO0046872	molecular_function	other	51	38	0.7451	59.6
insect	nasonia	SYN_GO0016462	molecular_function	other	50	40	0.8	67.85
insect	nasonia	SYN_GO0016758	molecular_function	other	47	35	0.7447	58.8
insect	nasonia	SYN_GO0017022	molecular_function	other	43	28	0.6512	57.7
insect	nasonia	SYN_GO0004518	molecular_function	other	43	33	0.7674	44.6
insect	nasonia	SYN_GO0097708	cellular_component	other	249	196	0.7871	55.5
insect	nasonia	SYN_GO0098796	cellular_component	other	233	175	0.7511	57.3
insect	nasonia	SYN_GO0015630	cellular_component	other	183	91	0.4973	52.8
insect	nasonia	SYN_GO0036477	cellular_component	other	157	106	0.6752	60.45
insect	nasonia	SYN_GO0098793	cellular_component	other	143	114	0.7972	56.55
insect	nasonia	SYN_GO0099512	cellular_component	other	128	90	0.7031	57.2
insect	nasonia	SYN_GO0071013	cellular_component	other	112	88	0.7857	70.0
insect	nasonia	SYN_GO0005635	cellular_component	other	102	73	0.7157	45.7
insect	nasonia	SYN_GO0061695	cellular_component	other	95	66	0.6947	60.7
insect	nasonia	SYN_GO0031966	cellular_component	other	82	56	0.6829	50.35
insect	nasonia	SYN_GO0098827	cellular_component	other	79	58	0.7342	54.15
insect	nasonia	SYN_GO0015629	cellular_component	other	77	56	0.7273	57.15
insect	nasonia	SYN_GO0044306	cellular_component	other	72	54	0.75	58.05
insect	nasonia	SYN_GO0099513	cellular_component	other	68	42	0.6176	53.25
insect	nasonia	SYN_GO0000793	cellular_component	other	64	30	0.4688	44.75
insect	nasonia	SYN_GO0030312	cellular_component	other	60	20	0.3333	53.05
insect	nasonia	SYN_GO0045179	cellular_component	other	55	35	0.6364	52.3
insect	nasonia	SYN_GO0005764	cellular_component	other	54	44	0.8148	47.0
insect	nasonia	SYN_GO0009925	cellular_component	other	49	34	0.6939	49.9
insect	nasonia	SYN_GO0031012	cellular_component	other	47	18	0.383	51.6
insect	nasonia	SYN_GO0070603	cellular_component	other	44	32	0.7273	51.25
insect	nasonia	SYN_GO0000792	cellular_component	other	43	13	0.3023	50.0
insect	nasonia	SYN_GO0000779	cellular_component	other	42	17	0.4048	51.4
insect	nasonia	SYN_GO0005912	cellular_component	other	40	24	0.6	53.9
insect	tribolium	SYN_GO0141187	biological_process	conserved	245	179	0.7306	50.7
insect	tribolium	SYN_GO0032774	biological_process	conserved	222	167	0.7523	50.7
insect	tribolium	SYN_GO0044281	biological_process	conserved	189	156	0.8254	62.15
insect	tribolium	SYN_GO1903047	biological_process	conserved	187	127	0.6791	51.0
insect	tribolium	SYN_GO0009057	biological_process	conserved	178	147	0.8258	57.8
insect	tribolium	SYN_GO0006259	biological_process	conserved	151	86	0.5695	47.65
insect	tribolium	SYN_GO0006396	biological_process	conserved	149	114	0.7651	47.2
insect	tribolium	SYN_GO1901135	biological_process	conserved	143	122	0.8531	58.9
insect	tribolium	SYN_GO0007424	biological_process	specific	249	191	0.7671	54.3
insect	tribolium	SYN_GO0097485	biological_process	specific	208	138	0.6635	55.85
insect	tribolium	SYN_GO0001751	biological_process	specific	168	111	0.6607	52.5
insect	tribolium	SYN_GO0007611	biological_process	specific	153	101	0.6601	57.3
insect	tribolium	SYN_GO0010631	biological_process	specific	139	103	0.741	53.8
insect	tribolium	SYN_GO0048871	biological_process	specific	129	92	0.7132	53.35
insect	tribolium	SYN_GO0048732	biological_process	specific	117	78	0.6667	49.35
insect	tribolium	SYN_GO0050906	biological_process	specific	107	49	0.4579	45.4
insect	tribolium	SYN_GO0016192	biological_process	other	249	207	0.8313	55.8
insect	tribolium	SYN_GO0034330	biological_process	other	214	157	0.7336	59.4
insect	tribolium	SYN_GO0090066	biological_process	other	187	145	0.7754	55.8
insect	tribolium	SYN_GO0043067	biological_process	other	166	109	0.6566	51.7
insect	tribolium	SYN_GO0045088	biological_process	other	139	91	0.6547	51.8
insect	tribolium	SYN_GO0032989	biological_process	other	128	75	0.5859	51.9
insect	tribolium	SYN_GO0009416	biological_process	other	117	76	0.6496	61.95
insect	tribolium	SYN_GO0045597	biological_process	other	106	69	0.6509	57.5
insect	tribolium	SYN_GO0030163	biological_process	conserved	97	82	0.8454	62.2
insect	tribolium	SYN_GO0019752	biological_process	conserved	87	75	0.8621	67.7
insect	tribolium	SYN_GO0006351	biological_process	conserved	83	62	0.747	51.6
insect	tribolium	SYN_GO0034655	biological_process	conserved	79	66	0.8354	47.85
insect	tribolium	SYN_GO0061640	biological_process	conserved	75	62	0.8267	55.2
insect	tribolium	SYN_GO0140014	biological_process	conserved	70	40	0.5714	50.75
insect	tribolium	SYN_GO0045333	biological_process	conserved	67	63	0.9403	66.9
insect	tribolium	SYN_GO0006281	biological_process	conserved	64	41	0.6406	46.4
insect	tribolium	SYN_GO0042461	biological_process	specific	97	66	0.6804	51.5
insect	tribolium	SYN_GO0035218	biological_process	specific	90	55	0.6111	54.1
insect	tribolium	SYN_GO0050907	biological_process	specific	83	30	0.3614	40.0
insect	tribolium	SYN_GO0042051	biological_process	specific	79	51	0.6456	50.5
insect	tribolium	SYN_GO0048608	biological_process	specific	74	45	0.6081	49.2
insect	tribolium	SYN_GO0007635	biological_process	specific	71	49	0.6901	58.7
insect	tribolium	SYN_GO0048512	biological_process	specific	67	41	0.6119	52.6
insect	tribolium	SYN_GO0007435	biological_process	specific	63	38	0.6032	50.5
insect	tribolium	SYN_GO1901701	biological_process	other	98	68	0.6939	53.7
insect	tribolium	SYN_GO0051656	biological_process	other	90	69	0.7667	59.9
insect	tribolium	SYN_GO0042060	biological_process	other	85	59	0.6941	59.2
insect	tribolium	SYN_GO0002920	biological_process	other	80	41	0.5125	46.4
insect	tribolium	SYN_GO0016050	biological_process	other	77	65	0.8442	56.0
insect	tribolium	SYN_GO0055080	biological_process	other	71	55	0.7746	60.4
insect	tribolium	SYN_GO0071705	biological_process	other	67	53	0.791	56.7
insect	tribolium	SYN_GO0001558	biological_process	other	64	45	0.7031	53.9
insect	tribolium	SYN_GO0007098	biological_process	conserved	59	37	0.6271	59.9
insect	tribolium	SYN_GO0018958	biological_process	conserved	57	41	0.7193	56.6
insect	tribolium	SYN_GO0044282	biological_process	conserved	53	47	0.8868	67.7
insect	tribolium	SYN_GO0006790	biological_process	conserved	51	29	0.5686	53.5
insect	tribolium	SYN_GO0022900	biological_process	conserved	47	45	0.9574	62.0
insect	tribolium	SYN_GO0042775	biological_process	conserved	44	42	0.9545	61.2
insect	tribolium	SYN_GO0006119	biological_process	conserved	44	42	0.9545	61.2
insect	tribolium	SYN_GO0006261	biological_process	conserved	43	28	0.6512	46.2
insect	tribolium	SYN_GO0001763	biological_process	specific	59	41	0.6949	57.5
insect	tribolium	SYN_GO0050911	biological_process	specific	57	19	0.3333	38.7
insect	tribolium	SYN_GO0006959	biological_process	specific	53	12	0.2264	39.45
insect	tribolium	SYN_GO0008587	biological_process	specific	49	39	0.7959	57.5
insect	tribolium	SYN_GO0045137	biological_process	specific	47	29	0.617	48.7
insect	tribolium	SYN_GO0035148	biological_process	specific	45	37	0.8222	54.9
insect	tribolium	SYN_GO0014016	biological_process	specific	43	13	0.3023	50.4
insect	tribolium	SYN_GO0008586	biological_process	specific	41	27	0.6585	57.5
insect	tribolium	SYN_GO0099111	biological_process	other	59	47	0.7966	50.5
insect	tribolium	SYN_GO0045787	biological_process	other	55	36	0.6545	57.0
insect	tribolium	SYN_GO0010948	biological_process	other	52	33	0.6346	49.3
insect	tribolium	SYN_GO0099003	biological_process	other	49	39	0.7959	60.1
insect	tribolium	SYN_GO1901988	biological_process	other	47	31	0.6596	49.3
insect	tribolium	SYN_GO0006915	biological_process	other	45	25	0.5556	47.2
insect	tribolium	SYN_GO0001539	biological_process	other	44	23	0.5227	41.2
insect	tribolium	SYN_GO0072657	biological_process	other	41	33	0.8049	67.1
insect	tribolium	SYN_GO0022857	molecular_function	other	242	148	0.6116	59.05
insect	tribolium	SYN_GO0038023	molecular_function	other	210	123	0.5857	52.2
insect	tribolium	SYN_GO0003700	molecular_function	other	169	61	0.3609	49.6
insect	tribolium	SYN_GO0016301	molecular_function	other	156	117	0.75	57.9
insect	tribolium	SYN_GO0016773	molecular_function	other	146	109	0.7466	58.0
insect	tribolium	SYN_GO0008092	molecular_function	other	142	87	0.6127	54.2
insect	tribolium	SYN_GO0000976	molecular_function	other	140	58	0.4143	50.3
insect	tribolium	SYN_GO0016491	molecular_function	other	135	95	0.7037	61.3
insect	tribolium	SYN_GO0008324	molecular_function	other	122	85	0.6967	62.4
insect	tribolium	SYN_GO0022836	molecular_function	other	109	54	0.4954	63.55
insect	tribolium	SYN_GO0044877	molecular_function	other	95	68	0.7158	53.0
insect	tribolium	SYN_GO0004674	molecular_function	other	90	67	0.7444	60.2
insect	tribolium	SYN_GO0046982	molecular_function	other	77	45	0.5844	61.3
insect	tribolium	SYN_GO0030545	molecular_function	other	71	22	0.3099	47.45
insect	tribolium	SYN_GO0030546	molecular_function	other	66	20	0.303	48.15
insect	tribolium	SYN_GO0051020	molecular_function	other	64	47	0.7344	47.6
insect	tribolium	SYN_GO0016757	molecular_function	other	58	47	0.8103	58.1
insect	tribolium	SYN_GO0030695	molecular_function	other	55	47	0.8545	46.5
insect	tribolium	SYN_GO0043169	molecular_function	other	53	39	0.7358	63.7
insect	tribolium	SYN_GO0046872	molecular_function	other	51	38	0.7451	62.35
insect	tribolium	SYN_GO0016462	molecular_function	other	50	42	0.84	66.8
insect	tribolium	SYN_GO0016758	molecular_function	other	47	39	0.8298	58.8
insect	tribolium	SYN_GO0017022	molecular_function	other	43	30	0.6977	54.95
insect	tribolium	SYN_GO0004518	molecular_function	other	43	34	0.7907	45.25
insect	tribolium	SYN_GO0097708	cellular_component	other	249	209	0.8394	54.5
insect	tribolium	SYN_GO0098796	cellular_component	other	233	195	0.8369	60.1
insect	tribolium	SYN_GO0015630	cellular_component	other	183	100	0.5464	50.15
insect	tribolium	SYN_GO0036477	cellular_component	other	157	114	0.7261	58.45
insect	tribolium	SYN_GO0098793	cellular_component	other	143	119	0.8322	58.0
insect	tribolium	SYN_GO0099512	cellular_component	other	128	87	0.6797	59.0
insect	tribolium	SYN_GO0071013	cellular_component	other	112	92	0.8214	69.9
insect	tribolium	SYN_GO0005635	cellular_component	other	102	77	0.7549	46.2
insect	tribolium	SYN_GO0061695	cellular_component	other	95	62	0.6526	60.05
insect	tribolium	SYN_GO0031966	cellular_component	other	82	62	0.7561	51.3
insect	tribolium	SYN_GO0098827	cellular_component	other	79	60	0.7595	55.5
insect	tribolium	SYN_GO0015629	cellular_component	other	77	53	0.6883	54.9
insect	tribolium	SYN_GO0044306	cellular_component	other	72	57	0.7917	59.0
insect	tribolium	SYN_GO0099513	cellular_component	other	68	43	0.6324	53.0
insect	tribolium	SYN_GO0000793	cellular_component	other	64	29	0.4531	44.3
insect	tribolium	SYN_GO0030312	cellular_component	other	60	23	0.3833	52.8
insect	tribolium	SYN_GO0045179	cellular_component	other	55	35	0.6364	49.5
insect	tribolium	SYN_GO0005764	cellular_component	other	54	46	0.8519	48.8
insect	tribolium	SYN_GO0009925	cellular_component	other	49	33	0.6735	51.7
insect	tribolium	SYN_GO0031012	cellular_component	other	47	21	0.4468	52.8
insect	tribolium	SYN_GO0070603	cellular_component	other	44	33	0.75	48.9
insect	tribolium	SYN_GO0000792	cellular_component	other	43	13	0.3023	51.0
insect	tribolium	SYN_GO0000779	cellular_component	other	42	18	0.4286	52.75
insect	tribolium	SYN_GO0005912	cellular_component	other	40	26	0.65	52.2
insect	yeast	SYN_GO0141187	biological_process	conserved	245	63	0.2571	35.5
insect	yeast	SYN_GO0032774	biological_process	conserved	222	58	0.2613	35.4
insect	yeast	SYN_GO0044281	biological_process	conserved	189	76	0.4021	44.15
insect	yeast	SYN_GO1903047	biological_process	conserved	187	50	0.2674	42.05
insect	yeast	SYN_GO0009057	biological_process	conserved	178	68	0.382	40.65
insect	yeast	SYN_GO0006259	biological_process	conserved	151	50	0.3311	33.8
insect	yeast	SYN_GO0006396	biological_process	conserved	149	31	0.2081	39.7
insect	yeast	SYN_GO1901135	biological_process	conserved	143	36	0.2517	46.95
insect	yeast	SYN_GO0007424	biological_process	specific	249	29	0.1165	39.5
insect	yeast	SYN_GO0097485	biological_process	specific	208	18	0.0865	44.55
insect	yeast	SYN_GO0001751	biological_process	specific	168	19	0.1131	42.3
insect	yeast	SYN_GO0007611	biological_process	specific	153	10	0.0654	49.0
insect	yeast	SYN_GO0010631	biological_process	specific	139	18	0.1295	42.5
insect	yeast	SYN_GO0048871	biological_process	specific	129	16	0.124	39.0
insect	yeast	SYN_GO0048732	biological_process	specific	117	12	0.1026	45.25
insect	yeast	SYN_GO0050906	biological_process	specific	107	4	0.0374	27.4
insect	yeast	SYN_GO0016192	biological_process	other	249	65	0.261	34.5
insect	yeast	SYN_GO0034330	biological_process	other	214	18	0.0841	55.4
insect	yeast	SYN_GO0090066	biological_process	other	187	25	0.1337	39.4
insect	yeast	SYN_GO0043067	biological_process	other	166	32	0.1928	41.85
insect	yeast	SYN_GO0045088	biological_process	other	139	30	0.2158	40.1
insect	yeast	SYN_GO0032989	biological_process	other	128	10	0.0781	40.0
insect	yeast	SYN_GO0009416	biological_process	other	117	16	0.1368	39.75
insect	yeast	SYN_GO0045597	biological_process	other	106	17	0.1604	49.2
insect	yeast	SYN_GO0030163	biological_process	conserved	97	46	0.4742	43.05
insect	yeast	SYN_GO0019752	biological_process	conserved	87	41	0.4713	46.0
insect	yeast	SYN_GO0006351	biological_process	conserved	83	25	0.3012	33.5
insect	yeast	SYN_GO0034655	biological_process	conserved	79	23	0.2911	46.2
insect	yeast	SYN_GO0061640	biological_process	conserved	75	23	0.3067	42.7
insect	yeast	SYN_GO0140014	biological_process	conserved	70	17	0.2429	37.4
insect	yeast	SYN_GO0045333	biological_process	conserved	67	19	0.2836	51.9
insect	yeast	SYN_GO0006281	biological_process	conserved	64	25	0.3906	33.0
insect	yeast	SYN_GO0042461	biological_process	specific	97	13	0.134	42.3
insect	yeast	SYN_GO0035218	biological_process	specific	90	9	0.1	44.8
insect	yeast	SYN_GO0050907	biological_process	specific	83	3	0.0361	28.7
insect	yeast	SYN_GO0042051	biological_process	specific	79	10	0.1266	39.1
insect	yeast	SYN_GO0048608	biological_process	specific	74	6	0.0811	37.95
insect	yeast	SYN_GO0007635	biological_process	specific	71	6	0.0845	53.3
insect	yeast	SYN_GO0048512	biological_process	specific	67	6	0.0896	35.7
insect	yeast	SYN_GO0007435	biological_process	specific	63	5	0.0794	39.4
insect	yeast	SYN_GO1901701	biological_process	other	98	14	0.1429	44.4
insect	yeast	SYN_GO0051656	biological_process	other	90	16	0.1778	40.95
insect	yeast	SYN_GO0042060	biological_process	other	85	18	0.2118	42.05
insect	yeast	SYN_GO0002920	biological_process	other	80	9	0.1125	35.7
insect	yeast	SYN_GO0016050	biological_process	other	77	24	0.3117	35.8
insect	yeast	SYN_GO0055080	biological_process	other	71	19	0.2676	37.1
insect	yeast	SYN_GO0071705	biological_process	other	67	10	0.1493	30.6
insect	yeast	SYN_GO0001558	biological_process	other	64	10	0.1562	39.7
insect	yeast	SYN_GO0007098	biological_process	conserved	59	15	0.2542	42.5
insect	yeast	SYN_GO0018958	biological_process	conserved	57	7	0.1228	30.9
insect	yeast	SYN_GO0044282	biological_process	conserved	53	24	0.4528	46.4
insect	yeast	SYN_GO0006790	biological_process	conserved	51	10	0.1961	43.15
insect	yeast	SYN_GO0022900	biological_process	conserved	47	7	0.1489	58.8
insect	yeast	SYN_GO0042775	biological_process	conserved	44	5	0.1136	40.2
insect	yeast	SYN_GO0006119	biological_process	conserved	44	5	0.1136	40.2
insect	yeast	SYN_GO0006261	biological_process	conserved	43	15	0.3488	32.4
insect	yeast	SYN_GO0001763	biological_process	specific	59	14	0.2373	41.85
insect	yeast	SYN_GO0050911	biological_process	specific	57	2	0.0351	42.5
insect	yeast	SYN_GO0006959	biological_process	specific	53	1	0.0189	70.3
insect	yeast	SYN_GO0008587	biological_process	specific	49	5	0.102	41.8
insect	yeast	SYN_GO0045137	biological_process	specific	47	3	0.0638	36.4
insect	yeast	SYN_GO0035148	biological_process	specific	45	11	0.2444	39.4
insect	yeast	SYN_GO0014016	biological_process	specific	43	0	0.0	
insect	yeast	SYN_GO0008586	biological_process	specific	41	5	0.122	41.8
insect	yeast	SYN_GO0099111	biological_process	other	59	5	0.0847	39.4
insect	yeast	SYN_GO0045787	biological_process	other	55	15	0.2727	39.5
insect	yeast	SYN_GO0010948	biological_process	other	52	10	0.1923	44.8
insect	yeast	SYN_GO0099003	biological_process	other	49	8	0.1633	38.6
insect	yeast	SYN_GO1901988	biological_process	other	47	10	0.2128	44.8
insect	yeast	SYN_GO0006915	biological_process	other	45	2	0.0444	46.05
insect	yeast	SYN_GO0001539	biological_process	other	44	0	0.0	
insect	yeast	SYN_GO0072657	biological_process	other	41	14	0.3415	47.55
insect	yeast	SYN_GO0022857	molecular_function	other	242	23	0.095	34.4
insect	yeast	SYN_GO0038023	molecular_function	other	210	0	0.0	
insect	yeast	SYN_GO0003700	molecular_function	other	169	0	0.0	
insect	yeast	SYN_GO0016301	molecular_function	other	156	34	0.2179	43.7
insect	yeast	SYN_GO0016773	molecular_function	other	146	28	0.1918	42.45
insect	yeast	SYN_GO0008092	molecular_function	other	142	16	0.1127	35.7
insect	yeast	SYN_GO0000976	molecular_function	other	140	6	0.0429	42.2
insect	yeast	SYN_GO0016491	molecular_function	other	135	38	0.2815	45.45
insect	yeast	SYN_GO0008324	molecular_function	other	122	12	0.0984	33.5
insect	yeast	SYN_GO0022836	molecular_function	other	109	1	0.0092	20.0
insect	yeast	SYN_GO0044877	molecular_function	other	95	20	0.2105	42.05
insect	yeast	SYN_GO0004674	molecular_function	other	90	18	0.2	48.15
insect	yeast	SYN_GO0046982	molecular_function	other	77	8	0.1039	32.05
insect	yeast	SYN_GO0030545	molecular_function	other	71	0	0.0	
insect	yeast	SYN_GO0030546	molecular_function	other	66	0	0.0	
insect	yeast	SYN_GO0051020	molecular_function	other	64	7	0.1094	28.6
insect	yeast	SYN_GO0016757	molecular_function	other	58	9	0.1552	40.2
insect	yeast	SYN_GO0030695	molecular_function	other	55	7	0.1273	28.6
insect	yeast	SYN_GO0043169	molecular_function	other	53	13	0.2453	43.5
insect	yeast	SYN_GO0046872	molecular_function	other	51	13	0.2549	43.5
insect	yeast	SYN_GO0016462	molecular_function	other	50	22	0.44	49.6
insect	yeast	SYN_GO0016758	molecular_function	other	47	6	0.1277	39.45
insect	yeast	SYN_GO0017022	molecular_function	other	43	5	0.1163	32.9
insect	yeast	SYN_GO0004518	molecular_function	other	43	13	0.3023	38.9
insect	yeast	SYN_GO0097708	cellular_component	other	249	49	0.1968	35.0
insect	yeast	SYN_GO0098796	cellular_component	other	233	49	0.2103	34.8
insect	yeast	SYN_GO0015630	cellular_component	other	183	24	0.1311	49.0
insect	yeast	SYN_GO0036477	cellular_component	other	157	17	0.1083	58.8
insect	yeast	SYN_GO0098793	cellular_component	other	143	13	0.0909	44.4
insect	yeast	SYN_GO0099512	cellular_component	other	128	18	0.1406	47.65
insect	yeast	SYN_GO0071013	cellular_component	other	112	33	0.2946	49.4
insect	yeast	SYN_GO0005635	cellular_component	other	102	31	0.3039	32.3
insect	yeast	SYN_GO0061695	cellular_component	other	95	36	0.3789	35.4
insect	yeast	SYN_GO0031966	cellular_component	other	82	20	0.2439	39.0
insect	yeast	SYN_GO0098827	cellular_component	other	79	24	0.3038	32.05
insect	yeast	SYN_GO0015629	cellular_component	other	77	5	0.0649	42.3
insect	yeast	SYN_GO0044306	cellular_component	other	72	7	0.0972	44.4
insect	yeast	SYN_GO0099513	cellular_component	other	68	9	0.1324	39.2
insect	yeast	SYN_GO0000793	cellular_component	other	64	13	0.2031	33.4
insect	yeast	SYN_GO0030312	cellular_component	other	60	0	0.0	
insect	yeast	SYN_GO0045179	cellular_component	other	55	5	0.0909	37.0
insect	yeast	SYN_GO0005764	cellular_component	other	54	17	0.3148	27.1
insect	yeast	SYN_GO0009925	cellular_component	other	49	2	0.0408	35.9
insect	yeast	SYN_GO0031012	cellular_component	other	47	0	0.0	
insect	yeast	SYN_GO0070603	cellular_component	other	44	14	0.3182	44.25
insect	yeast	SYN_GO0000792	cellular_component	other	43	3	0.0698	28.0
insect	yeast	SYN_GO0000779	cellular_component	other	42	8	0.1905	33.5
insect	yeast	SYN_GO0005912	cellular_component	other	40	2	0.05	37.8
plant_rice	amborella	SYN_GO0008152	biological_process	conserved	235	131	0.5574	64.9
plant_rice	amborella	SYN_GO0044238	biological_process	conserved	173	99	0.5723	64.9
plant_rice	amborella	SYN_GO0009058	biological_process	conserved	134	74	0.5522	65.1
plant_rice	amborella	SYN_GO0043170	biological_process	conserved	104	61	0.5865	62.2
plant_rice	amborella	SYN_GO0032502	biological_process	specific	147	78	0.5306	61.5
plant_rice	amborella	SYN_GO0048856	biological_process	specific	146	77	0.5274	60.9
plant_rice	amborella	SYN_GO0032501	biological_process	specific	146	77	0.5274	62.1
plant_rice	amborella	SYN_GO0007275	biological_process	specific	136	68	0.5	62.25
plant_rice	amborella	SYN_GO0048731	biological_process	specific	101	52	0.5149	62.45
plant_rice	amborella	SYN_GO0022414	biological_process	specific	91	47	0.5165	62.2
plant_rice	amborella	SYN_GO0009791	biological_process	specific	84	41	0.4881	62.3
plant_rice	amborella	SYN_GO0050794	biological_process	other	179	85	0.4749	54.4
plant_rice	amborella	SYN_GO0006950	biological_process	other	155	75	0.4839	59.4
plant_rice	amborella	SYN_GO0042221	biological_process	other	138	66	0.4783	63.85
plant_rice	amborella	SYN_GO0009628	biological_process	other	116	63	0.5431	64.6
plant_rice	amborella	SYN_GO0048583	biological_process	other	111	53	0.4775	57.8
plant_rice	amborella	SYN_GO1901700	biological_process	other	107	51	0.4766	59.7
plant_rice	amborella	SYN_GO0019222	biological_process	other	100	48	0.48	48.45
plant_rice	amborella	SYN_GO0071840	biological_process	other	99	56	0.5657	62.45
plant_rice	amborella	SYN_GO0003006	biological_process	specific	71	35	0.493	62.1
plant_rice	amborella	SYN_GO0061458	biological_process	specific	68	32	0.4706	62.45
plant_rice	amborella	SYN_GO0048608	biological_process	specific	68	32	0.4706	62.45
plant_rice	amborella	SYN_GO0048367	biological_process	specific	67	32	0.4776	61.5
plant_rice	amborella	SYN_GO0099402	biological_process	specific	59	33	0.5593	60.9
plant_rice	amborella	SYN_GO0050793	biological_process	other	83	35	0.4217	55.8
plant_rice	amborella	SYN_GO0009719	biological_process	other	78	39	0.5	58.5
plant_rice	amborella	SYN_GO0016043	biological_process	other	76	45	0.5921	62.6
plant_rice	amborella	SYN_GO0051716	biological_process	other	72	41	0.5694	61.6
plant_rice	amborella	SYN_GO0006355	biological_process	other	71	30	0.4225	46.35
plant_rice	amborella	SYN_GO2001141	biological_process	other	71	30	0.4225	46.35
plant_rice	amborella	SYN_GO0009266	biological_process	other	64	33	0.5156	57.5
plant_rice	amborella	SYN_GO0051179	biological_process	other	58	28	0.4828	65.9
plant_rice	amborella	SYN_GO0006629	biological_process	conserved	48	23	0.4792	62.6
plant_rice	amborella	SYN_GO0009059	biological_process	conserved	47	29	0.617	60.2
plant_rice	amborella	SYN_GO0044281	biological_process	conserved	43	27	0.6279	70.0
plant_rice	amborella	SYN_GO0005975	biological_process	conserved	42	26	0.619	70.05
plant_rice	amborella	SYN_GO0090567	biological_process	specific	50	22	0.44	62.15
plant_rice	amborella	SYN_GO0009653	biological_process	specific	46	24	0.5217	62.4
plant_rice	amborella	SYN_GO0009908	biological_process	specific	42	18	0.4286	57.9
plant_rice	amborella	SYN_GO0044419	biological_process	other	55	18	0.3273	57.25
plant_rice	amborella	SYN_GO0080134	biological_process	other	54	22	0.4074	61.3
plant_rice	amborella	SYN_GO0043207	biological_process	other	52	16	0.3077	57.25
plant_rice	amborella	SYN_GO0009893	biological_process	other	45	18	0.4	48.25
plant_rice	amborella	SYN_GO0006952	biological_process	other	44	15	0.3409	57.9
plant_rice	amborella	SYN_GO0010604	biological_process	other	42	17	0.4048	46.6
plant_rice	amborella	SYN_GO0010646	biological_process	other	42	20	0.4762	53.5
plant_rice	amborella	SYN_GO0051239	biological_process	other	41	17	0.4146	49.7
plant_rice	amborella	SYN_GO0016740	molecular_function	other	131	55	0.4198	61.9
plant_rice	amborella	SYN_GO0016491	molecular_function	other	89	45	0.5056	68.7
plant_rice	amborella	SYN_GO0140096	molecular_function	other	70	34	0.4857	64.3
plant_rice	amborella	SYN_GO0016746	molecular_function	other	58	20	0.3448	60.05
plant_rice	amborella	SYN_GO0016787	molecular_function	other	50	29	0.58	65.1
plant_rice	amborella	SYN_GO0003676	molecular_function	other	48	24	0.5	48.35
plant_rice	amborella	SYN_GO0003677	molecular_function	other	43	22	0.5116	47.7
plant_rice	amborella	SYN_GO0016772	molecular_function	other	40	20	0.5	69.55
plant_rice	amborella	SYN_GO0005737	cellular_component	other	243	125	0.5144	68.3
plant_rice	amborella	SYN_GO0016020	cellular_component	other	149	71	0.4765	67.6
plant_rice	amborella	SYN_GO0071944	cellular_component	other	84	37	0.4405	68.2
plant_rice	amborella	SYN_GO0005886	cellular_component	other	83	37	0.4458	68.2
plant_rice	amborella	SYN_GO0012505	cellular_component	other	57	30	0.5263	65.6
plant_rice	amborella	SYN_GO0031090	cellular_component	other	55	30	0.5455	71.3
plant_rice	arabidopsis	SYN_GO0008152	biological_process	conserved	235	140	0.5957	62.0
plant_rice	arabidopsis	SYN_GO0044238	biological_process	conserved	173	107	0.6185	61.1
plant_rice	arabidopsis	SYN_GO0009058	biological_process	conserved	134	76	0.5672	61.05
plant_rice	arabidopsis	SYN_GO0043170	biological_process	conserved	104	68	0.6538	60.3
plant_rice	arabidopsis	SYN_GO0032502	biological_process	specific	147	83	0.5646	58.9
plant_rice	arabidopsis	SYN_GO0048856	biological_process	specific	146	82	0.5616	58.85
plant_rice	arabidopsis	SYN_GO0032501	biological_process	specific	146	82	0.5616	58.95
plant_rice	arabidopsis	SYN_GO0007275	biological_process	specific	136	74	0.5441	59.25
plant_rice	arabidopsis	SYN_GO0048731	biological_process	specific	101	53	0.5248	60.0
plant_rice	arabidopsis	SYN_GO0022414	biological_process	specific	91	49	0.5385	59.7
plant_rice	arabidopsis	SYN_GO0009791	biological_process	specific	84	42	0.5	59.05
plant_rice	arabidopsis	SYN_GO0050794	biological_process	other	179	93	0.5196	55.1
plant_rice	arabidopsis	SYN_GO0006950	biological_process	other	155	80	0.5161	61.4
plant_rice	arabidopsis	SYN_GO0042221	biological_process	other	138	69	0.5	59.9
plant_rice	arabidopsis	SYN_GO0009628	biological_process	other	116	63	0.5431	63.8
plant_rice	arabidopsis	SYN_GO0048583	biological_process	other	111	63	0.5676	56.6
plant_rice	arabidopsis	SYN_GO1901700	biological_process	other	107	54	0.5047	57.45
plant_rice	arabidopsis	SYN_GO0019222	biological_process	other	100	51	0.51	47.6
plant_rice	arabidopsis	SYN_GO0071840	biological_process	other	99	64	0.6465	59.7
plant_rice	arabidopsis	SYN_GO0003006	biological_process	specific	71	35	0.493	57.9
plant_rice	arabidopsis	SYN_GO0061458	biological_process	specific	68	32	0.4706	60.4
plant_rice	arabidopsis	SYN_GO0048608	biological_process	specific	68	32	0.4706	60.4
plant_rice	arabidopsis	SYN_GO0048367	biological_process	specific	67	32	0.4776	57.85
plant_rice	arabidopsis	SYN_GO0099402	biological_process	specific	59	33	0.5593	57.6
plant_rice	arabidopsis	SYN_GO0050793	biological_process	other	83	38	0.4578	57.7
plant_rice	arabidopsis	SYN_GO0009719	biological_process	other	78	43	0.5513	56.5
plant_rice	arabidopsis	SYN_GO0016043	biological_process	other	76	54	0.7105	59.95
plant_rice	arabidopsis	SYN_GO0051716	biological_process	other	72	42	0.5833	60.4
plant_rice	arabidopsis	SYN_GO0006355	biological_process	other	71	32	0.4507	44.9
plant_rice	arabidopsis	SYN_GO2001141	biological_process	other	71	32	0.4507	44.9
plant_rice	arabidopsis	SYN_GO0009266	biological_process	other	64	36	0.5625	61.05
plant_rice	arabidopsis	SYN_GO0051179	biological_process	other	58	31	0.5345	63.1
plant_rice	arabidopsis	SYN_GO0006629	biological_process	conserved	48	26	0.5417	60.9
plant_rice	arabidopsis	SYN_GO0009059	biological_process	conserved	47	28	0.5957	57.0
plant_rice	arabidopsis	SYN_GO0044281	biological_process	conserved	43	27	0.6279	68.3
plant_rice	arabidopsis	SYN_GO0005975	biological_process	conserved	42	24	0.5714	70.55
plant_rice	arabidopsis	SYN_GO0090567	biological_process	specific	50	22	0.44	57.75
plant_rice	arabidopsis	SYN_GO0009653	biological_process	specific	46	30	0.6522	58.3
plant_rice	arabidopsis	SYN_GO0009908	biological_process	specific	42	20	0.4762	56.7
plant_rice	arabidopsis	SYN_GO0044419	biological_process	other	55	21	0.3818	54.0
plant_rice	arabidopsis	SYN_GO0080134	biological_process	other	54	30	0.5556	62.8
plant_rice	arabidopsis	SYN_GO0043207	biological_process	other	52	20	0.3846	53.35
plant_rice	arabidopsis	SYN_GO0009893	biological_process	other	45	19	0.4222	51.0
plant_rice	arabidopsis	SYN_GO0006952	biological_process	other	44	18	0.4091	61.1
plant_rice	arabidopsis	SYN_GO0010604	biological_process	other	42	18	0.4286	49.3
plant_rice	arabidopsis	SYN_GO0010646	biological_process	other	42	25	0.5952	52.3
plant_rice	arabidopsis	SYN_GO0051239	biological_process	other	41	18	0.439	52.45
plant_rice	arabidopsis	SYN_GO0016740	molecular_function	other	131	65	0.4962	60.3
plant_rice	arabidopsis	SYN_GO0016491	molecular_function	other	89	47	0.5281	64.6
plant_rice	arabidopsis	SYN_GO0140096	molecular_function	other	70	42	0.6	60.0
plant_rice	arabidopsis	SYN_GO0016746	molecular_function	other	58	26	0.4483	56.9
plant_rice	arabidopsis	SYN_GO0016787	molecular_function	other	50	28	0.56	62.45
plant_rice	arabidopsis	SYN_GO0003676	molecular_function	other	48	25	0.5208	48.8
plant_rice	arabidopsis	SYN_GO0003677	molecular_function	other	43	23	0.5349	47.6
plant_rice	arabidopsis	SYN_GO0016772	molecular_function	other	40	23	0.575	65.5
plant_rice	arabidopsis	SYN_GO0005737	cellular_component	other	243	138	0.5679	62.65
plant_rice	arabidopsis	SYN_GO0016020	cellular_component	other	149	80	0.5369	63.4
plant_rice	arabidopsis	SYN_GO0071944	cellular_component	other	84	41	0.4881	65.3
plant_rice	arabidopsis	SYN_GO0005886	cellular_component	other	83	41	0.494	65.3
plant_rice	arabidopsis	SYN_GO0012505	cellular_component	other	57	34	0.5965	65.8
plant_rice	arabidopsis	SYN_GO0031090	cellular_component	other	55	33	0.6	65.1
plant_rice	brachypodium	SYN_GO0008152	biological_process	conserved	235	195	0.8298	82.4
plant_rice	brachypodium	SYN_GO0044238	biological_process	conserved	173	143	0.8266	82.2
plant_rice	brachypodium	SYN_GO0009058	biological_process	conserved	134	105	0.7836	82.0
plant_rice	brachypodium	SYN_GO0043170	biological_process	conserved	104	90	0.8654	81.0
plant_rice	brachypodium	SYN_GO0032502	biological_process	specific	147	130	0.8844	79.2
plant_rice	brachypodium	SYN_GO0048856	biological_process	specific	146	129	0.8836	79.1
plant_rice	brachypodium	SYN_GO0032501	biological_process	specific	146	129	0.8836	79.3
plant_rice	brachypodium	SYN_GO0007275	biological_process	specific	136	119	0.875	79.4
plant_rice	brachypodium	SYN_GO0048731	biological_process	specific	101	90	0.8911	79.35
plant_rice	brachypodium	SYN_GO0022414	biological_process	specific	91	80	0.8791	79.2
plant_rice	brachypodium	SYN_GO0009791	biological_process	specific	84	72	0.8571	80.7
plant_rice	brachypodium	SYN_GO0050794	biological_process	other	179	159	0.8883	73.9
plant_rice	brachypodium	SYN_GO0006950	biological_process	other	155	130	0.8387	80.15
plant_rice	brachypodium	SYN_GO0042221	biological_process	other	138	116	0.8406	81.2
plant_rice	brachypodium	SYN_GO0009628	biological_process	other	116	100	0.8621	81.05
plant_rice	brachypodium	SYN_GO0048583	biological_process	other	111	94	0.8468	77.5
plant_rice	brachypodium	SYN_GO1901700	biological_process	other	107	92	0.8598	80.35
plant_rice	brachypodium	SYN_GO0019222	biological_process	other	100	90	0.9	69.95
plant_rice	brachypodium	SYN_GO0071840	biological_process	other	99	91	0.9192	79.3
plant_rice	brachypodium	SYN_GO0003006	biological_process	specific	71	62	0.8732	79.8
plant_rice	brachypodium	SYN_GO0061458	biological_process	specific	68	59	0.8676	80.2
plant_rice	brachypodium	SYN_GO0048608	biological_process	specific	68	59	0.8676	80.2
plant_rice	brachypodium	SYN_GO0048367	biological_process	specific	67	60	0.8955	78.8
plant_rice	brachypodium	SYN_GO0099402	biological_process	specific	59	53	0.8983	79.1
plant_rice	brachypodium	SYN_GO0050793	biological_process	other	83	68	0.8193	74.65
plant_rice	brachypodium	SYN_GO0009719	biological_process	other	78	72	0.9231	79.95
plant_rice	brachypodium	SYN_GO0016043	biological_process	other	76	73	0.9605	79.9
plant_rice	brachypodium	SYN_GO0051716	biological_process	other	72	63	0.875	81.3
plant_rice	brachypodium	SYN_GO0006355	biological_process	other	71	63	0.8873	68.1
plant_rice	brachypodium	SYN_GO2001141	biological_process	other	71	63	0.8873	68.1
plant_rice	brachypodium	SYN_GO0009266	biological_process	other	64	55	0.8594	80.7
plant_rice	brachypodium	SYN_GO0051179	biological_process	other	58	52	0.8966	80.1
plant_rice	brachypodium	SYN_GO0006629	biological_process	conserved	48	35	0.7292	81.7
plant_rice	brachypodium	SYN_GO0009059	biological_process	conserved	47	38	0.8085	78.3
plant_rice	brachypodium	SYN_GO0044281	biological_process	conserved	43	37	0.8605	84.8
plant_rice	brachypodium	SYN_GO0005975	biological_process	conserved	42	32	0.7619	82.4
plant_rice	brachypodium	SYN_GO0090567	biological_process	specific	50	43	0.86	79.3
plant_rice	brachypodium	SYN_GO0009653	biological_process	specific	46	43	0.9348	77.6
plant_rice	brachypodium	SYN_GO0009908	biological_process	specific	42	37	0.881	79.3
plant_rice	brachypodium	SYN_GO0044419	biological_process	other	55	43	0.7818	78.1
plant_rice	brachypodium	SYN_GO0080134	biological_process	other	54	47	0.8704	80.2
plant_rice	brachypodium	SYN_GO0043207	biological_process	other	52	40	0.7692	77.95
plant_rice	brachypodium	SYN_GO0009893	biological_process	other	45	39	0.8667	69.0
plant_rice	brachypodium	SYN_GO0006952	biological_process	other	44	36	0.8182	78.75
plant_rice	brachypodium	SYN_GO0010604	biological_process	other	42	36	0.8571	68.55
plant_rice	brachypodium	SYN_GO0010646	biological_process	other	42	35	0.8333	72.1
plant_rice	brachypodium	SYN_GO0051239	biological_process	other	41	31	0.7561	73.8
plant_rice	brachypodium	SYN_GO0016740	molecular_function	other	131	112	0.855	81.0
plant_rice	brachypodium	SYN_GO0016491	molecular_function	other	89	71	0.7978	83.8
plant_rice	brachypodium	SYN_GO0140096	molecular_function	other	70	66	0.9429	80.4
plant_rice	brachypodium	SYN_GO0016746	molecular_function	other	58	48	0.8276	77.7
plant_rice	brachypodium	SYN_GO0016787	molecular_function	other	50	39	0.78	82.7
plant_rice	brachypodium	SYN_GO0003676	molecular_function	other	48	40	0.8333	70.45
plant_rice	brachypodium	SYN_GO0003677	molecular_function	other	43	36	0.8372	70.15
plant_rice	brachypodium	SYN_GO0016772	molecular_function	other	40	36	0.9	86.7
plant_rice	brachypodium	SYN_GO0005737	cellular_component	other	243	212	0.8724	82.3
plant_rice	brachypodium	SYN_GO0016020	cellular_component	other	149	130	0.8725	83.4
plant_rice	brachypodium	SYN_GO0071944	cellular_component	other	84	73	0.869	83.6
plant_rice	brachypodium	SYN_GO0005886	cellular_component	other	83	72	0.8675	84.15
plant_rice	brachypodium	SYN_GO0012505	cellular_component	other	57	52	0.9123	83.6
plant_rice	brachypodium	SYN_GO0031090	cellular_component	other	55	49	0.8909	84.0
plant_rice	chlamydomonas	SYN_GO0008152	biological_process	conserved	235	45	0.1915	48.4
plant_rice	chlamydomonas	SYN_GO0044238	biological_process	conserved	173	34	0.1965	50.95
plant_rice	chlamydomonas	SYN_GO0009058	biological_process	conserved	134	25	0.1866	50.5
plant_rice	chlamydomonas	SYN_GO0043170	biological_process	conserved	104	17	0.1635	47.8
plant_rice	chlamydomonas	SYN_GO0032502	biological_process	specific	147	10	0.068	42.2
plant_rice	chlamydomonas	SYN_GO0048856	biological_process	specific	146	9	0.0616	42.1
plant_rice	chlamydomonas	SYN_GO0032501	biological_process	specific	146	10	0.0685	42.2
plant_rice	chlamydomonas	SYN_GO0007275	biological_process	specific	136	9	0.0662	42.1
plant_rice	chlamydomonas	SYN_GO0048731	biological_process	specific	101	9	0.0891	42.1
plant_rice	chlamydomonas	SYN_GO0022414	biological_process	specific	91	7	0.0769	48.3
plant_rice	chlamydomonas	SYN_GO0009791	biological_process	specific	84	4	0.0476	47.7
plant_rice	chlamydomonas	SYN_GO0050794	biological_process	other	179	12	0.067	35.95
plant_rice	chlamydomonas	SYN_GO0006950	biological_process	other	155	27	0.1742	47.8
plant_rice	chlamydomonas	SYN_GO0042221	biological_process	other	138	21	0.1522	42.7
plant_rice	chlamydomonas	SYN_GO0009628	biological_process	other	116	22	0.1897	48.1
plant_rice	chlamydomonas	SYN_GO0048583	biological_process	other	111	10	0.0901	32.75
plant_rice	chlamydomonas	SYN_GO1901700	biological_process	other	107	14	0.1308	43.2
plant_rice	chlamydomonas	SYN_GO0019222	biological_process	other	100	2	0.02	50.2
plant_rice	chlamydomonas	SYN_GO0071840	biological_process	other	99	15	0.1515	48.3
plant_rice	chlamydomonas	SYN_GO0003006	biological_process	specific	71	4	0.0563	47.7
plant_rice	chlamydomonas	SYN_GO0061458	biological_process	specific	68	4	0.0588	47.7
plant_rice	chlamydomonas	SYN_GO0048608	biological_process	specific	68	4	0.0588	47.7
plant_rice	chlamydomonas	SYN_GO0048367	biological_process	specific	67	4	0.0597	44.55
plant_rice	chlamydomonas	SYN_GO0099402	biological_process	specific	59	6	0.1017	39.05
plant_rice	chlamydomonas	SYN_GO0050793	biological_process	other	83	4	0.0482	35.5
plant_rice	chlamydomonas	SYN_GO0009719	biological_process	other	78	7	0.0897	66.7
plant_rice	chlamydomonas	SYN_GO0016043	biological_process	other	76	15	0.1974	48.3
plant_rice	chlamydomonas	SYN_GO0051716	biological_process	other	72	11	0.1528	52.6
plant_rice	chlamydomonas	SYN_GO0006355	biological_process	other	71	0	0.0	
plant_rice	chlamydomonas	SYN_GO2001141	biological_process	other	71	0	0.0	
plant_rice	chlamydomonas	SYN_GO0009266	biological_process	other	64	10	0.1562	44.45
plant_rice	chlamydomonas	SYN_GO0051179	biological_process	other	58	13	0.2241	49.9
plant_rice	chlamydomonas	SYN_GO0006629	biological_process	conserved	48	6	0.125	50.95
plant_rice	chlamydomonas	SYN_GO0009059	biological_process	conserved	47	6	0.1277	47.15
plant_rice	chlamydomonas	SYN_GO0044281	biological_process	conserved	43	16	0.3721	54.2
plant_rice	chlamydomonas	SYN_GO0005975	biological_process	conserved	42	7	0.1667	52.1
plant_rice	chlamydomonas	SYN_GO0090567	biological_process	specific	50	2	0.04	61.35
plant_rice	chlamydomonas	SYN_GO0009653	biological_process	specific	46	2	0.0435	35.55
plant_rice	chlamydomonas	SYN_GO0009908	biological_process	specific	42	1	0.0238	69.6
plant_rice	chlamydomonas	SYN_GO0044419	biological_process	other	55	5	0.0909	38.2
plant_rice	chlamydomonas	SYN_GO0080134	biological_process	other	54	5	0.0926	33.5
plant_rice	chlamydomonas	SYN_GO0043207	biological_process	other	52	5	0.0962	38.2
plant_rice	chlamydomonas	SYN_GO0009893	biological_process	other	45	1	0.0222	70.5
plant_rice	chlamydomonas	SYN_GO0006952	biological_process	other	44	3	0.0682	38.2
plant_rice	chlamydomonas	SYN_GO0010604	biological_process	other	42	0	0.0	
plant_rice	chlamydomonas	SYN_GO0010646	biological_process	other	42	4	0.0952	31.75
plant_rice	chlamydomonas	SYN_GO0051239	biological_process	other	41	1	0.0244	27.6
plant_rice	chlamydomonas	SYN_GO0016740	molecular_function	other	131	19	0.145	44.3
plant_rice	chlamydomonas	SYN_GO0016491	molecular_function	other	89	18	0.2022	48.65
plant_rice	chlamydomonas	SYN_GO0140096	molecular_function	other	70	12	0.1714	47.8
plant_rice	chlamydomonas	SYN_GO0016746	molecular_function	other	58	8	0.1379	45.7
plant_rice	chlamydomonas	SYN_GO0016787	molecular_function	other	50	12	0.24	46.25
plant_rice	chlamydomonas	SYN_GO0003676	molecular_function	other	48	3	0.0625	40.2
plant_rice	chlamydomonas	SYN_GO0003677	molecular_function	other	43	3	0.0698	40.2
plant_rice	chlamydomonas	SYN_GO0016772	molecular_function	other	40	7	0.175	45.7
plant_rice	chlamydomonas	SYN_GO0005737	cellular_component	other	243	49	0.2016	45.4
plant_rice	chlamydomonas	SYN_GO0016020	cellular_component	other	149	21	0.1409	42.7
plant_rice	chlamydomonas	SYN_GO0071944	cellular_component	other	84	11	0.131	38.6
plant_rice	chlamydomonas	SYN_GO0005886	cellular_component	other	83	11	0.1325	38.6
plant_rice	chlamydomonas	SYN_GO0012505	cellular_component	other	57	11	0.193	41.5
plant_rice	chlamydomonas	SYN_GO0031090	cellular_component	other	55	10	0.1818	41.4
plant_rice	grape	SYN_GO0008152	biological_process	conserved	235	140	0.5957	66.05
plant_rice	grape	SYN_GO0044238	biological_process	conserved	173	106	0.6127	65.75
plant_rice	grape	SYN_GO0009058	biological_process	conserved	134	75	0.5597	65.5
plant_rice	grape	SYN_GO0043170	biological_process	conserved	104	65	0.625	62.8
plant_rice	grape	SYN_GO0032502	biological_process	specific	147	85	0.5782	63.2
plant_rice	grape	SYN_GO0048856	biological_process	specific	146	84	0.5753	63.15
plant_rice	grape	SYN_GO0032501	biological_process	specific	146	84	0.5753	63.2
plant_rice	grape	SYN_GO0007275	biological_process	specific	136	76	0.5588	63.55
plant_rice	grape	SYN_GO0048731	biological_process	specific	101	55	0.5446	63.6
plant_rice	grape	SYN_GO0022414	biological_process	specific	91	51	0.5604	62.8
plant_rice	grape	SYN_GO0009791	biological_process	specific	84	47	0.5595	63.2
plant_rice	grape	SYN_GO0050794	biological_process	other	179	102	0.5698	55.45
plant_rice	grape	SYN_GO0006950	biological_process	other	155	86	0.5548	63.2
plant_rice	grape	SYN_GO0042221	biological_process	other	138	76	0.5507	64.1
plant_rice	grape	SYN_GO0009628	biological_process	other	116	69	0.5948	64.3
plant_rice	grape	SYN_GO0048583	biological_process	other	111	62	0.5586	60.95
plant_rice	grape	SYN_GO1901700	biological_process	other	107	61	0.5701	63.2
plant_rice	grape	SYN_GO0019222	biological_process	other	100	58	0.58	51.45
plant_rice	grape	SYN_GO0071840	biological_process	other	99	62	0.6263	65.4
plant_rice	grape	SYN_GO0003006	biological_process	specific	71	38	0.5352	59.9
plant_rice	grape	SYN_GO0061458	biological_process	specific	68	36	0.5294	61.85
plant_rice	grape	SYN_GO0048608	biological_process	specific	68	36	0.5294	61.85
plant_rice	grape	SYN_GO0048367	biological_process	specific	67	36	0.5373	61.85
plant_rice	grape	SYN_GO0099402	biological_process	specific	59	34	0.5763	63.15
plant_rice	grape	SYN_GO0050793	biological_process	other	83	38	0.4578	55.75
plant_rice	grape	SYN_GO0009719	biological_process	other	78	47	0.6026	62.4
plant_rice	grape	SYN_GO0016043	biological_process	other	76	52	0.6842	65.85
plant_rice	grape	SYN_GO0051716	biological_process	other	72	47	0.6528	63.3
plant_rice	grape	SYN_GO0006355	biological_process	other	71	38	0.5352	49.15
plant_rice	grape	SYN_GO2001141	biological_process	other	71	38	0.5352	49.15
plant_rice	grape	SYN_GO0009266	biological_process	other	64	40	0.625	63.2
plant_rice	grape	SYN_GO0051179	biological_process	other	58	34	0.5862	66.3
plant_rice	grape	SYN_GO0006629	biological_process	conserved	48	27	0.5625	67.2
plant_rice	grape	SYN_GO0009059	biological_process	conserved	47	27	0.5745	58.5
plant_rice	grape	SYN_GO0044281	biological_process	conserved	43	30	0.6977	72.6
plant_rice	grape	SYN_GO0005975	biological_process	conserved	42	24	0.5714	71.75
plant_rice	grape	SYN_GO0090567	biological_process	specific	50	26	0.52	58.9
plant_rice	grape	SYN_GO0009653	biological_process	specific	46	28	0.6087	60.0
plant_rice	grape	SYN_GO0009908	biological_process	specific	42	23	0.5476	58.6
plant_rice	grape	SYN_GO0044419	biological_process	other	55	22	0.4	62.25
plant_rice	grape	SYN_GO0080134	biological_process	other	54	30	0.5556	65.25
plant_rice	grape	SYN_GO0043207	biological_process	other	52	20	0.3846	62.25
plant_rice	grape	SYN_GO0009893	biological_process	other	45	22	0.4889	51.15
plant_rice	grape	SYN_GO0006952	biological_process	other	44	18	0.4091	62.25
plant_rice	grape	SYN_GO0010604	biological_process	other	42	20	0.4762	51.05
plant_rice	grape	SYN_GO0010646	biological_process	other	42	25	0.5952	52.7
plant_rice	grape	SYN_GO0051239	biological_process	other	41	18	0.439	58.35
plant_rice	grape	SYN_GO0016740	molecular_function	other	131	61	0.4656	63.5
plant_rice	grape	SYN_GO0016491	molecular_function	other	89	51	0.573	68.0
plant_rice	grape	SYN_GO0140096	molecular_function	other	70	39	0.5571	62.7
plant_rice	grape	SYN_GO0016746	molecular_function	other	58	23	0.3966	61.5
plant_rice	grape	SYN_GO0016787	molecular_function	other	50	28	0.56	65.95
plant_rice	grape	SYN_GO0003676	molecular_function	other	48	27	0.5625	50.3
plant_rice	grape	SYN_GO0003677	molecular_function	other	43	25	0.5814	50.0
plant_rice	grape	SYN_GO0016772	molecular_function	other	40	22	0.55	70.0
plant_rice	grape	SYN_GO0005737	cellular_component	other	243	144	0.5926	69.15
plant_rice	grape	SYN_GO0016020	cellular_component	other	149	87	0.5839	65.7
plant_rice	grape	SYN_GO0071944	cellular_component	other	84	46	0.5476	67.25
plant_rice	grape	SYN_GO0005886	cellular_component	other	83	46	0.5542	67.25
plant_rice	grape	SYN_GO0012505	cellular_component	other	57	34	0.5965	69.95
plant_rice	grape	SYN_GO0031090	cellular_component	other	55	35	0.6364	72.4
plant_rice	leersia	SYN_GO0008152	biological_process	conserved	235	203	0.8638	88.8
plant_rice	leersia	SYN_GO0044238	biological_process	conserved	173	150	0.8671	88.9
plant_rice	leersia	SYN_GO0009058	biological_process	conserved	134	113	0.8433	88.3
plant_rice	leersia	SYN_GO0043170	biological_process	conserved	104	92	0.8846	88.15
plant_rice	leersia	SYN_GO0032502	biological_process	specific	147	132	0.898	87.05
plant_rice	leersia	SYN_GO0048856	biological_process	specific	146	131	0.8973	87.0
plant_rice	leersia	SYN_GO0032501	biological_process	specific	146	131	0.8973	87.1
plant_rice	leersia	SYN_GO0007275	biological_process	specific	136	121	0.8897	86.9
plant_rice	leersia	SYN_GO0048731	biological_process	specific	101	91	0.901	86.6
plant_rice	leersia	SYN_GO0022414	biological_process	specific	91	80	0.8791	84.3
plant_rice	leersia	SYN_GO0009791	biological_process	specific	84	73	0.869	86.9
plant_rice	leersia	SYN_GO0050794	biological_process	other	179	165	0.9218	84.5
plant_rice	leersia	SYN_GO0006950	biological_process	other	155	130	0.8387	88.2
plant_rice	leersia	SYN_GO0042221	biological_process	other	138	118	0.8551	90.0
plant_rice	leersia	SYN_GO0009628	biological_process	other	116	103	0.8879	87.6
plant_rice	leersia	SYN_GO0048583	biological_process	other	111	103	0.9279	86.2
plant_rice	leersia	SYN_GO1901700	biological_process	other	107	93	0.8692	89.3
plant_rice	leersia	SYN_GO0019222	biological_process	other	100	92	0.92	81.45
plant_rice	leersia	SYN_GO0071840	biological_process	other	99	89	0.899	86.8
plant_rice	leersia	SYN_GO0003006	biological_process	specific	71	62	0.8732	86.4
plant_rice	leersia	SYN_GO0061458	biological_process	specific	68	59	0.8676	86.2
plant_rice	leersia	SYN_GO0048608	biological_process	specific	68	59	0.8676	86.2
plant_rice	leersia	SYN_GO0048367	biological_process	specific	67	59	0.8806	86.2
plant_rice	leersia	SYN_GO0099402	biological_process	specific	59	54	0.9153	86.55
plant_rice	leersia	SYN_GO0050793	biological_process	other	83	71	0.8554	83.4
plant_rice	leersia	SYN_GO0009719	biological_process	other	78	70	0.8974	90.15
plant_rice	leersia	SYN_GO0016043	biological_process	other	76	71	0.9342	87.0
plant_rice	leersia	SYN_GO0051716	biological_process	other	72	63	0.875	89.7
plant_rice	leersia	SYN_GO0006355	biological_process	other	71	65	0.9155	81.1
plant_rice	leersia	SYN_GO2001141	biological_process	other	71	65	0.9155	81.1
plant_rice	leersia	SYN_GO0009266	biological_process	other	64	56	0.875	86.45
plant_rice	leersia	SYN_GO0051179	biological_process	other	58	48	0.8276	87.4
plant_rice	leersia	SYN_GO0006629	biological_process	conserved	48	39	0.8125	87.9
plant_rice	leersia	SYN_GO0009059	biological_process	conserved	47	41	0.8723	86.6
plant_rice	leersia	SYN_GO0044281	biological_process	conserved	43	40	0.9302	90.65
plant_rice	leersia	SYN_GO0005975	biological_process	conserved	42	35	0.8333	87.8
plant_rice	leersia	SYN_GO0090567	biological_process	specific	50	43	0.86	85.7
plant_rice	leersia	SYN_GO0009653	biological_process	specific	46	42	0.913	87.55
plant_rice	leersia	SYN_GO0009908	biological_process	specific	42	38	0.9048	85.95
plant_rice	leersia	SYN_GO0044419	biological_process	other	55	40	0.7273	88.85
plant_rice	leersia	SYN_GO0080134	biological_process	other	54	50	0.9259	87.9
plant_rice	leersia	SYN_GO0043207	biological_process	other	52	38	0.7308	88.75
plant_rice	leersia	SYN_GO0009893	biological_process	other	45	40	0.8889	81.45
plant_rice	leersia	SYN_GO0006952	biological_process	other	44	32	0.7273	88.75
plant_rice	leersia	SYN_GO0010604	biological_process	other	42	37	0.881	81.3
plant_rice	leersia	SYN_GO0010646	biological_process	other	42	39	0.9286	86.5
plant_rice	leersia	SYN_GO0051239	biological_process	other	41	32	0.7805	81.95
plant_rice	leersia	SYN_GO0016740	molecular_function	other	131	115	0.8779	88.3
plant_rice	leersia	SYN_GO0016491	molecular_function	other	89	73	0.8202	89.3
plant_rice	leersia	SYN_GO0140096	molecular_function	other	70	66	0.9429	90.45
plant_rice	leersia	SYN_GO0016746	molecular_function	other	58	48	0.8276	86.6
plant_rice	leersia	SYN_GO0016787	molecular_function	other	50	41	0.82	87.7
plant_rice	leersia	SYN_GO0003676	molecular_function	other	48	43	0.8958	82.5
plant_rice	leersia	SYN_GO0003677	molecular_function	other	43	38	0.8837	82.3
plant_rice	leersia	SYN_GO0016772	molecular_function	other	40	38	0.95	93.0
plant_rice	leersia	SYN_GO0005737	cellular_component	other	243	209	0.8601	88.2
plant_rice	leersia	SYN_GO0016020	cellular_component	other	149	119	0.7987	89.7
plant_rice	leersia	SYN_GO0071944	cellular_component	other	84	67	0.7976	92.5
plant_rice	leersia	SYN_GO0005886	cellular_component	other	83	66	0.7952	92.65
plant_rice	leersia	SYN_GO0012505	cellular_component	other	57	50	0.8772	88.1
plant_rice	leersia	SYN_GO0031090	cellular_component	other	55	45	0.8182	88.2
plant_rice	maize	SYN_GO0008152	biological_process	conserved	235	192	0.817	82.15
plant_rice	maize	SYN_GO0044238	biological_process	conserved	173	143	0.8266	82.1
plant_rice	maize	SYN_GO0009058	biological_process	conserved	134	103	0.7687	81.7
plant_rice	maize	SYN_GO0043170	biological_process	conserved	104	92	0.8846	81.75
plant_rice	maize	SYN_GO0032502	biological_process	specific	147	129	0.8776	78.5
plant_rice	maize	SYN_GO0048856	biological_process	specific	146	128	0.8767	78.4
plant_rice	maize	SYN_GO0032501	biological_process	specific	146	128	0.8767	78.4
plant_rice	maize	SYN_GO0007275	biological_process	specific	136	118	0.8676	78.95
plant_rice	maize	SYN_GO0048731	biological_process	specific	101	90	0.8911	78.4
plant_rice	maize	SYN_GO0022414	biological_process	specific	91	80	0.8791	76.45
plant_rice	maize	SYN_GO0009791	biological_process	specific	84	72	0.8571	78.95
plant_rice	maize	SYN_GO0050794	biological_process	other	179	162	0.905	74.15
plant_rice	maize	SYN_GO0006950	biological_process	other	155	128	0.8258	78.75
plant_rice	maize	SYN_GO0042221	biological_process	other	138	121	0.8768	79.6
plant_rice	maize	SYN_GO0009628	biological_process	other	116	101	0.8707	79.1
plant_rice	maize	SYN_GO0048583	biological_process	other	111	96	0.8649	77.15
plant_rice	maize	SYN_GO1901700	biological_process	other	107	97	0.9065	78.5
plant_rice	maize	SYN_GO0019222	biological_process	other	100	90	0.9	67.5
plant_rice	maize	SYN_GO0071840	biological_process	other	99	83	0.8384	78.9
plant_rice	maize	SYN_GO0003006	biological_process	specific	71	62	0.8732	76.85
plant_rice	maize	SYN_GO0061458	biological_process	specific	68	59	0.8676	78.3
plant_rice	maize	SYN_GO0048608	biological_process	specific	68	59	0.8676	78.3
plant_rice	maize	SYN_GO0048367	biological_process	specific	67	59	0.8806	76.9
plant_rice	maize	SYN_GO0099402	biological_process	specific	59	52	0.8814	78.0
plant_rice	maize	SYN_GO0050793	biological_process	other	83	70	0.8434	74.85
plant_rice	maize	SYN_GO0009719	biological_process	other	78	71	0.9103	79.4
plant_rice	maize	SYN_GO0016043	biological_process	other	76	66	0.8684	79.0
plant_rice	maize	SYN_GO0051716	biological_process	other	72	61	0.8472	79.6
plant_rice	maize	SYN_GO0006355	biological_process	other	71	65	0.9155	65.5
plant_rice	maize	SYN_GO2001141	biological_process	other	71	65	0.9155	65.5
plant_rice	maize	SYN_GO0009266	biological_process	other	64	52	0.8125	77.7
plant_rice	maize	SYN_GO0051179	biological_process	other	58	48	0.8276	80.4
plant_rice	maize	SYN_GO0006629	biological_process	conserved	48	35	0.7292	81.0
plant_rice	maize	SYN_GO0009059	biological_process	conserved	47	40	0.8511	79.2
plant_rice	maize	SYN_GO0044281	biological_process	conserved	43	36	0.8372	84.25
plant_rice	maize	SYN_GO0005975	biological_process	conserved	42	33	0.7857	81.8
plant_rice	maize	SYN_GO0090567	biological_process	specific	50	42	0.84	76.85
plant_rice	maize	SYN_GO0009653	biological_process	specific	46	41	0.8913	76.3
plant_rice	maize	SYN_GO0009908	biological_process	specific	42	36	0.8571	75.35
plant_rice	maize	SYN_GO0044419	biological_process	other	55	41	0.7455	75.7
plant_rice	maize	SYN_GO0080134	biological_process	other	54	48	0.8889	79.95
plant_rice	maize	SYN_GO0043207	biological_process	other	52	39	0.75	74.8
plant_rice	maize	SYN_GO0009893	biological_process	other	45	39	0.8667	66.6
plant_rice	maize	SYN_GO0006952	biological_process	other	44	34	0.7727	77.3
plant_rice	maize	SYN_GO0010604	biological_process	other	42	36	0.8571	66.95
plant_rice	maize	SYN_GO0010646	biological_process	other	42	37	0.881	75.7
plant_rice	maize	SYN_GO0051239	biological_process	other	41	31	0.7561	72.8
plant_rice	maize	SYN_GO0016740	molecular_function	other	131	99	0.7557	80.9
plant_rice	maize	SYN_GO0016491	molecular_function	other	89	69	0.7753	83.8
plant_rice	maize	SYN_GO0140096	molecular_function	other	70	63	0.9	79.6
plant_rice	maize	SYN_GO0016746	molecular_function	other	58	43	0.7414	77.2
plant_rice	maize	SYN_GO0016787	molecular_function	other	50	44	0.88	80.25
plant_rice	maize	SYN_GO0003676	molecular_function	other	48	39	0.8125	71.7
plant_rice	maize	SYN_GO0003677	molecular_function	other	43	35	0.814	71.5
plant_rice	maize	SYN_GO0016772	molecular_function	other	40	31	0.775	84.6
plant_rice	maize	SYN_GO0005737	cellular_component	other	243	200	0.823	82.9
plant_rice	maize	SYN_GO0016020	cellular_component	other	149	118	0.7919	84.15
plant_rice	maize	SYN_GO0071944	cellular_component	other	84	69	0.8214	84.0
plant_rice	maize	SYN_GO0005886	cellular_component	other	83	68	0.8193	84.35
plant_rice	maize	SYN_GO0012505	cellular_component	other	57	48	0.8421	83.55
plant_rice	maize	SYN_GO0031090	cellular_component	other	55	44	0.8	85.6
plant_rice	marchantia	SYN_GO0008152	biological_process	conserved	235	84	0.3574	56.05
plant_rice	marchantia	SYN_GO0044238	biological_process	conserved	173	63	0.3642	57.4
plant_rice	marchantia	SYN_GO0009058	biological_process	conserved	134	47	0.3507	55.8
plant_rice	marchantia	SYN_GO0043170	biological_process	conserved	104	41	0.3942	51.2
plant_rice	marchantia	SYN_GO0032502	biological_process	specific	147	44	0.2993	46.3
plant_rice	marchantia	SYN_GO0048856	biological_process	specific	146	43	0.2945	45.7
plant_rice	marchantia	SYN_GO0032501	biological_process	specific	146	43	0.2945	46.9
plant_rice	marchantia	SYN_GO0007275	biological_process	specific	136	38	0.2794	47.55
plant_rice	marchantia	SYN_GO0048731	biological_process	specific	101	27	0.2673	49.1
plant_rice	marchantia	SYN_GO0022414	biological_process	specific	91	29	0.3187	49.1
plant_rice	marchantia	SYN_GO0009791	biological_process	specific	84	22	0.2619	49.1
plant_rice	marchantia	SYN_GO0050794	biological_process	other	179	39	0.2179	48.6
plant_rice	marchantia	SYN_GO0006950	biological_process	other	155	45	0.2903	55.1
plant_rice	marchantia	SYN_GO0042221	biological_process	other	138	35	0.2536	58.5
plant_rice	marchantia	SYN_GO0009628	biological_process	other	116	32	0.2759	60.1
plant_rice	marchantia	SYN_GO0048583	biological_process	other	111	26	0.2342	48.65
plant_rice	marchantia	SYN_GO1901700	biological_process	other	107	25	0.2336	55.9
plant_rice	marchantia	SYN_GO0019222	biological_process	other	100	19	0.19	43.3
plant_rice	marchantia	SYN_GO0071840	biological_process	other	99	37	0.3737	49.1
plant_rice	marchantia	SYN_GO0003006	biological_process	specific	71	21	0.2958	49.1
plant_rice	marchantia	SYN_GO0061458	biological_process	specific	68	19	0.2794	49.1
plant_rice	marchantia	SYN_GO0048608	biological_process	specific	68	19	0.2794	49.1
plant_rice	marchantia	SYN_GO0048367	biological_process	specific	67	14	0.209	46.3
plant_rice	marchantia	SYN_GO0099402	biological_process	specific	59	14	0.2373	50.25
plant_rice	marchantia	SYN_GO0050793	biological_process	other	83	14	0.1687	52.75
plant_rice	marchantia	SYN_GO0009719	biological_process	other	78	16	0.2051	60.6
plant_rice	marchantia	SYN_GO0016043	biological_process	other	76	34	0.4474	49.55
plant_rice	marchantia	SYN_GO0051716	biological_process	other	72	26	0.3611	56.25
plant_rice	marchantia	SYN_GO0006355	biological_process	other	71	6	0.0845	42.1
plant_rice	marchantia	SYN_GO2001141	biological_process	other	71	6	0.0845	42.1
plant_rice	marchantia	SYN_GO0009266	biological_process	other	64	17	0.2656	56.9
plant_rice	marchantia	SYN_GO0051179	biological_process	other	58	19	0.3276	59.0
plant_rice	marchantia	SYN_GO0006629	biological_process	conserved	48	11	0.2292	45.7
plant_rice	marchantia	SYN_GO0009059	biological_process	conserved	47	16	0.3404	54.6
plant_rice	marchantia	SYN_GO0044281	biological_process	conserved	43	19	0.4419	63.0
plant_rice	marchantia	SYN_GO0005975	biological_process	conserved	42	11	0.2619	68.0
plant_rice	marchantia	SYN_GO0090567	biological_process	specific	50	10	0.2	50.65
plant_rice	marchantia	SYN_GO0009653	biological_process	specific	46	13	0.2826	45.0
plant_rice	marchantia	SYN_GO0009908	biological_process	specific	42	8	0.1905	46.85
plant_rice	marchantia	SYN_GO0044419	biological_process	other	55	11	0.2	48.7
plant_rice	marchantia	SYN_GO0080134	biological_process	other	54	13	0.2407	56.6
plant_rice	marchantia	SYN_GO0043207	biological_process	other	52	9	0.1731	46.5
plant_rice	marchantia	SYN_GO0009893	biological_process	other	45	4	0.0889	56.0
plant_rice	marchantia	SYN_GO0006952	biological_process	other	44	10	0.2273	46.2
plant_rice	marchantia	SYN_GO0010604	biological_process	other	42	3	0.0714	54.3
plant_rice	marchantia	SYN_GO0010646	biological_process	other	42	7	0.1667	48.6
plant_rice	marchantia	SYN_GO0051239	biological_process	other	41	7	0.1707	41.4
plant_rice	marchantia	SYN_GO0016740	molecular_function	other	131	37	0.2824	51.9
plant_rice	marchantia	SYN_GO0016491	molecular_function	other	89	30	0.3371	60.15
plant_rice	marchantia	SYN_GO0140096	molecular_function	other	70	19	0.2714	58.3
plant_rice	marchantia	SYN_GO0016746	molecular_function	other	58	10	0.1724	50.55
plant_rice	marchantia	SYN_GO0016787	molecular_function	other	50	18	0.36	55.3
plant_rice	marchantia	SYN_GO0003676	molecular_function	other	48	6	0.125	53.75
plant_rice	marchantia	SYN_GO0003677	molecular_function	other	43	6	0.1395	53.75
plant_rice	marchantia	SYN_GO0016772	molecular_function	other	40	15	0.375	55.8
plant_rice	marchantia	SYN_GO0005737	cellular_component	other	243	78	0.321	59.3
plant_rice	marchantia	SYN_GO0016020	cellular_component	other	149	50	0.3356	58.2
plant_rice	marchantia	SYN_GO0071944	cellular_component	other	84	24	0.2857	59.95
plant_rice	marchantia	SYN_GO0005886	cellular_component	other	83	24	0.2892	59.95
plant_rice	marchantia	SYN_GO0012505	cellular_component	other	57	24	0.4211	56.1
plant_rice	marchantia	SYN_GO0031090	cellular_component	other	55	21	0.3818	58.9
plant_rice	moss	SYN_GO0008152	biological_process	conserved	235	84	0.3574	56.15
plant_rice	moss	SYN_GO0044238	biological_process	conserved	173	64	0.3699	56.15
plant_rice	moss	SYN_GO0009058	biological_process	conserved	134	47	0.3507	55.3
plant_rice	moss	SYN_GO0043170	biological_process	conserved	104	39	0.375	49.0
plant_rice	moss	SYN_GO0032502	biological_process	specific	147	40	0.2721	47.3
plant_rice	moss	SYN_GO0048856	biological_process	specific	146	39	0.2671	47.2
plant_rice	moss	SYN_GO0032501	biological_process	specific	146	39	0.2671	47.4
plant_rice	moss	SYN_GO0007275	biological_process	specific	136	35	0.2574	48.7
plant_rice	moss	SYN_GO0048731	biological_process	specific	101	25	0.2475	47.4
plant_rice	moss	SYN_GO0022414	biological_process	specific	91	26	0.2857	48.05
plant_rice	moss	SYN_GO0009791	biological_process	specific	84	21	0.25	50.7
plant_rice	moss	SYN_GO0050794	biological_process	other	179	46	0.257	46.3
plant_rice	moss	SYN_GO0006950	biological_process	other	155	41	0.2645	57.2
plant_rice	moss	SYN_GO0042221	biological_process	other	138	36	0.2609	58.65
plant_rice	moss	SYN_GO0009628	biological_process	other	116	29	0.25	60.7
plant_rice	moss	SYN_GO0048583	biological_process	other	111	26	0.2342	43.85
plant_rice	moss	SYN_GO1901700	biological_process	other	107	25	0.2336	53.9
plant_rice	moss	SYN_GO0019222	biological_process	other	100	23	0.23	41.3
plant_rice	moss	SYN_GO0071840	biological_process	other	99	40	0.404	49.1
plant_rice	moss	SYN_GO0003006	biological_process	specific	71	19	0.2676	47.4
plant_rice	moss	SYN_GO0061458	biological_process	specific	68	18	0.2647	49.05
plant_rice	moss	SYN_GO0048608	biological_process	specific	68	18	0.2647	49.05
plant_rice	moss	SYN_GO0048367	biological_process	specific	67	14	0.209	46.25
plant_rice	moss	SYN_GO0099402	biological_process	specific	59	12	0.2034	46.9
plant_rice	moss	SYN_GO0050793	biological_process	other	83	18	0.2169	45.55
plant_rice	moss	SYN_GO0009719	biological_process	other	78	16	0.2051	62.9
plant_rice	moss	SYN_GO0016043	biological_process	other	76	38	0.5	49.2
plant_rice	moss	SYN_GO0051716	biological_process	other	72	25	0.3472	53.9
plant_rice	moss	SYN_GO0006355	biological_process	other	71	11	0.1549	41.9
plant_rice	moss	SYN_GO2001141	biological_process	other	71	11	0.1549	41.9
plant_rice	moss	SYN_GO0009266	biological_process	other	64	14	0.2188	55.2
plant_rice	moss	SYN_GO0051179	biological_process	other	58	20	0.3448	58.4
plant_rice	moss	SYN_GO0006629	biological_process	conserved	48	13	0.2708	55.3
plant_rice	moss	SYN_GO0009059	biological_process	conserved	47	15	0.3191	47.4
plant_rice	moss	SYN_GO0044281	biological_process	conserved	43	20	0.4651	64.45
plant_rice	moss	SYN_GO0005975	biological_process	conserved	42	10	0.2381	67.7
plant_rice	moss	SYN_GO0090567	biological_process	specific	50	10	0.2	51.65
plant_rice	moss	SYN_GO0009653	biological_process	specific	46	14	0.3043	48.35
plant_rice	moss	SYN_GO0009908	biological_process	specific	42	8	0.1905	46.25
plant_rice	moss	SYN_GO0044419	biological_process	other	55	11	0.2	57.0
plant_rice	moss	SYN_GO0080134	biological_process	other	54	12	0.2222	54.8
plant_rice	moss	SYN_GO0043207	biological_process	other	52	9	0.1731	57.0
plant_rice	moss	SYN_GO0009893	biological_process	other	45	10	0.2222	42.6
plant_rice	moss	SYN_GO0006952	biological_process	other	44	7	0.1591	57.0
plant_rice	moss	SYN_GO0010604	biological_process	other	42	9	0.2143	41.9
plant_rice	moss	SYN_GO0010646	biological_process	other	42	7	0.1667	43.2
plant_rice	moss	SYN_GO0051239	biological_process	other	41	9	0.2195	42.8
plant_rice	moss	SYN_GO0016740	molecular_function	other	131	40	0.3053	50.95
plant_rice	moss	SYN_GO0016491	molecular_function	other	89	34	0.382	58.1
plant_rice	moss	SYN_GO0140096	molecular_function	other	70	24	0.3429	55.45
plant_rice	moss	SYN_GO0016746	molecular_function	other	58	13	0.2241	52.4
plant_rice	moss	SYN_GO0016787	molecular_function	other	50	19	0.38	55.6
plant_rice	moss	SYN_GO0003676	molecular_function	other	48	10	0.2083	43.2
plant_rice	moss	SYN_GO0003677	molecular_function	other	43	10	0.2326	43.2
plant_rice	moss	SYN_GO0016772	molecular_function	other	40	15	0.375	53.2
plant_rice	moss	SYN_GO0005737	cellular_component	other	243	82	0.3374	58.15
plant_rice	moss	SYN_GO0016020	cellular_component	other	149	40	0.2685	58.45
plant_rice	moss	SYN_GO0071944	cellular_component	other	84	17	0.2024	60.9
plant_rice	moss	SYN_GO0005886	cellular_component	other	83	17	0.2048	60.9
plant_rice	moss	SYN_GO0012505	cellular_component	other	57	22	0.386	54.55
plant_rice	moss	SYN_GO0031090	cellular_component	other	55	19	0.3455	55.6
plant_rice	o_barthii	SYN_GO0008152	biological_process	conserved	235	201	0.8553	98.7
plant_rice	o_barthii	SYN_GO0044238	biological_process	conserved	173	151	0.8728	98.3
plant_rice	o_barthii	SYN_GO0009058	biological_process	conserved	134	118	0.8806	98.4
plant_rice	o_barthii	SYN_GO0043170	biological_process	conserved	104	91	0.875	98.0
plant_rice	o_barthii	SYN_GO0032502	biological_process	specific	147	122	0.8299	98.5
plant_rice	o_barthii	SYN_GO0048856	biological_process	specific	146	121	0.8288	98.5
plant_rice	o_barthii	SYN_GO0032501	biological_process	specific	146	122	0.8356	98.45
plant_rice	o_barthii	SYN_GO0007275	biological_process	specific	136	112	0.8235	98.45
plant_rice	o_barthii	SYN_GO0048731	biological_process	specific	101	86	0.8515	98.55
plant_rice	o_barthii	SYN_GO0022414	biological_process	specific	91	76	0.8352	98.65
plant_rice	o_barthii	SYN_GO0009791	biological_process	specific	84	68	0.8095	98.9
plant_rice	o_barthii	SYN_GO0050794	biological_process	other	179	159	0.8883	98.6
plant_rice	o_barthii	SYN_GO0006950	biological_process	other	155	134	0.8645	99.25
plant_rice	o_barthii	SYN_GO0042221	biological_process	other	138	120	0.8696	99.15
plant_rice	o_barthii	SYN_GO0009628	biological_process	other	116	108	0.931	99.35
plant_rice	o_barthii	SYN_GO0048583	biological_process	other	111	101	0.9099	98.9
plant_rice	o_barthii	SYN_GO1901700	biological_process	other	107	95	0.8879	98.8
plant_rice	o_barthii	SYN_GO0019222	biological_process	other	100	90	0.9	98.6
plant_rice	o_barthii	SYN_GO0071840	biological_process	other	99	91	0.9192	98.4
plant_rice	o_barthii	SYN_GO0003006	biological_process	specific	71	58	0.8169	98.9
plant_rice	o_barthii	SYN_GO0061458	biological_process	specific	68	55	0.8088	98.9
plant_rice	o_barthii	SYN_GO0048608	biological_process	specific	68	55	0.8088	98.9
plant_rice	o_barthii	SYN_GO0048367	biological_process	specific	67	53	0.791	98.5
plant_rice	o_barthii	SYN_GO0099402	biological_process	specific	59	47	0.7966	98.7
plant_rice	o_barthii	SYN_GO0050793	biological_process	other	83	69	0.8313	98.6
plant_rice	o_barthii	SYN_GO0009719	biological_process	other	78	67	0.859	99.4
plant_rice	o_barthii	SYN_GO0016043	biological_process	other	76	71	0.9342	98.3
plant_rice	o_barthii	SYN_GO0051716	biological_process	other	72	59	0.8194	99.2
plant_rice	o_barthii	SYN_GO0006355	biological_process	other	71	61	0.8592	98.5
plant_rice	o_barthii	SYN_GO2001141	biological_process	other	71	61	0.8592	98.5
plant_rice	o_barthii	SYN_GO0009266	biological_process	other	64	60	0.9375	99.3
plant_rice	o_barthii	SYN_GO0051179	biological_process	other	58	49	0.8448	99.2
plant_rice	o_barthii	SYN_GO0006629	biological_process	conserved	48	40	0.8333	97.9
plant_rice	o_barthii	SYN_GO0009059	biological_process	conserved	47	42	0.8936	98.35
plant_rice	o_barthii	SYN_GO0044281	biological_process	conserved	43	39	0.907	99.4
plant_rice	o_barthii	SYN_GO0005975	biological_process	conserved	42	38	0.9048	99.0
plant_rice	o_barthii	SYN_GO0090567	biological_process	specific	50	37	0.74	99.1
plant_rice	o_barthii	SYN_GO0009653	biological_process	specific	46	37	0.8043	96.8
plant_rice	o_barthii	SYN_GO0009908	biological_process	specific	42	32	0.7619	99.1
plant_rice	o_barthii	SYN_GO0044419	biological_process	other	55	43	0.7818	99.1
plant_rice	o_barthii	SYN_GO0080134	biological_process	other	54	48	0.8889	99.1
plant_rice	o_barthii	SYN_GO0043207	biological_process	other	52	40	0.7692	99.05
plant_rice	o_barthii	SYN_GO0009893	biological_process	other	45	39	0.8667	98.3
plant_rice	o_barthii	SYN_GO0006952	biological_process	other	44	34	0.7727	99.15
plant_rice	o_barthii	SYN_GO0010604	biological_process	other	42	36	0.8571	98.3
plant_rice	o_barthii	SYN_GO0010646	biological_process	other	42	39	0.9286	99.1
plant_rice	o_barthii	SYN_GO0051239	biological_process	other	41	31	0.7561	97.3
plant_rice	o_barthii	SYN_GO0016740	molecular_function	other	131	112	0.855	98.45
plant_rice	o_barthii	SYN_GO0016491	molecular_function	other	89	76	0.8539	99.35
plant_rice	o_barthii	SYN_GO0140096	molecular_function	other	70	65	0.9286	99.0
plant_rice	o_barthii	SYN_GO0016746	molecular_function	other	58	49	0.8448	97.5
plant_rice	o_barthii	SYN_GO0016787	molecular_function	other	50	37	0.74	98.8
plant_rice	o_barthii	SYN_GO0003676	molecular_function	other	48	43	0.8958	98.6
plant_rice	o_barthii	SYN_GO0003677	molecular_function	other	43	39	0.907	98.6
plant_rice	o_barthii	SYN_GO0016772	molecular_function	other	40	34	0.85	99.4
plant_rice	o_barthii	SYN_GO0005737	cellular_component	other	243	219	0.9012	99.3
plant_rice	o_barthii	SYN_GO0016020	cellular_component	other	149	123	0.8255	99.3
plant_rice	o_barthii	SYN_GO0071944	cellular_component	other	84	68	0.8095	99.4
plant_rice	o_barthii	SYN_GO0005886	cellular_component	other	83	67	0.8072	99.4
plant_rice	o_barthii	SYN_GO0012505	cellular_component	other	57	52	0.9123	98.8
plant_rice	o_barthii	SYN_GO0031090	cellular_component	other	55	49	0.8909	99.2
plant_rice	o_brachyantha	SYN_GO0008152	biological_process	conserved	235	189	0.8043	91.8
plant_rice	o_brachyantha	SYN_GO0044238	biological_process	conserved	173	143	0.8266	92.4
plant_rice	o_brachyantha	SYN_GO0009058	biological_process	conserved	134	104	0.7761	91.45
plant_rice	o_brachyantha	SYN_GO0043170	biological_process	conserved	104	89	0.8558	92.0
plant_rice	o_brachyantha	SYN_GO0032502	biological_process	specific	147	121	0.8231	90.5
plant_rice	o_brachyantha	SYN_GO0048856	biological_process	specific	146	120	0.8219	90.4
plant_rice	o_brachyantha	SYN_GO0032501	biological_process	specific	146	122	0.8356	90.4
plant_rice	o_brachyantha	SYN_GO0007275	biological_process	specific	136	112	0.8235	90.4
plant_rice	o_brachyantha	SYN_GO0048731	biological_process	specific	101	83	0.8218	89.9
plant_rice	o_brachyantha	SYN_GO0022414	biological_process	specific	91	73	0.8022	91.2
plant_rice	o_brachyantha	SYN_GO0009791	biological_process	specific	84	66	0.7857	92.6
plant_rice	o_brachyantha	SYN_GO0050794	biological_process	other	179	149	0.8324	89.0
plant_rice	o_brachyantha	SYN_GO0006950	biological_process	other	155	127	0.8194	89.6
plant_rice	o_brachyantha	SYN_GO0042221	biological_process	other	138	109	0.7899	90.0
plant_rice	o_brachyantha	SYN_GO0009628	biological_process	other	116	98	0.8448	89.6
plant_rice	o_brachyantha	SYN_GO0048583	biological_process	other	111	92	0.8288	90.35
plant_rice	o_brachyantha	SYN_GO1901700	biological_process	other	107	87	0.8131	89.6
plant_rice	o_brachyantha	SYN_GO0019222	biological_process	other	100	84	0.84	86.05
plant_rice	o_brachyantha	SYN_GO0071840	biological_process	other	99	88	0.8889	91.1
plant_rice	o_brachyantha	SYN_GO0003006	biological_process	specific	71	55	0.7746	91.3
plant_rice	o_brachyantha	SYN_GO0061458	biological_process	specific	68	52	0.7647	92.2
plant_rice	o_brachyantha	SYN_GO0048608	biological_process	specific	68	52	0.7647	92.2
plant_rice	o_brachyantha	SYN_GO0048367	biological_process	specific	67	51	0.7612	90.3
plant_rice	o_brachyantha	SYN_GO0099402	biological_process	specific	59	48	0.8136	89.1
plant_rice	o_brachyantha	SYN_GO0050793	biological_process	other	83	60	0.7229	89.35
plant_rice	o_brachyantha	SYN_GO0009719	biological_process	other	78	62	0.7949	89.8
plant_rice	o_brachyantha	SYN_GO0016043	biological_process	other	76	68	0.8947	90.8
plant_rice	o_brachyantha	SYN_GO0051716	biological_process	other	72	60	0.8333	90.8
plant_rice	o_brachyantha	SYN_GO0006355	biological_process	other	71	57	0.8028	81.5
plant_rice	o_brachyantha	SYN_GO2001141	biological_process	other	71	57	0.8028	81.5
plant_rice	o_brachyantha	SYN_GO0009266	biological_process	other	64	51	0.7969	88.9
plant_rice	o_brachyantha	SYN_GO0051179	biological_process	other	58	52	0.8966	92.4
plant_rice	o_brachyantha	SYN_GO0006629	biological_process	conserved	48	35	0.7292	90.1
plant_rice	o_brachyantha	SYN_GO0009059	biological_process	conserved	47	40	0.8511	91.85
plant_rice	o_brachyantha	SYN_GO0044281	biological_process	conserved	43	37	0.8605	92.5
plant_rice	o_brachyantha	SYN_GO0005975	biological_process	conserved	42	36	0.8571	93.15
plant_rice	o_brachyantha	SYN_GO0090567	biological_process	specific	50	36	0.72	91.25
plant_rice	o_brachyantha	SYN_GO0009653	biological_process	specific	46	36	0.7826	90.05
plant_rice	o_brachyantha	SYN_GO0009908	biological_process	specific	42	31	0.7381	91.2
plant_rice	o_brachyantha	SYN_GO0044419	biological_process	other	55	44	0.8	89.3
plant_rice	o_brachyantha	SYN_GO0080134	biological_process	other	54	47	0.8704	90.4
plant_rice	o_brachyantha	SYN_GO0043207	biological_process	other	52	41	0.7885	89.2
plant_rice	o_brachyantha	SYN_GO0009893	biological_process	other	45	36	0.8	83.75
plant_rice	o_brachyantha	SYN_GO0006952	biological_process	other	44	34	0.7727	89.1
plant_rice	o_brachyantha	SYN_GO0010604	biological_process	other	42	34	0.8095	83.75
plant_rice	o_brachyantha	SYN_GO0010646	biological_process	other	42	33	0.7857	88.0
plant_rice	o_brachyantha	SYN_GO0051239	biological_process	other	41	26	0.6341	89.1
plant_rice	o_brachyantha	SYN_GO0016740	molecular_function	other	131	105	0.8015	91.1
plant_rice	o_brachyantha	SYN_GO0016491	molecular_function	other	89	72	0.809	92.6
plant_rice	o_brachyantha	SYN_GO0140096	molecular_function	other	70	61	0.8714	91.2
plant_rice	o_brachyantha	SYN_GO0016746	molecular_function	other	58	44	0.7586	90.0
plant_rice	o_brachyantha	SYN_GO0016787	molecular_function	other	50	43	0.86	90.1
plant_rice	o_brachyantha	SYN_GO0003676	molecular_function	other	48	36	0.75	86.3
plant_rice	o_brachyantha	SYN_GO0003677	molecular_function	other	43	32	0.7442	86.3
plant_rice	o_brachyantha	SYN_GO0016772	molecular_function	other	40	36	0.9	94.2
plant_rice	o_brachyantha	SYN_GO0005737	cellular_component	other	243	196	0.8066	92.7
plant_rice	o_brachyantha	SYN_GO0016020	cellular_component	other	149	117	0.7852	92.5
plant_rice	o_brachyantha	SYN_GO0071944	cellular_component	other	84	65	0.7738	93.4
plant_rice	o_brachyantha	SYN_GO0005886	cellular_component	other	83	65	0.7831	93.4
plant_rice	o_brachyantha	SYN_GO0012505	cellular_component	other	57	48	0.8421	91.9
plant_rice	o_brachyantha	SYN_GO0031090	cellular_component	other	55	44	0.8	92.3
plant_rice	o_glaberrima	SYN_GO0008152	biological_process	conserved	235	216	0.9191	99.5
plant_rice	o_glaberrima	SYN_GO0044238	biological_process	conserved	173	159	0.9191	99.5
plant_rice	o_glaberrima	SYN_GO0009058	biological_process	conserved	134	123	0.9179	99.5
plant_rice	o_glaberrima	SYN_GO0043170	biological_process	conserved	104	97	0.9327	99.5
plant_rice	o_glaberrima	SYN_GO0032502	biological_process	specific	147	127	0.8639	99.4
plant_rice	o_glaberrima	SYN_GO0048856	biological_process	specific	146	126	0.863	99.35
plant_rice	o_glaberrima	SYN_GO0032501	biological_process	specific	146	126	0.863	99.4
plant_rice	o_glaberrima	SYN_GO0007275	biological_process	specific	136	117	0.8603	99.3
plant_rice	o_glaberrima	SYN_GO0048731	biological_process	specific	101	86	0.8515	99.1
plant_rice	o_glaberrima	SYN_GO0022414	biological_process	specific	91	78	0.8571	99.15
plant_rice	o_glaberrima	SYN_GO0009791	biological_process	specific	84	72	0.8571	99.3
plant_rice	o_glaberrima	SYN_GO0050794	biological_process	other	179	154	0.8603	99.4
plant_rice	o_glaberrima	SYN_GO0006950	biological_process	other	155	136	0.8774	99.5
plant_rice	o_glaberrima	SYN_GO0042221	biological_process	other	138	121	0.8768	99.5
plant_rice	o_glaberrima	SYN_GO0009628	biological_process	other	116	101	0.8707	99.6
plant_rice	o_glaberrima	SYN_GO0048583	biological_process	other	111	100	0.9009	99.25
plant_rice	o_glaberrima	SYN_GO1901700	biological_process	other	107	94	0.8785	99.5
plant_rice	o_glaberrima	SYN_GO0019222	biological_process	other	100	87	0.87	99.4
plant_rice	o_glaberrima	SYN_GO0071840	biological_process	other	99	88	0.8889	99.4
plant_rice	o_glaberrima	SYN_GO0003006	biological_process	specific	71	60	0.8451	99.15
plant_rice	o_glaberrima	SYN_GO0061458	biological_process	specific	68	58	0.8529	99.1
plant_rice	o_glaberrima	SYN_GO0048608	biological_process	specific	68	58	0.8529	99.1
plant_rice	o_glaberrima	SYN_GO0048367	biological_process	specific	67	54	0.806	98.85
plant_rice	o_glaberrima	SYN_GO0099402	biological_process	specific	59	51	0.8644	98.9
plant_rice	o_glaberrima	SYN_GO0050793	biological_process	other	83	70	0.8434	99.0
plant_rice	o_glaberrima	SYN_GO0009719	biological_process	other	78	69	0.8846	99.5
plant_rice	o_glaberrima	SYN_GO0016043	biological_process	other	76	67	0.8816	99.3
plant_rice	o_glaberrima	SYN_GO0051716	biological_process	other	72	62	0.8611	99.55
plant_rice	o_glaberrima	SYN_GO0006355	biological_process	other	71	60	0.8451	99.15
plant_rice	o_glaberrima	SYN_GO2001141	biological_process	other	71	60	0.8451	99.15
plant_rice	o_glaberrima	SYN_GO0009266	biological_process	other	64	55	0.8594	99.5
plant_rice	o_glaberrima	SYN_GO0051179	biological_process	other	58	51	0.8793	99.6
plant_rice	o_glaberrima	SYN_GO0006629	biological_process	conserved	48	42	0.875	99.4
plant_rice	o_glaberrima	SYN_GO0009059	biological_process	conserved	47	45	0.9574	99.4
plant_rice	o_glaberrima	SYN_GO0044281	biological_process	conserved	43	41	0.9535	99.7
plant_rice	o_glaberrima	SYN_GO0005975	biological_process	conserved	42	39	0.9286	99.5
plant_rice	o_glaberrima	SYN_GO0090567	biological_process	specific	50	41	0.82	99.1
plant_rice	o_glaberrima	SYN_GO0009653	biological_process	specific	46	41	0.8913	99.4
plant_rice	o_glaberrima	SYN_GO0009908	biological_process	specific	42	35	0.8333	99.1
plant_rice	o_glaberrima	SYN_GO0044419	biological_process	other	55	50	0.9091	99.2
plant_rice	o_glaberrima	SYN_GO0080134	biological_process	other	54	49	0.9074	99.5
plant_rice	o_glaberrima	SYN_GO0043207	biological_process	other	52	47	0.9038	99.2
plant_rice	o_glaberrima	SYN_GO0009893	biological_process	other	45	37	0.8222	99.2
plant_rice	o_glaberrima	SYN_GO0006952	biological_process	other	44	40	0.9091	99.4
plant_rice	o_glaberrima	SYN_GO0010604	biological_process	other	42	34	0.8095	99.15
plant_rice	o_glaberrima	SYN_GO0010646	biological_process	other	42	38	0.9048	99.4
plant_rice	o_glaberrima	SYN_GO0051239	biological_process	other	41	34	0.8293	98.3
plant_rice	o_glaberrima	SYN_GO0016740	molecular_function	other	131	117	0.8931	99.6
plant_rice	o_glaberrima	SYN_GO0016491	molecular_function	other	89	81	0.9101	99.4
plant_rice	o_glaberrima	SYN_GO0140096	molecular_function	other	70	65	0.9286	99.6
plant_rice	o_glaberrima	SYN_GO0016746	molecular_function	other	58	51	0.8793	99.5
plant_rice	o_glaberrima	SYN_GO0016787	molecular_function	other	50	46	0.92	99.25
plant_rice	o_glaberrima	SYN_GO0003676	molecular_function	other	48	39	0.8125	99.2
plant_rice	o_glaberrima	SYN_GO0003677	molecular_function	other	43	35	0.814	99.2
plant_rice	o_glaberrima	SYN_GO0016772	molecular_function	other	40	36	0.9	99.55
plant_rice	o_glaberrima	SYN_GO0005737	cellular_component	other	243	215	0.8848	99.5
plant_rice	o_glaberrima	SYN_GO0016020	cellular_component	other	149	131	0.8792	99.7
plant_rice	o_glaberrima	SYN_GO0071944	cellular_component	other	84	74	0.881	99.7
plant_rice	o_glaberrima	SYN_GO0005886	cellular_component	other	83	73	0.8795	99.7
plant_rice	o_glaberrima	SYN_GO0012505	cellular_component	other	57	46	0.807	99.5
plant_rice	o_glaberrima	SYN_GO0031090	cellular_component	other	55	46	0.8364	99.6
plant_rice	o_nivara	SYN_GO0008152	biological_process	conserved	235	213	0.9064	99.3
plant_rice	o_nivara	SYN_GO0044238	biological_process	conserved	173	157	0.9075	99.3
plant_rice	o_nivara	SYN_GO0009058	biological_process	conserved	134	125	0.9328	99.2
plant_rice	o_nivara	SYN_GO0043170	biological_process	conserved	104	96	0.9231	99.3
plant_rice	o_nivara	SYN_GO0032502	biological_process	specific	147	132	0.898	99.1
plant_rice	o_nivara	SYN_GO0048856	biological_process	specific	146	131	0.8973	99.1
plant_rice	o_nivara	SYN_GO0032501	biological_process	specific	146	131	0.8973	99.2
plant_rice	o_nivara	SYN_GO0007275	biological_process	specific	136	121	0.8897	99.1
plant_rice	o_nivara	SYN_GO0048731	biological_process	specific	101	91	0.901	99.3
plant_rice	o_nivara	SYN_GO0022414	biological_process	specific	91	82	0.9011	99.35
plant_rice	o_nivara	SYN_GO0009791	biological_process	specific	84	75	0.8929	99.6
plant_rice	o_nivara	SYN_GO0050794	biological_process	other	179	170	0.9497	99.45
plant_rice	o_nivara	SYN_GO0006950	biological_process	other	155	141	0.9097	99.4
plant_rice	o_nivara	SYN_GO0042221	biological_process	other	138	120	0.8696	99.5
plant_rice	o_nivara	SYN_GO0009628	biological_process	other	116	108	0.931	99.5
plant_rice	o_nivara	SYN_GO0048583	biological_process	other	111	105	0.9459	99.4
plant_rice	o_nivara	SYN_GO1901700	biological_process	other	107	96	0.8972	99.4
plant_rice	o_nivara	SYN_GO0019222	biological_process	other	100	95	0.95	99.3
plant_rice	o_nivara	SYN_GO0071840	biological_process	other	99	91	0.9192	99.4
plant_rice	o_nivara	SYN_GO0003006	biological_process	specific	71	64	0.9014	99.4
plant_rice	o_nivara	SYN_GO0061458	biological_process	specific	68	61	0.8971	99.4
plant_rice	o_nivara	SYN_GO0048608	biological_process	specific	68	61	0.8971	99.4
plant_rice	o_nivara	SYN_GO0048367	biological_process	specific	67	58	0.8657	99.25
plant_rice	o_nivara	SYN_GO0099402	biological_process	specific	59	53	0.8983	99.3
plant_rice	o_nivara	SYN_GO0050793	biological_process	other	83	78	0.9398	99.4
plant_rice	o_nivara	SYN_GO0009719	biological_process	other	78	71	0.9103	99.6
plant_rice	o_nivara	SYN_GO0016043	biological_process	other	76	69	0.9079	99.3
plant_rice	o_nivara	SYN_GO0051716	biological_process	other	72	63	0.875	99.5
plant_rice	o_nivara	SYN_GO0006355	biological_process	other	71	68	0.9577	99.4
plant_rice	o_nivara	SYN_GO2001141	biological_process	other	71	68	0.9577	99.4
plant_rice	o_nivara	SYN_GO0009266	biological_process	other	64	61	0.9531	99.4
plant_rice	o_nivara	SYN_GO0051179	biological_process	other	58	56	0.9655	99.5
plant_rice	o_nivara	SYN_GO0006629	biological_process	conserved	48	41	0.8542	98.0
plant_rice	o_nivara	SYN_GO0009059	biological_process	conserved	47	46	0.9787	99.4
plant_rice	o_nivara	SYN_GO0044281	biological_process	conserved	43	39	0.907	99.5
plant_rice	o_nivara	SYN_GO0005975	biological_process	conserved	42	40	0.9524	99.55
plant_rice	o_nivara	SYN_GO0090567	biological_process	specific	50	43	0.86	99.4
plant_rice	o_nivara	SYN_GO0009653	biological_process	specific	46	42	0.913	99.15
plant_rice	o_nivara	SYN_GO0009908	biological_process	specific	42	36	0.8571	99.5
plant_rice	o_nivara	SYN_GO0044419	biological_process	other	55	51	0.9273	99.1
plant_rice	o_nivara	SYN_GO0080134	biological_process	other	54	49	0.9074	99.5
plant_rice	o_nivara	SYN_GO0043207	biological_process	other	52	48	0.9231	99.1
plant_rice	o_nivara	SYN_GO0009893	biological_process	other	45	42	0.9333	99.4
plant_rice	o_nivara	SYN_GO0006952	biological_process	other	44	40	0.9091	99.05
plant_rice	o_nivara	SYN_GO0010604	biological_process	other	42	39	0.9286	99.3
plant_rice	o_nivara	SYN_GO0010646	biological_process	other	42	40	0.9524	99.5
plant_rice	o_nivara	SYN_GO0051239	biological_process	other	41	38	0.9268	98.9
plant_rice	o_nivara	SYN_GO0016740	molecular_function	other	131	114	0.8702	99.4
plant_rice	o_nivara	SYN_GO0016491	molecular_function	other	89	81	0.9101	99.4
plant_rice	o_nivara	SYN_GO0140096	molecular_function	other	70	64	0.9143	99.4
plant_rice	o_nivara	SYN_GO0016746	molecular_function	other	58	51	0.8793	99.1
plant_rice	o_nivara	SYN_GO0016787	molecular_function	other	50	43	0.86	99.1
plant_rice	o_nivara	SYN_GO0003676	molecular_function	other	48	45	0.9375	99.3
plant_rice	o_nivara	SYN_GO0003677	molecular_function	other	43	41	0.9535	99.3
plant_rice	o_nivara	SYN_GO0016772	molecular_function	other	40	35	0.875	99.6
plant_rice	o_nivara	SYN_GO0005737	cellular_component	other	243	218	0.8971	99.6
plant_rice	o_nivara	SYN_GO0016020	cellular_component	other	149	131	0.8792	99.7
plant_rice	o_nivara	SYN_GO0071944	cellular_component	other	84	73	0.869	99.5
plant_rice	o_nivara	SYN_GO0005886	cellular_component	other	83	72	0.8675	99.5
plant_rice	o_nivara	SYN_GO0012505	cellular_component	other	57	53	0.9298	99.6
plant_rice	o_nivara	SYN_GO0031090	cellular_component	other	55	50	0.9091	99.7
plant_rice	o_punctata	SYN_GO0008152	biological_process	conserved	235	207	0.8809	94.4
plant_rice	o_punctata	SYN_GO0044238	biological_process	conserved	173	153	0.8844	94.4
plant_rice	o_punctata	SYN_GO0009058	biological_process	conserved	134	122	0.9104	94.4
plant_rice	o_punctata	SYN_GO0043170	biological_process	conserved	104	94	0.9038	94.1
plant_rice	o_punctata	SYN_GO0032502	biological_process	specific	147	130	0.8844	93.7
plant_rice	o_punctata	SYN_GO0048856	biological_process	specific	146	129	0.8836	93.6
plant_rice	o_punctata	SYN_GO0032501	biological_process	specific	146	129	0.8836	93.6
plant_rice	o_punctata	SYN_GO0007275	biological_process	specific	136	119	0.875	93.6
plant_rice	o_punctata	SYN_GO0048731	biological_process	specific	101	89	0.8812	93.2
plant_rice	o_punctata	SYN_GO0022414	biological_process	specific	91	79	0.8681	93.2
plant_rice	o_punctata	SYN_GO0009791	biological_process	specific	84	73	0.869	94.3
plant_rice	o_punctata	SYN_GO0050794	biological_process	other	179	168	0.9385	92.95
plant_rice	o_punctata	SYN_GO0006950	biological_process	other	155	133	0.8581	93.6
plant_rice	o_punctata	SYN_GO0042221	biological_process	other	138	122	0.8841	94.5
plant_rice	o_punctata	SYN_GO0009628	biological_process	other	116	103	0.8879	94.0
plant_rice	o_punctata	SYN_GO0048583	biological_process	other	111	102	0.9189	92.9
plant_rice	o_punctata	SYN_GO1901700	biological_process	other	107	96	0.8972	94.25
plant_rice	o_punctata	SYN_GO0019222	biological_process	other	100	92	0.92	91.45
plant_rice	o_punctata	SYN_GO0071840	biological_process	other	99	89	0.899	93.9
plant_rice	o_punctata	SYN_GO0003006	biological_process	specific	71	62	0.8732	93.4
plant_rice	o_punctata	SYN_GO0061458	biological_process	specific	68	59	0.8676	93.4
plant_rice	o_punctata	SYN_GO0048608	biological_process	specific	68	59	0.8676	93.4
plant_rice	o_punctata	SYN_GO0048367	biological_process	specific	67	59	0.8806	93.2
plant_rice	o_punctata	SYN_GO0099402	biological_process	specific	59	50	0.8475	92.95
plant_rice	o_punctata	SYN_GO0050793	biological_process	other	83	75	0.9036	92.4
plant_rice	o_punctata	SYN_GO0009719	biological_process	other	78	70	0.8974	94.75
plant_rice	o_punctata	SYN_GO0016043	biological_process	other	76	68	0.8947	93.8
plant_rice	o_punctata	SYN_GO0051716	biological_process	other	72	66	0.9167	94.4
plant_rice	o_punctata	SYN_GO0006355	biological_process	other	71	64	0.9014	90.55
plant_rice	o_punctata	SYN_GO2001141	biological_process	other	71	64	0.9014	90.55
plant_rice	o_punctata	SYN_GO0009266	biological_process	other	64	54	0.8438	94.65
plant_rice	o_punctata	SYN_GO0051179	biological_process	other	58	52	0.8966	94.65
plant_rice	o_punctata	SYN_GO0006629	biological_process	conserved	48	41	0.8542	93.8
plant_rice	o_punctata	SYN_GO0009059	biological_process	conserved	47	45	0.9574	93.9
plant_rice	o_punctata	SYN_GO0044281	biological_process	conserved	43	39	0.907	95.1
plant_rice	o_punctata	SYN_GO0005975	biological_process	conserved	42	37	0.881	95.2
plant_rice	o_punctata	SYN_GO0090567	biological_process	specific	50	42	0.84	93.2
plant_rice	o_punctata	SYN_GO0009653	biological_process	specific	46	39	0.8478	93.2
plant_rice	o_punctata	SYN_GO0009908	biological_process	specific	42	35	0.8333	93.2
plant_rice	o_punctata	SYN_GO0044419	biological_process	other	55	48	0.8727	91.85
plant_rice	o_punctata	SYN_GO0080134	biological_process	other	54	47	0.8704	92.7
plant_rice	o_punctata	SYN_GO0043207	biological_process	other	52	45	0.8654	91.8
plant_rice	o_punctata	SYN_GO0009893	biological_process	other	45	39	0.8667	91.0
plant_rice	o_punctata	SYN_GO0006952	biological_process	other	44	37	0.8409	91.9
plant_rice	o_punctata	SYN_GO0010604	biological_process	other	42	36	0.8571	90.9
plant_rice	o_punctata	SYN_GO0010646	biological_process	other	42	40	0.9524	93.9
plant_rice	o_punctata	SYN_GO0051239	biological_process	other	41	35	0.8537	91.0
plant_rice	o_punctata	SYN_GO0016740	molecular_function	other	131	110	0.8397	93.85
plant_rice	o_punctata	SYN_GO0016491	molecular_function	other	89	73	0.8202	94.4
plant_rice	o_punctata	SYN_GO0140096	molecular_function	other	70	63	0.9	94.4
plant_rice	o_punctata	SYN_GO0016746	molecular_function	other	58	49	0.8448	93.7
plant_rice	o_punctata	SYN_GO0016787	molecular_function	other	50	46	0.92	93.25
plant_rice	o_punctata	SYN_GO0003676	molecular_function	other	48	43	0.8958	91.8
plant_rice	o_punctata	SYN_GO0003677	molecular_function	other	43	39	0.907	91.8
plant_rice	o_punctata	SYN_GO0016772	molecular_function	other	40	32	0.8	95.45
plant_rice	o_punctata	SYN_GO0005737	cellular_component	other	243	217	0.893	94.4
plant_rice	o_punctata	SYN_GO0016020	cellular_component	other	149	128	0.8591	94.75
plant_rice	o_punctata	SYN_GO0071944	cellular_component	other	84	72	0.8571	96.5
plant_rice	o_punctata	SYN_GO0005886	cellular_component	other	83	71	0.8554	96.5
plant_rice	o_punctata	SYN_GO0012505	cellular_component	other	57	52	0.9123	94.55
plant_rice	o_punctata	SYN_GO0031090	cellular_component	other	55	47	0.8545	94.4
plant_rice	o_rufipogon	SYN_GO0008152	biological_process	conserved	235	213	0.9064	99.7
plant_rice	o_rufipogon	SYN_GO0044238	biological_process	conserved	173	154	0.8902	99.7
plant_rice	o_rufipogon	SYN_GO0009058	biological_process	conserved	134	121	0.903	99.6
plant_rice	o_rufipogon	SYN_GO0043170	biological_process	conserved	104	95	0.9135	99.6
plant_rice	o_rufipogon	SYN_GO0032502	biological_process	specific	147	131	0.8912	99.9
plant_rice	o_rufipogon	SYN_GO0048856	biological_process	specific	146	130	0.8904	99.9
plant_rice	o_rufipogon	SYN_GO0032501	biological_process	specific	146	130	0.8904	99.85
plant_rice	o_rufipogon	SYN_GO0007275	biological_process	specific	136	120	0.8824	99.9
plant_rice	o_rufipogon	SYN_GO0048731	biological_process	specific	101	90	0.8911	100.0
plant_rice	o_rufipogon	SYN_GO0022414	biological_process	specific	91	81	0.8901	99.8
plant_rice	o_rufipogon	SYN_GO0009791	biological_process	specific	84	73	0.869	100.0
plant_rice	o_rufipogon	SYN_GO0050794	biological_process	other	179	169	0.9441	99.7
plant_rice	o_rufipogon	SYN_GO0006950	biological_process	other	155	140	0.9032	99.7
plant_rice	o_rufipogon	SYN_GO0042221	biological_process	other	138	120	0.8696	99.8
plant_rice	o_rufipogon	SYN_GO0009628	biological_process	other	116	108	0.931	99.95
plant_rice	o_rufipogon	SYN_GO0048583	biological_process	other	111	105	0.9459	99.7
plant_rice	o_rufipogon	SYN_GO1901700	biological_process	other	107	96	0.8972	99.8
plant_rice	o_rufipogon	SYN_GO0019222	biological_process	other	100	94	0.94	99.7
plant_rice	o_rufipogon	SYN_GO0071840	biological_process	other	99	93	0.9394	99.5
plant_rice	o_rufipogon	SYN_GO0003006	biological_process	specific	71	62	0.8732	100.0
plant_rice	o_rufipogon	SYN_GO0061458	biological_process	specific	68	59	0.8676	100.0
plant_rice	o_rufipogon	SYN_GO0048608	biological_process	specific	68	59	0.8676	100.0
plant_rice	o_rufipogon	SYN_GO0048367	biological_process	specific	67	57	0.8507	100.0
plant_rice	o_rufipogon	SYN_GO0099402	biological_process	specific	59	51	0.8644	100.0
plant_rice	o_rufipogon	SYN_GO0050793	biological_process	other	83	76	0.9157	99.8
plant_rice	o_rufipogon	SYN_GO0009719	biological_process	other	78	71	0.9103	100.0
plant_rice	o_rufipogon	SYN_GO0016043	biological_process	other	76	71	0.9342	99.6
plant_rice	o_rufipogon	SYN_GO0051716	biological_process	other	72	63	0.875	99.8
plant_rice	o_rufipogon	SYN_GO0006355	biological_process	other	71	66	0.9296	99.75
plant_rice	o_rufipogon	SYN_GO2001141	biological_process	other	71	66	0.9296	99.75
plant_rice	o_rufipogon	SYN_GO0009266	biological_process	other	64	60	0.9375	100.0
plant_rice	o_rufipogon	SYN_GO0051179	biological_process	other	58	54	0.931	99.9
plant_rice	o_rufipogon	SYN_GO0006629	biological_process	conserved	48	39	0.8125	99.7
plant_rice	o_rufipogon	SYN_GO0009059	biological_process	conserved	47	44	0.9362	99.2
plant_rice	o_rufipogon	SYN_GO0044281	biological_process	conserved	43	40	0.9302	99.75
plant_rice	o_rufipogon	SYN_GO0005975	biological_process	conserved	42	40	0.9524	99.55
plant_rice	o_rufipogon	SYN_GO0090567	biological_process	specific	50	41	0.82	100.0
plant_rice	o_rufipogon	SYN_GO0009653	biological_process	specific	46	40	0.8696	100.0
plant_rice	o_rufipogon	SYN_GO0009908	biological_process	specific	42	35	0.8333	100.0
plant_rice	o_rufipogon	SYN_GO0044419	biological_process	other	55	51	0.9273	99.6
plant_rice	o_rufipogon	SYN_GO0080134	biological_process	other	54	49	0.9074	99.9
plant_rice	o_rufipogon	SYN_GO0043207	biological_process	other	52	48	0.9231	99.6
plant_rice	o_rufipogon	SYN_GO0009893	biological_process	other	45	40	0.8889	99.6
plant_rice	o_rufipogon	SYN_GO0006952	biological_process	other	44	40	0.9091	99.55
plant_rice	o_rufipogon	SYN_GO0010604	biological_process	other	42	37	0.881	99.6
plant_rice	o_rufipogon	SYN_GO0010646	biological_process	other	42	41	0.9762	99.8
plant_rice	o_rufipogon	SYN_GO0051239	biological_process	other	41	36	0.878	99.75
plant_rice	o_rufipogon	SYN_GO0016740	molecular_function	other	131	121	0.9237	99.7
plant_rice	o_rufipogon	SYN_GO0016491	molecular_function	other	89	78	0.8764	99.8
plant_rice	o_rufipogon	SYN_GO0140096	molecular_function	other	70	64	0.9143	99.9
plant_rice	o_rufipogon	SYN_GO0016746	molecular_function	other	58	54	0.931	99.6
plant_rice	o_rufipogon	SYN_GO0016787	molecular_function	other	50	43	0.86	99.7
plant_rice	o_rufipogon	SYN_GO0003676	molecular_function	other	48	43	0.8958	99.8
plant_rice	o_rufipogon	SYN_GO0003677	molecular_function	other	43	39	0.907	99.8
plant_rice	o_rufipogon	SYN_GO0016772	molecular_function	other	40	37	0.925	99.8
plant_rice	o_rufipogon	SYN_GO0005737	cellular_component	other	243	222	0.9136	99.8
plant_rice	o_rufipogon	SYN_GO0016020	cellular_component	other	149	132	0.8859	100.0
plant_rice	o_rufipogon	SYN_GO0071944	cellular_component	other	84	75	0.8929	100.0
plant_rice	o_rufipogon	SYN_GO0005886	cellular_component	other	83	74	0.8916	100.0
plant_rice	o_rufipogon	SYN_GO0012505	cellular_component	other	57	57	1.0	99.8
plant_rice	o_rufipogon	SYN_GO0031090	cellular_component	other	55	51	0.9273	99.8
plant_rice	poplar	SYN_GO0008152	biological_process	conserved	235	147	0.6255	65.5
plant_rice	poplar	SYN_GO0044238	biological_process	conserved	173	110	0.6358	65.0
plant_rice	poplar	SYN_GO0009058	biological_process	conserved	134	80	0.597	63.95
plant_rice	poplar	SYN_GO0043170	biological_process	conserved	104	69	0.6635	62.4
plant_rice	poplar	SYN_GO0032502	biological_process	specific	147	94	0.6395	61.4
plant_rice	poplar	SYN_GO0048856	biological_process	specific	146	93	0.637	61.1
plant_rice	poplar	SYN_GO0032501	biological_process	specific	146	92	0.6301	61.85
plant_rice	poplar	SYN_GO0007275	biological_process	specific	136	84	0.6176	62.7
plant_rice	poplar	SYN_GO0048731	biological_process	specific	101	60	0.5941	63.05
plant_rice	poplar	SYN_GO0022414	biological_process	specific	91	54	0.5934	62.45
plant_rice	poplar	SYN_GO0009791	biological_process	specific	84	50	0.5952	62.45
plant_rice	poplar	SYN_GO0050794	biological_process	other	179	98	0.5475	56.2
plant_rice	poplar	SYN_GO0006950	biological_process	other	155	83	0.5355	64.5
plant_rice	poplar	SYN_GO0042221	biological_process	other	138	72	0.5217	65.35
plant_rice	poplar	SYN_GO0009628	biological_process	other	116	68	0.5862	66.7
plant_rice	poplar	SYN_GO0048583	biological_process	other	111	64	0.5766	58.25
plant_rice	poplar	SYN_GO1901700	biological_process	other	107	59	0.5514	63.4
plant_rice	poplar	SYN_GO0019222	biological_process	other	100	56	0.56	50.65
plant_rice	poplar	SYN_GO0071840	biological_process	other	99	66	0.6667	63.65
plant_rice	poplar	SYN_GO0003006	biological_process	specific	71	42	0.5915	60.2
plant_rice	poplar	SYN_GO0061458	biological_process	specific	68	39	0.5735	61.7
plant_rice	poplar	SYN_GO0048608	biological_process	specific	68	39	0.5735	61.7
plant_rice	poplar	SYN_GO0048367	biological_process	specific	67	38	0.5672	62.3
plant_rice	poplar	SYN_GO0099402	biological_process	specific	59	35	0.5932	59.5
plant_rice	poplar	SYN_GO0050793	biological_process	other	83	41	0.494	59.9
plant_rice	poplar	SYN_GO0009719	biological_process	other	78	44	0.5641	60.0
plant_rice	poplar	SYN_GO0016043	biological_process	other	76	55	0.7237	64.7
plant_rice	poplar	SYN_GO0051716	biological_process	other	72	42	0.5833	62.95
plant_rice	poplar	SYN_GO0006355	biological_process	other	71	35	0.493	47.7
plant_rice	poplar	SYN_GO2001141	biological_process	other	71	35	0.493	47.7
plant_rice	poplar	SYN_GO0009266	biological_process	other	64	38	0.5938	62.5
plant_rice	poplar	SYN_GO0051179	biological_process	other	58	33	0.569	63.6
plant_rice	poplar	SYN_GO0006629	biological_process	conserved	48	27	0.5625	62.9
plant_rice	poplar	SYN_GO0009059	biological_process	conserved	47	30	0.6383	55.45
plant_rice	poplar	SYN_GO0044281	biological_process	conserved	43	30	0.6977	70.7
plant_rice	poplar	SYN_GO0005975	biological_process	conserved	42	26	0.619	70.35
plant_rice	poplar	SYN_GO0090567	biological_process	specific	50	26	0.52	60.6
plant_rice	poplar	SYN_GO0009653	biological_process	specific	46	32	0.6957	61.85
plant_rice	poplar	SYN_GO0009908	biological_process	specific	42	21	0.5	57.9
plant_rice	poplar	SYN_GO0044419	biological_process	other	55	21	0.3818	62.7
plant_rice	poplar	SYN_GO0080134	biological_process	other	54	30	0.5556	65.65
plant_rice	poplar	SYN_GO0043207	biological_process	other	52	19	0.3654	62.7
plant_rice	poplar	SYN_GO0009893	biological_process	other	45	21	0.4667	51.8
plant_rice	poplar	SYN_GO0006952	biological_process	other	44	17	0.3864	62.7
plant_rice	poplar	SYN_GO0010604	biological_process	other	42	19	0.4524	50.2
plant_rice	poplar	SYN_GO0010646	biological_process	other	42	26	0.619	52.9
plant_rice	poplar	SYN_GO0051239	biological_process	other	41	21	0.5122	56.1
plant_rice	poplar	SYN_GO0016740	molecular_function	other	131	63	0.4809	61.9
plant_rice	poplar	SYN_GO0016491	molecular_function	other	89	52	0.5843	67.95
plant_rice	poplar	SYN_GO0140096	molecular_function	other	70	42	0.6	60.5
plant_rice	poplar	SYN_GO0016746	molecular_function	other	58	24	0.4138	55.95
plant_rice	poplar	SYN_GO0016787	molecular_function	other	50	30	0.6	67.15
plant_rice	poplar	SYN_GO0003676	molecular_function	other	48	23	0.4792	50.8
plant_rice	poplar	SYN_GO0003677	molecular_function	other	43	21	0.4884	50.6
plant_rice	poplar	SYN_GO0016772	molecular_function	other	40	23	0.575	66.5
plant_rice	poplar	SYN_GO0005737	cellular_component	other	243	149	0.6132	66.7
plant_rice	poplar	SYN_GO0016020	cellular_component	other	149	87	0.5839	64.6
plant_rice	poplar	SYN_GO0071944	cellular_component	other	84	46	0.5476	64.95
plant_rice	poplar	SYN_GO0005886	cellular_component	other	83	46	0.5542	64.95
plant_rice	poplar	SYN_GO0012505	cellular_component	other	57	35	0.614	69.1
plant_rice	poplar	SYN_GO0031090	cellular_component	other	55	35	0.6364	66.9
plant_rice	potato	SYN_GO0008152	biological_process	conserved	235	119	0.5064	61.4
plant_rice	potato	SYN_GO0044238	biological_process	conserved	173	86	0.4971	60.7
plant_rice	potato	SYN_GO0009058	biological_process	conserved	134	64	0.4776	61.05
plant_rice	potato	SYN_GO0043170	biological_process	conserved	104	56	0.5385	58.9
plant_rice	potato	SYN_GO0032502	biological_process	specific	147	71	0.483	61.4
plant_rice	potato	SYN_GO0048856	biological_process	specific	146	71	0.4863	61.4
plant_rice	potato	SYN_GO0032501	biological_process	specific	146	70	0.4795	61.75
plant_rice	potato	SYN_GO0007275	biological_process	specific	136	64	0.4706	62.4
plant_rice	potato	SYN_GO0048731	biological_process	specific	101	44	0.4356	63.3
plant_rice	potato	SYN_GO0022414	biological_process	specific	91	36	0.3956	60.5
plant_rice	potato	SYN_GO0009791	biological_process	specific	84	39	0.4643	63.0
plant_rice	potato	SYN_GO0050794	biological_process	other	179	81	0.4525	54.6
plant_rice	potato	SYN_GO0006950	biological_process	other	155	77	0.4968	62.1
plant_rice	potato	SYN_GO0042221	biological_process	other	138	67	0.4855	64.7
plant_rice	potato	SYN_GO0009628	biological_process	other	116	66	0.569	62.25
plant_rice	potato	SYN_GO0048583	biological_process	other	111	55	0.4955	58.2
plant_rice	potato	SYN_GO1901700	biological_process	other	107	52	0.486	61.75
plant_rice	potato	SYN_GO0019222	biological_process	other	100	43	0.43	50.0
plant_rice	potato	SYN_GO0071840	biological_process	other	99	47	0.4747	60.6
plant_rice	potato	SYN_GO0003006	biological_process	specific	71	29	0.4085	63.0
plant_rice	potato	SYN_GO0061458	biological_process	specific	68	27	0.3971	63.6
plant_rice	potato	SYN_GO0048608	biological_process	specific	68	27	0.3971	63.6
plant_rice	potato	SYN_GO0048367	biological_process	specific	67	27	0.403	63.0
plant_rice	potato	SYN_GO0099402	biological_process	specific	59	32	0.5424	62.65
plant_rice	potato	SYN_GO0050793	biological_process	other	83	33	0.3976	61.5
plant_rice	potato	SYN_GO0009719	biological_process	other	78	40	0.5128	61.25
plant_rice	potato	SYN_GO0016043	biological_process	other	76	37	0.4868	60.6
plant_rice	potato	SYN_GO0051716	biological_process	other	72	39	0.5417	61.8
plant_rice	potato	SYN_GO0006355	biological_process	other	71	29	0.4085	48.4
plant_rice	potato	SYN_GO2001141	biological_process	other	71	29	0.4085	48.4
plant_rice	potato	SYN_GO0009266	biological_process	other	64	35	0.5469	61.5
plant_rice	potato	SYN_GO0051179	biological_process	other	58	30	0.5172	62.35
plant_rice	potato	SYN_GO0006629	biological_process	conserved	48	21	0.4375	60.6
plant_rice	potato	SYN_GO0009059	biological_process	conserved	47	25	0.5319	57.0
plant_rice	potato	SYN_GO0044281	biological_process	conserved	43	24	0.5581	68.05
plant_rice	potato	SYN_GO0005975	biological_process	conserved	42	19	0.4524	66.6
plant_rice	potato	SYN_GO0090567	biological_process	specific	50	20	0.4	63.3
plant_rice	potato	SYN_GO0009653	biological_process	specific	46	23	0.5	59.1
plant_rice	potato	SYN_GO0009908	biological_process	specific	42	18	0.4286	61.8
plant_rice	potato	SYN_GO0044419	biological_process	other	55	20	0.3636	66.55
plant_rice	potato	SYN_GO0080134	biological_process	other	54	27	0.5	61.5
plant_rice	potato	SYN_GO0043207	biological_process	other	52	18	0.3462	66.55
plant_rice	potato	SYN_GO0009893	biological_process	other	45	15	0.3333	49.2
plant_rice	potato	SYN_GO0006952	biological_process	other	44	16	0.3636	66.55
plant_rice	potato	SYN_GO0010604	biological_process	other	42	14	0.3333	48.8
plant_rice	potato	SYN_GO0010646	biological_process	other	42	22	0.5238	50.55
plant_rice	potato	SYN_GO0051239	biological_process	other	41	15	0.3659	62.1
plant_rice	potato	SYN_GO0016740	molecular_function	other	131	52	0.3969	60.8
plant_rice	potato	SYN_GO0016491	molecular_function	other	89	46	0.5169	67.05
plant_rice	potato	SYN_GO0140096	molecular_function	other	70	35	0.5	61.7
plant_rice	potato	SYN_GO0016746	molecular_function	other	58	21	0.3621	58.2
plant_rice	potato	SYN_GO0016787	molecular_function	other	50	25	0.5	61.7
plant_rice	potato	SYN_GO0003676	molecular_function	other	48	17	0.3542	49.5
plant_rice	potato	SYN_GO0003677	molecular_function	other	43	15	0.3488	49.2
plant_rice	potato	SYN_GO0016772	molecular_function	other	40	18	0.45	65.3
plant_rice	potato	SYN_GO0005737	cellular_component	other	243	131	0.5391	62.3
plant_rice	potato	SYN_GO0016020	cellular_component	other	149	83	0.557	62.6
plant_rice	potato	SYN_GO0071944	cellular_component	other	84	43	0.5119	64.7
plant_rice	potato	SYN_GO0005886	cellular_component	other	83	43	0.5181	64.7
plant_rice	potato	SYN_GO0012505	cellular_component	other	57	37	0.6491	63.4
plant_rice	potato	SYN_GO0031090	cellular_component	other	55	36	0.6545	64.9
plant_rice	selaginella	SYN_GO0008152	biological_process	conserved	235	93	0.3957	57.2
plant_rice	selaginella	SYN_GO0044238	biological_process	conserved	173	69	0.3988	56.9
plant_rice	selaginella	SYN_GO0009058	biological_process	conserved	134	50	0.3731	57.95
plant_rice	selaginella	SYN_GO0043170	biological_process	conserved	104	43	0.4135	53.6
plant_rice	selaginella	SYN_GO0032502	biological_process	specific	147	41	0.2789	51.7
plant_rice	selaginella	SYN_GO0048856	biological_process	specific	146	40	0.274	51.05
plant_rice	selaginella	SYN_GO0032501	biological_process	specific	146	40	0.274	51.9
plant_rice	selaginella	SYN_GO0007275	biological_process	specific	136	35	0.2574	52.1
plant_rice	selaginella	SYN_GO0048731	biological_process	specific	101	26	0.2574	55.1
plant_rice	selaginella	SYN_GO0022414	biological_process	specific	91	24	0.2637	52.65
plant_rice	selaginella	SYN_GO0009791	biological_process	specific	84	20	0.2381	58.4
plant_rice	selaginella	SYN_GO0050794	biological_process	other	179	46	0.257	54.45
plant_rice	selaginella	SYN_GO0006950	biological_process	other	155	46	0.2968	60.0
plant_rice	selaginella	SYN_GO0042221	biological_process	other	138	39	0.2826	62.2
plant_rice	selaginella	SYN_GO0009628	biological_process	other	116	31	0.2672	61.6
plant_rice	selaginella	SYN_GO0048583	biological_process	other	111	28	0.2523	54.7
plant_rice	selaginella	SYN_GO1901700	biological_process	other	107	29	0.271	60.2
plant_rice	selaginella	SYN_GO0019222	biological_process	other	100	18	0.18	52.65
plant_rice	selaginella	SYN_GO0071840	biological_process	other	99	32	0.3232	51.85
plant_rice	selaginella	SYN_GO0003006	biological_process	specific	71	18	0.2535	55.1
plant_rice	selaginella	SYN_GO0061458	biological_process	specific	68	17	0.25	56.6
plant_rice	selaginella	SYN_GO0048608	biological_process	specific	68	17	0.25	56.6
plant_rice	selaginella	SYN_GO0048367	biological_process	specific	67	15	0.2239	51.7
plant_rice	selaginella	SYN_GO0099402	biological_process	specific	59	14	0.2373	50.05
plant_rice	selaginella	SYN_GO0050793	biological_process	other	83	23	0.2771	52.7
plant_rice	selaginella	SYN_GO0009719	biological_process	other	78	22	0.2821	63.7
plant_rice	selaginella	SYN_GO0016043	biological_process	other	76	31	0.4079	53.6
plant_rice	selaginella	SYN_GO0051716	biological_process	other	72	26	0.3611	60.65
plant_rice	selaginella	SYN_GO0006355	biological_process	other	71	9	0.1268	51.7
plant_rice	selaginella	SYN_GO2001141	biological_process	other	71	9	0.1268	51.7
plant_rice	selaginella	SYN_GO0009266	biological_process	other	64	16	0.25	58.15
plant_rice	selaginella	SYN_GO0051179	biological_process	other	58	21	0.3621	59.2
plant_rice	selaginella	SYN_GO0006629	biological_process	conserved	48	15	0.3125	56.8
plant_rice	selaginella	SYN_GO0009059	biological_process	conserved	47	15	0.3191	53.6
plant_rice	selaginella	SYN_GO0044281	biological_process	conserved	43	21	0.4884	63.8
plant_rice	selaginella	SYN_GO0005975	biological_process	conserved	42	12	0.2857	68.2
plant_rice	selaginella	SYN_GO0090567	biological_process	specific	50	11	0.22	53.6
plant_rice	selaginella	SYN_GO0009653	biological_process	specific	46	16	0.3478	50.8
plant_rice	selaginella	SYN_GO0009908	biological_process	specific	42	9	0.2143	51.7
plant_rice	selaginella	SYN_GO0044419	biological_process	other	55	14	0.2545	59.35
plant_rice	selaginella	SYN_GO0080134	biological_process	other	54	13	0.2407	60.2
plant_rice	selaginella	SYN_GO0043207	biological_process	other	52	12	0.2308	58.2
plant_rice	selaginella	SYN_GO0009893	biological_process	other	45	6	0.1333	53.75
plant_rice	selaginella	SYN_GO0006952	biological_process	other	44	11	0.25	55.6
plant_rice	selaginella	SYN_GO0010604	biological_process	other	42	5	0.119	53.6
plant_rice	selaginella	SYN_GO0010646	biological_process	other	42	8	0.1905	52.35
plant_rice	selaginella	SYN_GO0051239	biological_process	other	41	10	0.2439	42.55
plant_rice	selaginella	SYN_GO0016740	molecular_function	other	131	44	0.3359	52.15
plant_rice	selaginella	SYN_GO0016491	molecular_function	other	89	38	0.427	58.95
plant_rice	selaginella	SYN_GO0140096	molecular_function	other	70	27	0.3857	61.7
plant_rice	selaginella	SYN_GO0016746	molecular_function	other	58	15	0.2586	53.3
plant_rice	selaginella	SYN_GO0016787	molecular_function	other	50	17	0.34	60.0
plant_rice	selaginella	SYN_GO0003676	molecular_function	other	48	8	0.1667	48.1
plant_rice	selaginella	SYN_GO0003677	molecular_function	other	43	8	0.186	48.1
plant_rice	selaginella	SYN_GO0016772	molecular_function	other	40	17	0.425	59.8
plant_rice	selaginella	SYN_GO0005737	cellular_component	other	243	86	0.3539	60.2
plant_rice	selaginella	SYN_GO0016020	cellular_component	other	149	52	0.349	62.05
plant_rice	selaginella	SYN_GO0071944	cellular_component	other	84	28	0.3333	62.25
plant_rice	selaginella	SYN_GO0005886	cellular_component	other	83	28	0.3373	62.25
plant_rice	selaginella	SYN_GO0012505	cellular_component	other	57	26	0.4561	58.35
plant_rice	selaginella	SYN_GO0031090	cellular_component	other	55	22	0.4	63.35
plant_rice	sorghum	SYN_GO0008152	biological_process	conserved	235	199	0.8468	83.1
plant_rice	sorghum	SYN_GO0044238	biological_process	conserved	173	147	0.8497	83.2
plant_rice	sorghum	SYN_GO0009058	biological_process	conserved	134	108	0.806	81.85
plant_rice	sorghum	SYN_GO0043170	biological_process	conserved	104	95	0.9135	81.7
plant_rice	sorghum	SYN_GO0032502	biological_process	specific	147	129	0.8776	78.9
plant_rice	sorghum	SYN_GO0048856	biological_process	specific	146	128	0.8767	78.85
plant_rice	sorghum	SYN_GO0032501	biological_process	specific	146	128	0.8767	78.9
plant_rice	sorghum	SYN_GO0007275	biological_process	specific	136	118	0.8676	78.85
plant_rice	sorghum	SYN_GO0048731	biological_process	specific	101	89	0.8812	78.7
plant_rice	sorghum	SYN_GO0022414	biological_process	specific	91	80	0.8791	78.4
plant_rice	sorghum	SYN_GO0009791	biological_process	specific	84	72	0.8571	78.75
plant_rice	sorghum	SYN_GO0050794	biological_process	other	179	164	0.9162	75.6
plant_rice	sorghum	SYN_GO0006950	biological_process	other	155	133	0.8581	79.4
plant_rice	sorghum	SYN_GO0042221	biological_process	other	138	120	0.8696	81.4
plant_rice	sorghum	SYN_GO0009628	biological_process	other	116	103	0.8879	80.6
plant_rice	sorghum	SYN_GO0048583	biological_process	other	111	97	0.8739	78.1
plant_rice	sorghum	SYN_GO1901700	biological_process	other	107	95	0.8879	80.7
plant_rice	sorghum	SYN_GO0019222	biological_process	other	100	91	0.91	70.3
plant_rice	sorghum	SYN_GO0071840	biological_process	other	99	90	0.9091	79.6
plant_rice	sorghum	SYN_GO0003006	biological_process	specific	71	62	0.8732	78.4
plant_rice	sorghum	SYN_GO0061458	biological_process	specific	68	59	0.8676	78.1
plant_rice	sorghum	SYN_GO0048608	biological_process	specific	68	59	0.8676	78.1
plant_rice	sorghum	SYN_GO0048367	biological_process	specific	67	58	0.8657	77.75
plant_rice	sorghum	SYN_GO0099402	biological_process	specific	59	52	0.8814	78.45
plant_rice	sorghum	SYN_GO0050793	biological_process	other	83	69	0.8313	75.8
plant_rice	sorghum	SYN_GO0009719	biological_process	other	78	70	0.8974	81.1
plant_rice	sorghum	SYN_GO0016043	biological_process	other	76	70	0.9211	80.0
plant_rice	sorghum	SYN_GO0051716	biological_process	other	72	66	0.9167	80.75
plant_rice	sorghum	SYN_GO0006355	biological_process	other	71	63	0.8873	68.0
plant_rice	sorghum	SYN_GO2001141	biological_process	other	71	63	0.8873	68.0
plant_rice	sorghum	SYN_GO0009266	biological_process	other	64	56	0.875	78.5
plant_rice	sorghum	SYN_GO0051179	biological_process	other	58	53	0.9138	80.0
plant_rice	sorghum	SYN_GO0006629	biological_process	conserved	48	35	0.7292	83.2
plant_rice	sorghum	SYN_GO0009059	biological_process	conserved	47	41	0.8723	79.3
plant_rice	sorghum	SYN_GO0044281	biological_process	conserved	43	37	0.8605	85.1
plant_rice	sorghum	SYN_GO0005975	biological_process	conserved	42	37	0.881	83.2
plant_rice	sorghum	SYN_GO0090567	biological_process	specific	50	42	0.84	77.75
plant_rice	sorghum	SYN_GO0009653	biological_process	specific	46	41	0.8913	78.1
plant_rice	sorghum	SYN_GO0009908	biological_process	specific	42	36	0.8571	77.75
plant_rice	sorghum	SYN_GO0044419	biological_process	other	55	44	0.8	78.4
plant_rice	sorghum	SYN_GO0080134	biological_process	other	54	49	0.9074	80.8
plant_rice	sorghum	SYN_GO0043207	biological_process	other	52	41	0.7885	76.5
plant_rice	sorghum	SYN_GO0009893	biological_process	other	45	37	0.8222	69.6
plant_rice	sorghum	SYN_GO0006952	biological_process	other	44	35	0.7955	78.7
plant_rice	sorghum	SYN_GO0010604	biological_process	other	42	34	0.8095	69.35
plant_rice	sorghum	SYN_GO0010646	biological_process	other	42	37	0.881	76.5
plant_rice	sorghum	SYN_GO0051239	biological_process	other	41	31	0.7561	73.4
plant_rice	sorghum	SYN_GO0016740	molecular_function	other	131	108	0.8244	81.0
plant_rice	sorghum	SYN_GO0016491	molecular_function	other	89	74	0.8315	83.75
plant_rice	sorghum	SYN_GO0140096	molecular_function	other	70	66	0.9429	80.4
plant_rice	sorghum	SYN_GO0016746	molecular_function	other	58	46	0.7931	78.6
plant_rice	sorghum	SYN_GO0016787	molecular_function	other	50	44	0.88	81.55
plant_rice	sorghum	SYN_GO0003676	molecular_function	other	48	41	0.8542	69.4
plant_rice	sorghum	SYN_GO0003677	molecular_function	other	43	36	0.8372	68.7
plant_rice	sorghum	SYN_GO0016772	molecular_function	other	40	34	0.85	85.2
plant_rice	sorghum	SYN_GO0005737	cellular_component	other	243	211	0.8683	83.2
plant_rice	sorghum	SYN_GO0016020	cellular_component	other	149	134	0.8993	84.95
plant_rice	sorghum	SYN_GO0071944	cellular_component	other	84	75	0.8929	85.4
plant_rice	sorghum	SYN_GO0005886	cellular_component	other	83	75	0.9036	85.4
plant_rice	sorghum	SYN_GO0012505	cellular_component	other	57	52	0.9123	84.65
plant_rice	sorghum	SYN_GO0031090	cellular_component	other	55	50	0.9091	84.85
plant_rice	soybean	SYN_GO0008152	biological_process	conserved	235	148	0.6298	64.45
plant_rice	soybean	SYN_GO0044238	biological_process	conserved	173	113	0.6532	64.3
plant_rice	soybean	SYN_GO0009058	biological_process	conserved	134	79	0.5896	64.7
plant_rice	soybean	SYN_GO0043170	biological_process	conserved	104	72	0.6923	60.05
plant_rice	soybean	SYN_GO0032502	biological_process	specific	147	88	0.5986	60.45
plant_rice	soybean	SYN_GO0048856	biological_process	specific	146	87	0.5959	60.1
plant_rice	soybean	SYN_GO0032501	biological_process	specific	146	88	0.6027	60.45
plant_rice	soybean	SYN_GO0007275	biological_process	specific	136	80	0.5882	60.85
plant_rice	soybean	SYN_GO0048731	biological_process	specific	101	58	0.5743	61.85
plant_rice	soybean	SYN_GO0022414	biological_process	specific	91	54	0.5934	58.25
plant_rice	soybean	SYN_GO0009791	biological_process	specific	84	49	0.5833	58.3
plant_rice	soybean	SYN_GO0050794	biological_process	other	179	102	0.5698	54.95
plant_rice	soybean	SYN_GO0006950	biological_process	other	155	85	0.5484	64.2
plant_rice	soybean	SYN_GO0042221	biological_process	other	138	72	0.5217	66.0
plant_rice	soybean	SYN_GO0009628	biological_process	other	116	70	0.6034	65.9
plant_rice	soybean	SYN_GO0048583	biological_process	other	111	65	0.5856	59.2
plant_rice	soybean	SYN_GO1901700	biological_process	other	107	56	0.5234	63.4
plant_rice	soybean	SYN_GO0019222	biological_process	other	100	58	0.58	49.3
plant_rice	soybean	SYN_GO0071840	biological_process	other	99	64	0.6465	60.95
plant_rice	soybean	SYN_GO0003006	biological_process	specific	71	42	0.5915	57.8
plant_rice	soybean	SYN_GO0061458	biological_process	specific	68	39	0.5735	58.3
plant_rice	soybean	SYN_GO0048608	biological_process	specific	68	39	0.5735	58.3
plant_rice	soybean	SYN_GO0048367	biological_process	specific	67	39	0.5821	58.2
plant_rice	soybean	SYN_GO0099402	biological_process	specific	59	36	0.6102	58.25
plant_rice	soybean	SYN_GO0050793	biological_process	other	83	40	0.4819	57.25
plant_rice	soybean	SYN_GO0009719	biological_process	other	78	44	0.5641	60.65
plant_rice	soybean	SYN_GO0016043	biological_process	other	76	53	0.6974	61.0
plant_rice	soybean	SYN_GO0051716	biological_process	other	72	46	0.6389	63.05
plant_rice	soybean	SYN_GO0006355	biological_process	other	71	39	0.5493	47.8
plant_rice	soybean	SYN_GO2001141	biological_process	other	71	39	0.5493	47.8
plant_rice	soybean	SYN_GO0009266	biological_process	other	64	40	0.625	63.2
plant_rice	soybean	SYN_GO0051179	biological_process	other	58	33	0.569	64.3
plant_rice	soybean	SYN_GO0006629	biological_process	conserved	48	28	0.5833	63.1
plant_rice	soybean	SYN_GO0009059	biological_process	conserved	47	30	0.6383	56.15
plant_rice	soybean	SYN_GO0044281	biological_process	conserved	43	29	0.6744	70.1
plant_rice	soybean	SYN_GO0005975	biological_process	conserved	42	26	0.619	67.25
plant_rice	soybean	SYN_GO0090567	biological_process	specific	50	27	0.54	56.6
plant_rice	soybean	SYN_GO0009653	biological_process	specific	46	28	0.6087	59.6
plant_rice	soybean	SYN_GO0009908	biological_process	specific	42	24	0.5714	56.45
plant_rice	soybean	SYN_GO0044419	biological_process	other	55	23	0.4182	64.4
plant_rice	soybean	SYN_GO0080134	biological_process	other	54	32	0.5926	63.35
plant_rice	soybean	SYN_GO0043207	biological_process	other	52	21	0.4038	64.4
plant_rice	soybean	SYN_GO0009893	biological_process	other	45	20	0.4444	50.05
plant_rice	soybean	SYN_GO0006952	biological_process	other	44	19	0.4318	64.4
plant_rice	soybean	SYN_GO0010604	biological_process	other	42	18	0.4286	49.3
plant_rice	soybean	SYN_GO0010646	biological_process	other	42	26	0.619	53.55
plant_rice	soybean	SYN_GO0051239	biological_process	other	41	21	0.5122	58.7
plant_rice	soybean	SYN_GO0016740	molecular_function	other	131	64	0.4885	62.35
plant_rice	soybean	SYN_GO0016491	molecular_function	other	89	50	0.5618	67.6
plant_rice	soybean	SYN_GO0140096	molecular_function	other	70	42	0.6	58.95
plant_rice	soybean	SYN_GO0016746	molecular_function	other	58	24	0.4138	62.35
plant_rice	soybean	SYN_GO0016787	molecular_function	other	50	30	0.6	64.9
plant_rice	soybean	SYN_GO0003676	molecular_function	other	48	28	0.5833	51.6
plant_rice	soybean	SYN_GO0003677	molecular_function	other	43	26	0.6047	49.2
plant_rice	soybean	SYN_GO0016772	molecular_function	other	40	22	0.55	66.35
plant_rice	soybean	SYN_GO0005737	cellular_component	other	243	146	0.6008	65.55
plant_rice	soybean	SYN_GO0016020	cellular_component	other	149	88	0.5906	65.9
plant_rice	soybean	SYN_GO0071944	cellular_component	other	84	48	0.5714	66.95
plant_rice	soybean	SYN_GO0005886	cellular_component	other	83	48	0.5783	66.95
plant_rice	soybean	SYN_GO0012505	cellular_component	other	57	34	0.5965	68.8
plant_rice	soybean	SYN_GO0031090	cellular_component	other	55	34	0.6182	67.65
plant_rice	tomato	SYN_GO0008152	biological_process	conserved	235	142	0.6043	63.05
plant_rice	tomato	SYN_GO0044238	biological_process	conserved	173	105	0.6069	62.6
plant_rice	tomato	SYN_GO0009058	biological_process	conserved	134	78	0.5821	62.9
plant_rice	tomato	SYN_GO0043170	biological_process	conserved	104	67	0.6442	59.5
plant_rice	tomato	SYN_GO0032502	biological_process	specific	147	78	0.5306	62.2
plant_rice	tomato	SYN_GO0048856	biological_process	specific	146	77	0.5274	61.8
plant_rice	tomato	SYN_GO0032501	biological_process	specific	146	76	0.5205	62.9
plant_rice	tomato	SYN_GO0007275	biological_process	specific	136	69	0.5074	63.2
plant_rice	tomato	SYN_GO0048731	biological_process	specific	101	49	0.4851	63.8
plant_rice	tomato	SYN_GO0022414	biological_process	specific	91	43	0.4725	60.6
plant_rice	tomato	SYN_GO0009791	biological_process	specific	84	41	0.4881	62.6
plant_rice	tomato	SYN_GO0050794	biological_process	other	179	92	0.514	55.9
plant_rice	tomato	SYN_GO0006950	biological_process	other	155	89	0.5742	60.9
plant_rice	tomato	SYN_GO0042221	biological_process	other	138	73	0.529	63.9
plant_rice	tomato	SYN_GO0009628	biological_process	other	116	70	0.6034	64.25
plant_rice	tomato	SYN_GO0048583	biological_process	other	111	62	0.5586	56.05
plant_rice	tomato	SYN_GO1901700	biological_process	other	107	57	0.5327	60.5
plant_rice	tomato	SYN_GO0019222	biological_process	other	100	51	0.51	50.3
plant_rice	tomato	SYN_GO0071840	biological_process	other	99	61	0.6162	60.6
plant_rice	tomato	SYN_GO0003006	biological_process	specific	71	32	0.4507	62.5
plant_rice	tomato	SYN_GO0061458	biological_process	specific	68	30	0.4412	63.5
plant_rice	tomato	SYN_GO0048608	biological_process	specific	68	30	0.4412	63.5
plant_rice	tomato	SYN_GO0048367	biological_process	specific	67	32	0.4776	63.5
plant_rice	tomato	SYN_GO0099402	biological_process	specific	59	32	0.5424	63.5
plant_rice	tomato	SYN_GO0050793	biological_process	other	83	40	0.4819	55.5
plant_rice	tomato	SYN_GO0009719	biological_process	other	78	43	0.5513	59.5
plant_rice	tomato	SYN_GO0016043	biological_process	other	76	49	0.6447	61.5
plant_rice	tomato	SYN_GO0051716	biological_process	other	72	44	0.6111	60.1
plant_rice	tomato	SYN_GO0006355	biological_process	other	71	32	0.4507	48.5
plant_rice	tomato	SYN_GO2001141	biological_process	other	71	32	0.4507	48.5
plant_rice	tomato	SYN_GO0009266	biological_process	other	64	40	0.625	60.35
plant_rice	tomato	SYN_GO0051179	biological_process	other	58	31	0.5345	64.8
plant_rice	tomato	SYN_GO0006629	biological_process	conserved	48	24	0.5	64.65
plant_rice	tomato	SYN_GO0009059	biological_process	conserved	47	29	0.617	56.9
plant_rice	tomato	SYN_GO0044281	biological_process	conserved	43	29	0.6744	71.1
plant_rice	tomato	SYN_GO0005975	biological_process	conserved	42	23	0.5476	68.9
plant_rice	tomato	SYN_GO0090567	biological_process	specific	50	21	0.42	63.8
plant_rice	tomato	SYN_GO0009653	biological_process	specific	46	27	0.587	61.5
plant_rice	tomato	SYN_GO0009908	biological_process	specific	42	18	0.4286	61.9
plant_rice	tomato	SYN_GO0044419	biological_process	other	55	24	0.4364	62.1
plant_rice	tomato	SYN_GO0080134	biological_process	other	54	29	0.537	64.7
plant_rice	tomato	SYN_GO0043207	biological_process	other	52	21	0.4038	60.8
plant_rice	tomato	SYN_GO0009893	biological_process	other	45	19	0.4222	47.8
plant_rice	tomato	SYN_GO0006952	biological_process	other	44	19	0.4318	60.9
plant_rice	tomato	SYN_GO0010604	biological_process	other	42	18	0.4286	47.55
plant_rice	tomato	SYN_GO0010646	biological_process	other	42	25	0.5952	53.4
plant_rice	tomato	SYN_GO0051239	biological_process	other	41	19	0.4634	55.6
plant_rice	tomato	SYN_GO0016740	molecular_function	other	131	63	0.4809	59.1
plant_rice	tomato	SYN_GO0016491	molecular_function	other	89	48	0.5393	67.85
plant_rice	tomato	SYN_GO0140096	molecular_function	other	70	38	0.5429	59.85
plant_rice	tomato	SYN_GO0016746	molecular_function	other	58	27	0.4655	56.1
plant_rice	tomato	SYN_GO0016787	molecular_function	other	50	28	0.56	63.3
plant_rice	tomato	SYN_GO0003676	molecular_function	other	48	22	0.4583	49.3
plant_rice	tomato	SYN_GO0003677	molecular_function	other	43	20	0.4651	48.65
plant_rice	tomato	SYN_GO0016772	molecular_function	other	40	21	0.525	63.3
plant_rice	tomato	SYN_GO0005737	cellular_component	other	243	143	0.5885	63.7
plant_rice	tomato	SYN_GO0016020	cellular_component	other	149	81	0.5436	62.3
plant_rice	tomato	SYN_GO0071944	cellular_component	other	84	40	0.4762	64.6
plant_rice	tomato	SYN_GO0005886	cellular_component	other	83	40	0.4819	64.6
plant_rice	tomato	SYN_GO0012505	cellular_component	other	57	35	0.614	64.8
plant_rice	tomato	SYN_GO0031090	cellular_component	other	55	35	0.6364	63.3
plant_arabidopsis	a_halleri	SYN_GO1901135	biological_process	conserved	246	235	0.9553	95.8
plant_arabidopsis	a_halleri	SYN_GO0022402	biological_process	conserved	215	212	0.986	94.45
plant_arabidopsis	a_halleri	SYN_GO0006793	biological_process	conserved	193	183	0.9482	96.2
plant_arabidopsis	a_halleri	SYN_GO0006796	biological_process	conserved	184	179	0.9728	96.3
plant_arabidopsis	a_halleri	SYN_GO0016071	biological_process	conserved	163	148	0.908	93.55
plant_arabidopsis	a_halleri	SYN_GO0016051	biological_process	conserved	145	137	0.9448	97.1
plant_arabidopsis	a_halleri	SYN_GO0070647	biological_process	conserved	134	125	0.9328	94.9
plant_arabidopsis	a_halleri	SYN_GO1901137	biological_process	conserved	127	123	0.9685	96.3
plant_arabidopsis	a_halleri	SYN_GO0009826	biological_process	specific	247	237	0.9595	96.4
plant_arabidopsis	a_halleri	SYN_GO0021700	biological_process	specific	201	194	0.9652	95.7
plant_arabidopsis	a_halleri	SYN_GO0090698	biological_process	specific	194	187	0.9639	95.9
plant_arabidopsis	a_halleri	SYN_GO0010073	biological_process	specific	169	164	0.9704	94.7
plant_arabidopsis	a_halleri	SYN_GO0010016	biological_process	specific	151	147	0.9735	95.6
plant_arabidopsis	a_halleri	SYN_GO0009860	biological_process	specific	133	127	0.9549	96.2
plant_arabidopsis	a_halleri	SYN_GO0010087	biological_process	specific	126	120	0.9524	94.2
plant_arabidopsis	a_halleri	SYN_GO0090697	biological_process	specific	121	115	0.9504	95.4
plant_arabidopsis	a_halleri	SYN_GO0051254	biological_process	other	249	244	0.9799	93.0
plant_arabidopsis	a_halleri	SYN_GO0045893	biological_process	other	223	218	0.9776	92.75
plant_arabidopsis	a_halleri	SYN_GO0045229	biological_process	other	204	197	0.9657	96.8
plant_arabidopsis	a_halleri	SYN_GO0042594	biological_process	other	185	174	0.9405	95.15
plant_arabidopsis	a_halleri	SYN_GO0009751	biological_process	other	166	149	0.8976	93.8
plant_arabidopsis	a_halleri	SYN_GO0046907	biological_process	other	143	139	0.972	96.4
plant_arabidopsis	a_halleri	SYN_GO0002682	biological_process	other	122	115	0.9426	94.1
plant_arabidopsis	a_halleri	SYN_GO0009832	biological_process	other	113	107	0.9469	97.3
plant_arabidopsis	a_halleri	SYN_GO0019748	biological_process	conserved	107	103	0.9626	96.4
plant_arabidopsis	a_halleri	SYN_GO0006310	biological_process	conserved	98	96	0.9796	93.8
plant_arabidopsis	a_halleri	SYN_GO0019760	biological_process	conserved	91	87	0.956	94.4
plant_arabidopsis	a_halleri	SYN_GO0006753	biological_process	conserved	86	84	0.9767	96.95
plant_arabidopsis	a_halleri	SYN_GO0019941	biological_process	conserved	79	73	0.9241	96.7
plant_arabidopsis	a_halleri	SYN_GO0034655	biological_process	conserved	73	70	0.9589	95.5
plant_arabidopsis	a_halleri	SYN_GO0000377	biological_process	conserved	69	63	0.913	94.9
plant_arabidopsis	a_halleri	SYN_GO0006066	biological_process	conserved	64	62	0.9688	96.8
plant_arabidopsis	a_halleri	SYN_GO0009845	biological_process	specific	106	103	0.9717	95.4
plant_arabidopsis	a_halleri	SYN_GO0048466	biological_process	specific	98	93	0.949	94.8
plant_arabidopsis	a_halleri	SYN_GO0098727	biological_process	specific	86	84	0.9767	93.9
plant_arabidopsis	a_halleri	SYN_GO0009738	biological_process	specific	81	80	0.9877	95.25
plant_arabidopsis	a_halleri	SYN_GO0009561	biological_process	specific	77	68	0.8831	94.65
plant_arabidopsis	a_halleri	SYN_GO0010101	biological_process	specific	75	71	0.9467	95.5
plant_arabidopsis	a_halleri	SYN_GO0009867	biological_process	specific	71	66	0.9296	95.2
plant_arabidopsis	a_halleri	SYN_GO0048653	biological_process	specific	69	66	0.9565	94.75
plant_arabidopsis	a_halleri	SYN_GO0006811	biological_process	other	107	104	0.972	95.7
plant_arabidopsis	a_halleri	SYN_GO0071482	biological_process	other	99	95	0.9596	94.4
plant_arabidopsis	a_halleri	SYN_GO0009637	biological_process	other	94	91	0.9681	94.9
plant_arabidopsis	a_halleri	SYN_GO0000226	biological_process	other	86	84	0.9767	94.8
plant_arabidopsis	a_halleri	SYN_GO0023056	biological_process	other	79	75	0.9494	94.8
plant_arabidopsis	a_halleri	SYN_GO0046686	biological_process	other	75	71	0.9467	95.9
plant_arabidopsis	a_halleri	SYN_GO0022613	biological_process	other	71	67	0.9437	94.5
plant_arabidopsis	a_halleri	SYN_GO0070828	biological_process	other	64	62	0.9688	91.4
plant_arabidopsis	a_halleri	SYN_GO0000278	biological_process	conserved	59	56	0.9492	95.1
plant_arabidopsis	a_halleri	SYN_GO0170038	biological_process	conserved	56	54	0.9643	96.65
plant_arabidopsis	a_halleri	SYN_GO0000959	biological_process	conserved	54	45	0.8333	92.3
plant_arabidopsis	a_halleri	SYN_GO0006351	biological_process	conserved	50	50	1.0	93.6
plant_arabidopsis	a_halleri	SYN_GO0046486	biological_process	conserved	48	48	1.0	95.7
plant_arabidopsis	a_halleri	SYN_GO0070918	biological_process	conserved	45	45	1.0	95.2
plant_arabidopsis	a_halleri	SYN_GO0009308	biological_process	conserved	44	40	0.9091	95.9
plant_arabidopsis	a_halleri	SYN_GO1903047	biological_process	conserved	41	40	0.9756	95.4
plant_arabidopsis	a_halleri	SYN_GO0002253	biological_process	specific	59	53	0.8983	94.6
plant_arabidopsis	a_halleri	SYN_GO0002218	biological_process	specific	57	51	0.8947	94.8
plant_arabidopsis	a_halleri	SYN_GO0010311	biological_process	specific	56	55	0.9821	96.2
plant_arabidopsis	a_halleri	SYN_GO0010214	biological_process	specific	53	48	0.9057	96.5
plant_arabidopsis	a_halleri	SYN_GO0010183	biological_process	specific	50	44	0.88	93.8
plant_arabidopsis	a_halleri	SYN_GO0010078	biological_process	specific	46	44	0.9565	94.0
plant_arabidopsis	a_halleri	SYN_GO0009567	biological_process	specific	45	38	0.8444	95.45
plant_arabidopsis	a_halleri	SYN_GO0009742	biological_process	specific	44	41	0.9318	97.4
plant_arabidopsis	a_halleri	SYN_GO0010565	biological_process	other	60	59	0.9833	94.9
plant_arabidopsis	a_halleri	SYN_GO0051052	biological_process	other	57	52	0.9123	94.6
plant_arabidopsis	a_halleri	SYN_GO0071470	biological_process	other	52	48	0.9231	94.5
plant_arabidopsis	a_halleri	SYN_GO0040011	biological_process	other	50	44	0.88	93.8
plant_arabidopsis	a_halleri	SYN_GO0051606	biological_process	other	49	47	0.9592	94.5
plant_arabidopsis	a_halleri	SYN_GO0009668	biological_process	other	47	46	0.9787	95.2
plant_arabidopsis	a_halleri	SYN_GO0048510	biological_process	other	44	43	0.9773	94.6
plant_arabidopsis	a_halleri	SYN_GO0010109	biological_process	other	43	41	0.9535	95.9
plant_arabidopsis	a_halleri	SYN_GO0046983	molecular_function	other	232	228	0.9828	95.4
plant_arabidopsis	a_halleri	SYN_GO0003735	molecular_function	other	196	171	0.8724	98.3
plant_arabidopsis	a_halleri	SYN_GO0016758	molecular_function	other	174	167	0.9598	95.5
plant_arabidopsis	a_halleri	SYN_GO0004674	molecular_function	other	159	154	0.9686	96.35
plant_arabidopsis	a_halleri	SYN_GO0016705	molecular_function	other	130	115	0.8846	95.7
plant_arabidopsis	a_halleri	SYN_GO0005507	molecular_function	other	122	114	0.9344	97.15
plant_arabidopsis	a_halleri	SYN_GO0000166	molecular_function	other	113	107	0.9469	96.9
plant_arabidopsis	a_halleri	SYN_GO0008092	molecular_function	other	103	100	0.9709	94.45
plant_arabidopsis	a_halleri	SYN_GO0046527	molecular_function	other	98	92	0.9388	94.25
plant_arabidopsis	a_halleri	SYN_GO0032553	molecular_function	other	87	85	0.977	97.2
plant_arabidopsis	a_halleri	SYN_GO0032555	molecular_function	other	81	79	0.9753	97.2
plant_arabidopsis	a_halleri	SYN_GO0035639	molecular_function	other	78	76	0.9744	97.65
plant_arabidopsis	a_halleri	SYN_GO0035251	molecular_function	other	75	70	0.9333	94.05
plant_arabidopsis	a_halleri	SYN_GO0016835	molecular_function	other	72	64	0.8889	95.65
plant_arabidopsis	a_halleri	SYN_GO0060090	molecular_function	other	69	66	0.9565	93.5
plant_arabidopsis	a_halleri	SYN_GO0038023	molecular_function	other	64	61	0.9531	95.4
plant_arabidopsis	a_halleri	SYN_GO0032559	molecular_function	other	60	59	0.9833	97.2
plant_arabidopsis	a_halleri	SYN_GO0016407	molecular_function	other	55	54	0.9818	95.4
plant_arabidopsis	a_halleri	SYN_GO0140677	molecular_function	other	52	48	0.9231	93.55
plant_arabidopsis	a_halleri	SYN_GO0016836	molecular_function	other	51	48	0.9412	96.25
plant_arabidopsis	a_halleri	SYN_GO0015399	molecular_function	other	48	48	1.0	97.05
plant_arabidopsis	a_halleri	SYN_GO0004519	molecular_function	other	47	47	1.0	93.4
plant_arabidopsis	a_halleri	SYN_GO0004620	molecular_function	other	43	41	0.9535	94.7
plant_arabidopsis	a_halleri	SYN_GO0042626	molecular_function	other	42	42	1.0	97.05
plant_arabidopsis	a_halleri	SYN_GO0005654	cellular_component	other	248	237	0.9556	93.8
plant_arabidopsis	a_halleri	SYN_GO0140513	cellular_component	other	228	215	0.943	94.1
plant_arabidopsis	a_halleri	SYN_GO0005856	cellular_component	other	188	182	0.9681	93.65
plant_arabidopsis	a_halleri	SYN_GO0005789	cellular_component	other	185	175	0.9459	96.2
plant_arabidopsis	a_halleri	SYN_GO0005774	cellular_component	other	171	163	0.9532	96.6
plant_arabidopsis	a_halleri	SYN_GO0098796	cellular_component	other	164	153	0.9329	97.7
plant_arabidopsis	a_halleri	SYN_GO0099503	cellular_component	other	157	150	0.9554	95.5
plant_arabidopsis	a_halleri	SYN_GO0042995	cellular_component	other	133	129	0.9699	95.9
plant_arabidopsis	a_halleri	SYN_GO0099513	cellular_component	other	112	109	0.9732	93.1
plant_arabidopsis	a_halleri	SYN_GO0000785	cellular_component	other	108	104	0.963	93.4
plant_arabidopsis	a_halleri	SYN_GO0016604	cellular_component	other	103	99	0.9612	93.8
plant_arabidopsis	a_halleri	SYN_GO0005874	cellular_component	other	101	98	0.9703	93.05
plant_arabidopsis	a_halleri	SYN_GO1990351	cellular_component	other	86	79	0.9186	98.1
plant_arabidopsis	a_halleri	SYN_GO1990204	cellular_component	other	80	75	0.9375	97.9
plant_arabidopsis	a_halleri	SYN_GO0000138	cellular_component	other	75	72	0.96	97.4
plant_arabidopsis	a_halleri	SYN_GO0030659	cellular_component	other	68	64	0.9412	97.2
plant_arabidopsis	a_halleri	SYN_GO0042646	cellular_component	other	56	54	0.9643	94.8
plant_arabidopsis	a_halleri	SYN_GO0000228	cellular_component	other	51	50	0.9804	94.25
plant_arabidopsis	a_halleri	SYN_GO0031978	cellular_component	other	51	49	0.9608	94.7
plant_arabidopsis	a_halleri	SYN_GO0010287	cellular_component	other	51	47	0.9216	96.6
plant_arabidopsis	a_halleri	SYN_GO0042644	cellular_component	other	49	47	0.9592	95.3
plant_arabidopsis	a_halleri	SYN_GO0055028	cellular_component	other	47	46	0.9787	93.7
plant_arabidopsis	a_halleri	SYN_GO0030880	cellular_component	other	46	44	0.9565	94.7
plant_arabidopsis	a_halleri	SYN_GO0000502	cellular_component	other	44	41	0.9318	98.9
plant_arabidopsis	amborella	SYN_GO1901135	biological_process	conserved	246	132	0.5366	67.0
plant_arabidopsis	amborella	SYN_GO0022402	biological_process	conserved	215	140	0.6512	61.4
plant_arabidopsis	amborella	SYN_GO0006793	biological_process	conserved	193	122	0.6321	68.4
plant_arabidopsis	amborella	SYN_GO0006796	biological_process	conserved	184	94	0.5109	66.65
plant_arabidopsis	amborella	SYN_GO0016071	biological_process	conserved	163	103	0.6319	64.6
plant_arabidopsis	amborella	SYN_GO0016051	biological_process	conserved	145	93	0.6414	69.8
plant_arabidopsis	amborella	SYN_GO0070647	biological_process	conserved	134	66	0.4925	62.1
plant_arabidopsis	amborella	SYN_GO1901137	biological_process	conserved	127	73	0.5748	67.4
plant_arabidopsis	amborella	SYN_GO0009826	biological_process	specific	247	120	0.4858	68.7
plant_arabidopsis	amborella	SYN_GO0021700	biological_process	specific	201	106	0.5274	64.8
plant_arabidopsis	amborella	SYN_GO0090698	biological_process	specific	194	96	0.4948	61.2
plant_arabidopsis	amborella	SYN_GO0010073	biological_process	specific	169	71	0.4201	62.1
plant_arabidopsis	amborella	SYN_GO0010016	biological_process	specific	151	84	0.5563	62.55
plant_arabidopsis	amborella	SYN_GO0009860	biological_process	specific	133	55	0.4135	71.9
plant_arabidopsis	amborella	SYN_GO0010087	biological_process	specific	126	55	0.4365	60.1
plant_arabidopsis	amborella	SYN_GO0090697	biological_process	specific	121	56	0.4628	60.45
plant_arabidopsis	amborella	SYN_GO0051254	biological_process	other	249	97	0.3896	53.7
plant_arabidopsis	amborella	SYN_GO0045893	biological_process	other	223	79	0.3543	53.7
plant_arabidopsis	amborella	SYN_GO0045229	biological_process	other	204	114	0.5588	68.4
plant_arabidopsis	amborella	SYN_GO0042594	biological_process	other	185	87	0.4703	63.2
plant_arabidopsis	amborella	SYN_GO0009751	biological_process	other	166	61	0.3675	58.0
plant_arabidopsis	amborella	SYN_GO0046907	biological_process	other	143	105	0.7343	64.5
plant_arabidopsis	amborella	SYN_GO0002682	biological_process	other	122	44	0.3607	64.1
plant_arabidopsis	amborella	SYN_GO0009832	biological_process	other	113	65	0.5752	69.8
plant_arabidopsis	amborella	SYN_GO0019748	biological_process	conserved	107	59	0.5514	69.3
plant_arabidopsis	amborella	SYN_GO0006310	biological_process	conserved	98	71	0.7245	54.4
plant_arabidopsis	amborella	SYN_GO0019760	biological_process	conserved	91	21	0.2308	49.2
plant_arabidopsis	amborella	SYN_GO0006753	biological_process	conserved	86	51	0.593	73.6
plant_arabidopsis	amborella	SYN_GO0019941	biological_process	conserved	79	40	0.5063	66.5
plant_arabidopsis	amborella	SYN_GO0034655	biological_process	conserved	73	50	0.6849	63.65
plant_arabidopsis	amborella	SYN_GO0000377	biological_process	conserved	69	54	0.7826	68.55
plant_arabidopsis	amborella	SYN_GO0006066	biological_process	conserved	64	44	0.6875	67.5
plant_arabidopsis	amborella	SYN_GO0009845	biological_process	specific	106	63	0.5943	64.6
plant_arabidopsis	amborella	SYN_GO0048466	biological_process	specific	98	52	0.5306	59.25
plant_arabidopsis	amborella	SYN_GO0098727	biological_process	specific	86	32	0.3721	56.05
plant_arabidopsis	amborella	SYN_GO0009738	biological_process	specific	81	43	0.5309	62.5
plant_arabidopsis	amborella	SYN_GO0009561	biological_process	specific	77	32	0.4156	59.1
plant_arabidopsis	amborella	SYN_GO0010101	biological_process	specific	75	34	0.4533	60.75
plant_arabidopsis	amborella	SYN_GO0009867	biological_process	specific	71	31	0.4366	60.7
plant_arabidopsis	amborella	SYN_GO0048653	biological_process	specific	69	34	0.4928	56.65
plant_arabidopsis	amborella	SYN_GO0006811	biological_process	other	107	62	0.5794	65.65
plant_arabidopsis	amborella	SYN_GO0071482	biological_process	other	99	58	0.5859	63.5
plant_arabidopsis	amborella	SYN_GO0009637	biological_process	other	94	51	0.5426	63.9
plant_arabidopsis	amborella	SYN_GO0000226	biological_process	other	86	48	0.5581	58.05
plant_arabidopsis	amborella	SYN_GO0023056	biological_process	other	79	33	0.4177	64.5
plant_arabidopsis	amborella	SYN_GO0046686	biological_process	other	75	35	0.4667	70.9
plant_arabidopsis	amborella	SYN_GO0022613	biological_process	other	71	55	0.7746	63.8
plant_arabidopsis	amborella	SYN_GO0070828	biological_process	other	64	38	0.5938	53.2
plant_arabidopsis	amborella	SYN_GO0000278	biological_process	conserved	59	38	0.6441	61.0
plant_arabidopsis	amborella	SYN_GO0170038	biological_process	conserved	56	35	0.625	76.5
plant_arabidopsis	amborella	SYN_GO0000959	biological_process	conserved	54	19	0.3519	54.5
plant_arabidopsis	amborella	SYN_GO0006351	biological_process	conserved	50	28	0.56	59.8
plant_arabidopsis	amborella	SYN_GO0046486	biological_process	conserved	48	33	0.6875	65.4
plant_arabidopsis	amborella	SYN_GO0070918	biological_process	conserved	45	36	0.8	59.35
plant_arabidopsis	amborella	SYN_GO0009308	biological_process	conserved	44	17	0.3864	67.9
plant_arabidopsis	amborella	SYN_GO1903047	biological_process	conserved	41	27	0.6585	58.0
plant_arabidopsis	amborella	SYN_GO0002253	biological_process	specific	59	23	0.3898	62.5
plant_arabidopsis	amborella	SYN_GO0002218	biological_process	specific	57	23	0.4035	62.5
plant_arabidopsis	amborella	SYN_GO0010311	biological_process	specific	56	25	0.4464	60.0
plant_arabidopsis	amborella	SYN_GO0010214	biological_process	specific	53	25	0.4717	63.1
plant_arabidopsis	amborella	SYN_GO0010183	biological_process	specific	50	20	0.4	59.7
plant_arabidopsis	amborella	SYN_GO0010078	biological_process	specific	46	13	0.2826	62.0
plant_arabidopsis	amborella	SYN_GO0009567	biological_process	specific	45	20	0.4444	65.05
plant_arabidopsis	amborella	SYN_GO0009742	biological_process	specific	44	20	0.4545	65.8
plant_arabidopsis	amborella	SYN_GO0010565	biological_process	other	60	31	0.5167	64.7
plant_arabidopsis	amborella	SYN_GO0051052	biological_process	other	57	40	0.7018	57.55
plant_arabidopsis	amborella	SYN_GO0071470	biological_process	other	52	27	0.5192	65.3
plant_arabidopsis	amborella	SYN_GO0040011	biological_process	other	50	20	0.4	59.7
plant_arabidopsis	amborella	SYN_GO0051606	biological_process	other	49	30	0.6122	59.15
plant_arabidopsis	amborella	SYN_GO0009668	biological_process	other	47	36	0.766	72.4
plant_arabidopsis	amborella	SYN_GO0048510	biological_process	other	44	16	0.3636	64.2
plant_arabidopsis	amborella	SYN_GO0010109	biological_process	other	43	33	0.7674	68.7
plant_arabidopsis	amborella	SYN_GO0046983	molecular_function	other	232	132	0.569	62.3
plant_arabidopsis	amborella	SYN_GO0003735	molecular_function	other	196	78	0.398	84.5
plant_arabidopsis	amborella	SYN_GO0016758	molecular_function	other	174	80	0.4598	67.85
plant_arabidopsis	amborella	SYN_GO0004674	molecular_function	other	159	78	0.4906	70.9
plant_arabidopsis	amborella	SYN_GO0016705	molecular_function	other	130	66	0.5077	61.7
plant_arabidopsis	amborella	SYN_GO0005507	molecular_function	other	122	64	0.5246	76.1
plant_arabidopsis	amborella	SYN_GO0000166	molecular_function	other	113	71	0.6283	77.5
plant_arabidopsis	amborella	SYN_GO0008092	molecular_function	other	103	56	0.5437	59.05
plant_arabidopsis	amborella	SYN_GO0046527	molecular_function	other	98	31	0.3163	68.1
plant_arabidopsis	amborella	SYN_GO0032553	molecular_function	other	87	58	0.6667	79.15
plant_arabidopsis	amborella	SYN_GO0032555	molecular_function	other	81	54	0.6667	80.4
plant_arabidopsis	amborella	SYN_GO0035639	molecular_function	other	78	53	0.6795	80.6
plant_arabidopsis	amborella	SYN_GO0035251	molecular_function	other	75	22	0.2933	68.05
plant_arabidopsis	amborella	SYN_GO0016835	molecular_function	other	72	37	0.5139	74.6
plant_arabidopsis	amborella	SYN_GO0060090	molecular_function	other	69	42	0.6087	59.1
plant_arabidopsis	amborella	SYN_GO0038023	molecular_function	other	64	30	0.4688	66.6
plant_arabidopsis	amborella	SYN_GO0032559	molecular_function	other	60	44	0.7333	79.0
plant_arabidopsis	amborella	SYN_GO0016407	molecular_function	other	55	36	0.6545	62.35
plant_arabidopsis	amborella	SYN_GO0140677	molecular_function	other	52	26	0.5	63.2
plant_arabidopsis	amborella	SYN_GO0016836	molecular_function	other	51	32	0.6275	75.45
plant_arabidopsis	amborella	SYN_GO0015399	molecular_function	other	48	37	0.7708	70.1
plant_arabidopsis	amborella	SYN_GO0004519	molecular_function	other	47	28	0.5957	59.1
plant_arabidopsis	amborella	SYN_GO0004620	molecular_function	other	43	23	0.5349	64.0
plant_arabidopsis	amborella	SYN_GO0042626	molecular_function	other	42	32	0.7619	70.1
plant_arabidopsis	amborella	SYN_GO0005654	cellular_component	other	248	146	0.5887	62.25
plant_arabidopsis	amborella	SYN_GO0140513	cellular_component	other	228	144	0.6316	62.35
plant_arabidopsis	amborella	SYN_GO0005856	cellular_component	other	188	97	0.516	60.5
plant_arabidopsis	amborella	SYN_GO0005789	cellular_component	other	185	102	0.5514	67.1
plant_arabidopsis	amborella	SYN_GO0005774	cellular_component	other	171	98	0.5731	69.15
plant_arabidopsis	amborella	SYN_GO0098796	cellular_component	other	164	99	0.6037	74.0
plant_arabidopsis	amborella	SYN_GO0099503	cellular_component	other	157	68	0.4331	67.45
plant_arabidopsis	amborella	SYN_GO0042995	cellular_component	other	133	44	0.3308	67.0
plant_arabidopsis	amborella	SYN_GO0099513	cellular_component	other	112	59	0.5268	55.9
plant_arabidopsis	amborella	SYN_GO0000785	cellular_component	other	108	65	0.6019	61.8
plant_arabidopsis	amborella	SYN_GO0016604	cellular_component	other	103	66	0.6408	63.7
plant_arabidopsis	amborella	SYN_GO0005874	cellular_component	other	101	57	0.5644	55.9
plant_arabidopsis	amborella	SYN_GO1990351	cellular_component	other	86	45	0.5233	74.2
plant_arabidopsis	amborella	SYN_GO1990204	cellular_component	other	80	40	0.5	74.45
plant_arabidopsis	amborella	SYN_GO0000138	cellular_component	other	75	50	0.6667	71.0
plant_arabidopsis	amborella	SYN_GO0030659	cellular_component	other	68	41	0.6029	72.0
plant_arabidopsis	amborella	SYN_GO0042646	cellular_component	other	56	42	0.75	67.45
plant_arabidopsis	amborella	SYN_GO0000228	cellular_component	other	51	32	0.6275	63.4
plant_arabidopsis	amborella	SYN_GO0031978	cellular_component	other	51	43	0.8431	69.3
plant_arabidopsis	amborella	SYN_GO0010287	cellular_component	other	51	38	0.7451	72.45
plant_arabidopsis	amborella	SYN_GO0042644	cellular_component	other	49	38	0.7755	67.45
plant_arabidopsis	amborella	SYN_GO0055028	cellular_component	other	47	25	0.5319	50.3
plant_arabidopsis	amborella	SYN_GO0030880	cellular_component	other	46	34	0.7391	65.3
plant_arabidopsis	amborella	SYN_GO0000502	cellular_component	other	44	28	0.6364	83.45
plant_arabidopsis	brassica_oleracea	SYN_GO1901135	biological_process	conserved	246	211	0.8577	88.1
plant_arabidopsis	brassica_oleracea	SYN_GO0022402	biological_process	conserved	215	192	0.893	83.6
plant_arabidopsis	brassica_oleracea	SYN_GO0006793	biological_process	conserved	193	158	0.8187	89.3
plant_arabidopsis	brassica_oleracea	SYN_GO0006796	biological_process	conserved	184	160	0.8696	87.75
plant_arabidopsis	brassica_oleracea	SYN_GO0016071	biological_process	conserved	163	140	0.8589	84.0
plant_arabidopsis	brassica_oleracea	SYN_GO0016051	biological_process	conserved	145	130	0.8966	89.8
plant_arabidopsis	brassica_oleracea	SYN_GO0070647	biological_process	conserved	134	112	0.8358	84.3
plant_arabidopsis	brassica_oleracea	SYN_GO1901137	biological_process	conserved	127	114	0.8976	89.3
plant_arabidopsis	brassica_oleracea	SYN_GO0009826	biological_process	specific	247	227	0.919	88.1
plant_arabidopsis	brassica_oleracea	SYN_GO0021700	biological_process	specific	201	178	0.8856	87.55
plant_arabidopsis	brassica_oleracea	SYN_GO0090698	biological_process	specific	194	182	0.9381	86.2
plant_arabidopsis	brassica_oleracea	SYN_GO0010073	biological_process	specific	169	146	0.8639	85.0
plant_arabidopsis	brassica_oleracea	SYN_GO0010016	biological_process	specific	151	138	0.9139	86.05
plant_arabidopsis	brassica_oleracea	SYN_GO0009860	biological_process	specific	133	122	0.9173	87.35
plant_arabidopsis	brassica_oleracea	SYN_GO0010087	biological_process	specific	126	114	0.9048	83.75
plant_arabidopsis	brassica_oleracea	SYN_GO0090697	biological_process	specific	121	113	0.9339	86.3
plant_arabidopsis	brassica_oleracea	SYN_GO0051254	biological_process	other	249	221	0.8876	80.4
plant_arabidopsis	brassica_oleracea	SYN_GO0045893	biological_process	other	223	197	0.8834	79.7
plant_arabidopsis	brassica_oleracea	SYN_GO0045229	biological_process	other	204	183	0.8971	89.2
plant_arabidopsis	brassica_oleracea	SYN_GO0042594	biological_process	other	185	165	0.8919	85.8
plant_arabidopsis	brassica_oleracea	SYN_GO0009751	biological_process	other	166	123	0.741	81.2
plant_arabidopsis	brassica_oleracea	SYN_GO0046907	biological_process	other	143	139	0.972	88.5
plant_arabidopsis	brassica_oleracea	SYN_GO0002682	biological_process	other	122	103	0.8443	83.6
plant_arabidopsis	brassica_oleracea	SYN_GO0009832	biological_process	other	113	101	0.8938	91.1
plant_arabidopsis	brassica_oleracea	SYN_GO0019748	biological_process	conserved	107	97	0.9065	90.2
plant_arabidopsis	brassica_oleracea	SYN_GO0006310	biological_process	conserved	98	86	0.8776	82.0
plant_arabidopsis	brassica_oleracea	SYN_GO0019760	biological_process	conserved	91	78	0.8571	81.65
plant_arabidopsis	brassica_oleracea	SYN_GO0006753	biological_process	conserved	86	68	0.7907	91.85
plant_arabidopsis	brassica_oleracea	SYN_GO0019941	biological_process	conserved	79	59	0.7468	89.9
plant_arabidopsis	brassica_oleracea	SYN_GO0034655	biological_process	conserved	73	60	0.8219	86.0
plant_arabidopsis	brassica_oleracea	SYN_GO0000377	biological_process	conserved	69	60	0.8696	85.15
plant_arabidopsis	brassica_oleracea	SYN_GO0006066	biological_process	conserved	64	60	0.9375	89.0
plant_arabidopsis	brassica_oleracea	SYN_GO0009845	biological_process	specific	106	93	0.8774	86.0
plant_arabidopsis	brassica_oleracea	SYN_GO0048466	biological_process	specific	98	88	0.898	85.95
plant_arabidopsis	brassica_oleracea	SYN_GO0098727	biological_process	specific	86	74	0.8605	83.55
plant_arabidopsis	brassica_oleracea	SYN_GO0009738	biological_process	specific	81	73	0.9012	83.7
plant_arabidopsis	brassica_oleracea	SYN_GO0009561	biological_process	specific	77	67	0.8701	82.6
plant_arabidopsis	brassica_oleracea	SYN_GO0010101	biological_process	specific	75	70	0.9333	87.15
plant_arabidopsis	brassica_oleracea	SYN_GO0009867	biological_process	specific	71	54	0.7606	85.05
plant_arabidopsis	brassica_oleracea	SYN_GO0048653	biological_process	specific	69	62	0.8986	85.75
plant_arabidopsis	brassica_oleracea	SYN_GO0006811	biological_process	other	107	91	0.8505	87.3
plant_arabidopsis	brassica_oleracea	SYN_GO0071482	biological_process	other	99	90	0.9091	84.55
plant_arabidopsis	brassica_oleracea	SYN_GO0009637	biological_process	other	94	83	0.883	83.7
plant_arabidopsis	brassica_oleracea	SYN_GO0000226	biological_process	other	86	77	0.8953	84.7
plant_arabidopsis	brassica_oleracea	SYN_GO0023056	biological_process	other	79	66	0.8354	85.2
plant_arabidopsis	brassica_oleracea	SYN_GO0046686	biological_process	other	75	63	0.84	88.5
plant_arabidopsis	brassica_oleracea	SYN_GO0022613	biological_process	other	71	62	0.8732	84.75
plant_arabidopsis	brassica_oleracea	SYN_GO0070828	biological_process	other	64	59	0.9219	75.5
plant_arabidopsis	brassica_oleracea	SYN_GO0000278	biological_process	conserved	59	55	0.9322	86.6
plant_arabidopsis	brassica_oleracea	SYN_GO0170038	biological_process	conserved	56	48	0.8571	90.3
plant_arabidopsis	brassica_oleracea	SYN_GO0000959	biological_process	conserved	54	41	0.7593	82.8
plant_arabidopsis	brassica_oleracea	SYN_GO0006351	biological_process	conserved	50	45	0.9	80.5
plant_arabidopsis	brassica_oleracea	SYN_GO0046486	biological_process	conserved	48	47	0.9792	86.9
plant_arabidopsis	brassica_oleracea	SYN_GO0070918	biological_process	conserved	45	43	0.9556	84.5
plant_arabidopsis	brassica_oleracea	SYN_GO0009308	biological_process	conserved	44	36	0.8182	88.95
plant_arabidopsis	brassica_oleracea	SYN_GO1903047	biological_process	conserved	41	39	0.9512	88.0
plant_arabidopsis	brassica_oleracea	SYN_GO0002253	biological_process	specific	59	47	0.7966	83.8
plant_arabidopsis	brassica_oleracea	SYN_GO0002218	biological_process	specific	57	46	0.807	83.9
plant_arabidopsis	brassica_oleracea	SYN_GO0010311	biological_process	specific	56	53	0.9464	88.3
plant_arabidopsis	brassica_oleracea	SYN_GO0010214	biological_process	specific	53	42	0.7925	88.8
plant_arabidopsis	brassica_oleracea	SYN_GO0010183	biological_process	specific	50	41	0.82	84.4
plant_arabidopsis	brassica_oleracea	SYN_GO0010078	biological_process	specific	46	38	0.8261	83.0
plant_arabidopsis	brassica_oleracea	SYN_GO0009567	biological_process	specific	45	33	0.7333	83.5
plant_arabidopsis	brassica_oleracea	SYN_GO0009742	biological_process	specific	44	37	0.8409	91.3
plant_arabidopsis	brassica_oleracea	SYN_GO0010565	biological_process	other	60	53	0.8833	84.0
plant_arabidopsis	brassica_oleracea	SYN_GO0051052	biological_process	other	57	53	0.9298	83.1
plant_arabidopsis	brassica_oleracea	SYN_GO0071470	biological_process	other	52	48	0.9231	85.3
plant_arabidopsis	brassica_oleracea	SYN_GO0040011	biological_process	other	50	41	0.82	84.4
plant_arabidopsis	brassica_oleracea	SYN_GO0051606	biological_process	other	49	46	0.9388	85.65
plant_arabidopsis	brassica_oleracea	SYN_GO0009668	biological_process	other	47	41	0.8723	85.2
plant_arabidopsis	brassica_oleracea	SYN_GO0048510	biological_process	other	44	38	0.8636	82.55
plant_arabidopsis	brassica_oleracea	SYN_GO0010109	biological_process	other	43	38	0.8837	85.9
plant_arabidopsis	brassica_oleracea	SYN_GO0046983	molecular_function	other	232	211	0.9095	84.5
plant_arabidopsis	brassica_oleracea	SYN_GO0003735	molecular_function	other	196	117	0.5969	96.0
plant_arabidopsis	brassica_oleracea	SYN_GO0016758	molecular_function	other	174	149	0.8563	88.0
plant_arabidopsis	brassica_oleracea	SYN_GO0004674	molecular_function	other	159	141	0.8868	89.3
plant_arabidopsis	brassica_oleracea	SYN_GO0016705	molecular_function	other	130	103	0.7923	88.1
plant_arabidopsis	brassica_oleracea	SYN_GO0005507	molecular_function	other	122	99	0.8115	92.3
plant_arabidopsis	brassica_oleracea	SYN_GO0000166	molecular_function	other	113	102	0.9027	90.6
plant_arabidopsis	brassica_oleracea	SYN_GO0008092	molecular_function	other	103	98	0.9515	83.85
plant_arabidopsis	brassica_oleracea	SYN_GO0046527	molecular_function	other	98	78	0.7959	84.8
plant_arabidopsis	brassica_oleracea	SYN_GO0032553	molecular_function	other	87	80	0.9195	92.1
plant_arabidopsis	brassica_oleracea	SYN_GO0032555	molecular_function	other	81	74	0.9136	92.15
plant_arabidopsis	brassica_oleracea	SYN_GO0035639	molecular_function	other	78	71	0.9103	92.3
plant_arabidopsis	brassica_oleracea	SYN_GO0035251	molecular_function	other	75	58	0.7733	83.65
plant_arabidopsis	brassica_oleracea	SYN_GO0016835	molecular_function	other	72	52	0.7222	90.7
plant_arabidopsis	brassica_oleracea	SYN_GO0060090	molecular_function	other	69	59	0.8551	82.2
plant_arabidopsis	brassica_oleracea	SYN_GO0038023	molecular_function	other	64	55	0.8594	88.4
plant_arabidopsis	brassica_oleracea	SYN_GO0032559	molecular_function	other	60	54	0.9	91.95
plant_arabidopsis	brassica_oleracea	SYN_GO0016407	molecular_function	other	55	48	0.8727	84.75
plant_arabidopsis	brassica_oleracea	SYN_GO0140677	molecular_function	other	52	45	0.8654	80.2
plant_arabidopsis	brassica_oleracea	SYN_GO0016836	molecular_function	other	51	41	0.8039	91.1
plant_arabidopsis	brassica_oleracea	SYN_GO0015399	molecular_function	other	48	42	0.875	92.15
plant_arabidopsis	brassica_oleracea	SYN_GO0004519	molecular_function	other	47	43	0.9149	83.9
plant_arabidopsis	brassica_oleracea	SYN_GO0004620	molecular_function	other	43	37	0.8605	88.0
plant_arabidopsis	brassica_oleracea	SYN_GO0042626	molecular_function	other	42	36	0.8571	92.05
plant_arabidopsis	brassica_oleracea	SYN_GO0005654	cellular_component	other	248	222	0.8952	82.8
plant_arabidopsis	brassica_oleracea	SYN_GO0140513	cellular_component	other	228	192	0.8421	83.35
plant_arabidopsis	brassica_oleracea	SYN_GO0005856	cellular_component	other	188	170	0.9043	81.95
plant_arabidopsis	brassica_oleracea	SYN_GO0005789	cellular_component	other	185	164	0.8865	88.3
plant_arabidopsis	brassica_oleracea	SYN_GO0005774	cellular_component	other	171	157	0.9181	90.0
plant_arabidopsis	brassica_oleracea	SYN_GO0098796	cellular_component	other	164	126	0.7683	92.45
plant_arabidopsis	brassica_oleracea	SYN_GO0099503	cellular_component	other	157	131	0.8344	87.0
plant_arabidopsis	brassica_oleracea	SYN_GO0042995	cellular_component	other	133	115	0.8647	86.5
plant_arabidopsis	brassica_oleracea	SYN_GO0099513	cellular_component	other	112	103	0.9196	80.3
plant_arabidopsis	brassica_oleracea	SYN_GO0000785	cellular_component	other	108	92	0.8519	81.7
plant_arabidopsis	brassica_oleracea	SYN_GO0016604	cellular_component	other	103	95	0.9223	82.8
plant_arabidopsis	brassica_oleracea	SYN_GO0005874	cellular_component	other	101	94	0.9307	80.3
plant_arabidopsis	brassica_oleracea	SYN_GO1990351	cellular_component	other	86	63	0.7326	93.7
plant_arabidopsis	brassica_oleracea	SYN_GO1990204	cellular_component	other	80	58	0.725	93.65
plant_arabidopsis	brassica_oleracea	SYN_GO0000138	cellular_component	other	75	71	0.9467	90.6
plant_arabidopsis	brassica_oleracea	SYN_GO0030659	cellular_component	other	68	62	0.9118	91.15
plant_arabidopsis	brassica_oleracea	SYN_GO0042646	cellular_component	other	56	49	0.875	86.2
plant_arabidopsis	brassica_oleracea	SYN_GO0000228	cellular_component	other	51	43	0.8431	84.1
plant_arabidopsis	brassica_oleracea	SYN_GO0031978	cellular_component	other	51	46	0.902	85.85
plant_arabidopsis	brassica_oleracea	SYN_GO0010287	cellular_component	other	51	44	0.8627	88.8
plant_arabidopsis	brassica_oleracea	SYN_GO0042644	cellular_component	other	49	42	0.8571	87.35
plant_arabidopsis	brassica_oleracea	SYN_GO0055028	cellular_component	other	47	45	0.9574	81.9
plant_arabidopsis	brassica_oleracea	SYN_GO0030880	cellular_component	other	46	40	0.8696	88.45
plant_arabidopsis	brassica_oleracea	SYN_GO0000502	cellular_component	other	44	32	0.7273	95.6
plant_arabidopsis	brassica_rapa	SYN_GO1901135	biological_process	conserved	246	210	0.8537	87.8
plant_arabidopsis	brassica_rapa	SYN_GO0022402	biological_process	conserved	215	194	0.9023	83.7
plant_arabidopsis	brassica_rapa	SYN_GO0006793	biological_process	conserved	193	159	0.8238	89.6
plant_arabidopsis	brassica_rapa	SYN_GO0006796	biological_process	conserved	184	165	0.8967	87.5
plant_arabidopsis	brassica_rapa	SYN_GO0016071	biological_process	conserved	163	142	0.8712	84.5
plant_arabidopsis	brassica_rapa	SYN_GO0016051	biological_process	conserved	145	131	0.9034	90.3
plant_arabidopsis	brassica_rapa	SYN_GO0070647	biological_process	conserved	134	112	0.8358	83.35
plant_arabidopsis	brassica_rapa	SYN_GO1901137	biological_process	conserved	127	112	0.8819	89.2
plant_arabidopsis	brassica_rapa	SYN_GO0009826	biological_process	specific	247	221	0.8947	88.0
plant_arabidopsis	brassica_rapa	SYN_GO0021700	biological_process	specific	201	176	0.8756	87.65
plant_arabidopsis	brassica_rapa	SYN_GO0090698	biological_process	specific	194	181	0.933	86.0
plant_arabidopsis	brassica_rapa	SYN_GO0010073	biological_process	specific	169	146	0.8639	85.2
plant_arabidopsis	brassica_rapa	SYN_GO0010016	biological_process	specific	151	135	0.894	86.4
plant_arabidopsis	brassica_rapa	SYN_GO0009860	biological_process	specific	133	120	0.9023	87.8
plant_arabidopsis	brassica_rapa	SYN_GO0010087	biological_process	specific	126	114	0.9048	84.05
plant_arabidopsis	brassica_rapa	SYN_GO0090697	biological_process	specific	121	116	0.9587	85.7
plant_arabidopsis	brassica_rapa	SYN_GO0051254	biological_process	other	249	220	0.8835	80.05
plant_arabidopsis	brassica_rapa	SYN_GO0045893	biological_process	other	223	198	0.8879	79.55
plant_arabidopsis	brassica_rapa	SYN_GO0045229	biological_process	other	204	185	0.9069	89.5
plant_arabidopsis	brassica_rapa	SYN_GO0042594	biological_process	other	185	157	0.8486	86.3
plant_arabidopsis	brassica_rapa	SYN_GO0009751	biological_process	other	166	119	0.7169	80.0
plant_arabidopsis	brassica_rapa	SYN_GO0046907	biological_process	other	143	132	0.9231	88.5
plant_arabidopsis	brassica_rapa	SYN_GO0002682	biological_process	other	122	104	0.8525	83.3
plant_arabidopsis	brassica_rapa	SYN_GO0009832	biological_process	other	113	104	0.9204	90.55
plant_arabidopsis	brassica_rapa	SYN_GO0019748	biological_process	conserved	107	95	0.8879	90.2
plant_arabidopsis	brassica_rapa	SYN_GO0006310	biological_process	conserved	98	89	0.9082	82.0
plant_arabidopsis	brassica_rapa	SYN_GO0019760	biological_process	conserved	91	76	0.8352	82.65
plant_arabidopsis	brassica_rapa	SYN_GO0006753	biological_process	conserved	86	70	0.814	91.55
plant_arabidopsis	brassica_rapa	SYN_GO0019941	biological_process	conserved	79	61	0.7722	87.8
plant_arabidopsis	brassica_rapa	SYN_GO0034655	biological_process	conserved	73	62	0.8493	86.15
plant_arabidopsis	brassica_rapa	SYN_GO0000377	biological_process	conserved	69	61	0.8841	84.9
plant_arabidopsis	brassica_rapa	SYN_GO0006066	biological_process	conserved	64	60	0.9375	88.3
plant_arabidopsis	brassica_rapa	SYN_GO0009845	biological_process	specific	106	95	0.8962	86.5
plant_arabidopsis	brassica_rapa	SYN_GO0048466	biological_process	specific	98	88	0.898	83.95
plant_arabidopsis	brassica_rapa	SYN_GO0098727	biological_process	specific	86	73	0.8488	82.9
plant_arabidopsis	brassica_rapa	SYN_GO0009738	biological_process	specific	81	78	0.963	84.5
plant_arabidopsis	brassica_rapa	SYN_GO0009561	biological_process	specific	77	64	0.8312	83.75
plant_arabidopsis	brassica_rapa	SYN_GO0010101	biological_process	specific	75	72	0.96	86.05
plant_arabidopsis	brassica_rapa	SYN_GO0009867	biological_process	specific	71	56	0.7887	85.75
plant_arabidopsis	brassica_rapa	SYN_GO0048653	biological_process	specific	69	63	0.913	83.4
plant_arabidopsis	brassica_rapa	SYN_GO0006811	biological_process	other	107	90	0.8411	88.05
plant_arabidopsis	brassica_rapa	SYN_GO0071482	biological_process	other	99	92	0.9293	83.75
plant_arabidopsis	brassica_rapa	SYN_GO0009637	biological_process	other	94	84	0.8936	84.55
plant_arabidopsis	brassica_rapa	SYN_GO0000226	biological_process	other	86	76	0.8837	84.65
plant_arabidopsis	brassica_rapa	SYN_GO0023056	biological_process	other	79	66	0.8354	84.75
plant_arabidopsis	brassica_rapa	SYN_GO0046686	biological_process	other	75	63	0.84	88.2
plant_arabidopsis	brassica_rapa	SYN_GO0022613	biological_process	other	71	65	0.9155	83.8
plant_arabidopsis	brassica_rapa	SYN_GO0070828	biological_process	other	64	61	0.9531	75.1
plant_arabidopsis	brassica_rapa	SYN_GO0000278	biological_process	conserved	59	54	0.9153	86.55
plant_arabidopsis	brassica_rapa	SYN_GO0170038	biological_process	conserved	56	52	0.9286	89.7
plant_arabidopsis	brassica_rapa	SYN_GO0000959	biological_process	conserved	54	40	0.7407	82.8
plant_arabidopsis	brassica_rapa	SYN_GO0006351	biological_process	conserved	50	48	0.96	80.3
plant_arabidopsis	brassica_rapa	SYN_GO0046486	biological_process	conserved	48	45	0.9375	85.7
plant_arabidopsis	brassica_rapa	SYN_GO0070918	biological_process	conserved	45	45	1.0	84.6
plant_arabidopsis	brassica_rapa	SYN_GO0009308	biological_process	conserved	44	37	0.8409	87.4
plant_arabidopsis	brassica_rapa	SYN_GO1903047	biological_process	conserved	41	39	0.9512	87.8
plant_arabidopsis	brassica_rapa	SYN_GO0002253	biological_process	specific	59	49	0.8305	83.5
plant_arabidopsis	brassica_rapa	SYN_GO0002218	biological_process	specific	57	49	0.8596	83.5
plant_arabidopsis	brassica_rapa	SYN_GO0010311	biological_process	specific	56	54	0.9643	88.1
plant_arabidopsis	brassica_rapa	SYN_GO0010214	biological_process	specific	53	46	0.8679	87.3
plant_arabidopsis	brassica_rapa	SYN_GO0010183	biological_process	specific	50	41	0.82	82.8
plant_arabidopsis	brassica_rapa	SYN_GO0010078	biological_process	specific	46	38	0.8261	82.45
plant_arabidopsis	brassica_rapa	SYN_GO0009567	biological_process	specific	45	33	0.7333	84.1
plant_arabidopsis	brassica_rapa	SYN_GO0009742	biological_process	specific	44	36	0.8182	89.5
plant_arabidopsis	brassica_rapa	SYN_GO0010565	biological_process	other	60	54	0.9	84.05
plant_arabidopsis	brassica_rapa	SYN_GO0051052	biological_process	other	57	56	0.9825	82.7
plant_arabidopsis	brassica_rapa	SYN_GO0071470	biological_process	other	52	47	0.9038	84.7
plant_arabidopsis	brassica_rapa	SYN_GO0040011	biological_process	other	50	41	0.82	82.8
plant_arabidopsis	brassica_rapa	SYN_GO0051606	biological_process	other	49	46	0.9388	85.2
plant_arabidopsis	brassica_rapa	SYN_GO0009668	biological_process	other	47	43	0.9149	85.4
plant_arabidopsis	brassica_rapa	SYN_GO0048510	biological_process	other	44	39	0.8864	82.5
plant_arabidopsis	brassica_rapa	SYN_GO0010109	biological_process	other	43	39	0.907	86.5
plant_arabidopsis	brassica_rapa	SYN_GO0046983	molecular_function	other	232	214	0.9224	84.25
plant_arabidopsis	brassica_rapa	SYN_GO0003735	molecular_function	other	196	113	0.5765	95.9
plant_arabidopsis	brassica_rapa	SYN_GO0016758	molecular_function	other	174	152	0.8736	87.6
plant_arabidopsis	brassica_rapa	SYN_GO0004674	molecular_function	other	159	141	0.8868	88.5
plant_arabidopsis	brassica_rapa	SYN_GO0016705	molecular_function	other	130	104	0.8	88.85
plant_arabidopsis	brassica_rapa	SYN_GO0005507	molecular_function	other	122	97	0.7951	92.1
plant_arabidopsis	brassica_rapa	SYN_GO0000166	molecular_function	other	113	104	0.9204	90.35
plant_arabidopsis	brassica_rapa	SYN_GO0008092	molecular_function	other	103	96	0.932	82.4
plant_arabidopsis	brassica_rapa	SYN_GO0046527	molecular_function	other	98	79	0.8061	84.9
plant_arabidopsis	brassica_rapa	SYN_GO0032553	molecular_function	other	87	81	0.931	91.7
plant_arabidopsis	brassica_rapa	SYN_GO0032555	molecular_function	other	81	75	0.9259	91.9
plant_arabidopsis	brassica_rapa	SYN_GO0035639	molecular_function	other	78	72	0.9231	92.1
plant_arabidopsis	brassica_rapa	SYN_GO0035251	molecular_function	other	75	58	0.7733	84.05
plant_arabidopsis	brassica_rapa	SYN_GO0016835	molecular_function	other	72	56	0.7778	89.1
plant_arabidopsis	brassica_rapa	SYN_GO0060090	molecular_function	other	69	63	0.913	83.1
plant_arabidopsis	brassica_rapa	SYN_GO0038023	molecular_function	other	64	57	0.8906	88.3
plant_arabidopsis	brassica_rapa	SYN_GO0032559	molecular_function	other	60	56	0.9333	91.0
plant_arabidopsis	brassica_rapa	SYN_GO0016407	molecular_function	other	55	51	0.9273	85.3
plant_arabidopsis	brassica_rapa	SYN_GO0140677	molecular_function	other	52	43	0.8269	83.8
plant_arabidopsis	brassica_rapa	SYN_GO0016836	molecular_function	other	51	43	0.8431	91.3
plant_arabidopsis	brassica_rapa	SYN_GO0015399	molecular_function	other	48	44	0.9167	92.2
plant_arabidopsis	brassica_rapa	SYN_GO0004519	molecular_function	other	47	43	0.9149	84.1
plant_arabidopsis	brassica_rapa	SYN_GO0004620	molecular_function	other	43	39	0.907	87.9
plant_arabidopsis	brassica_rapa	SYN_GO0042626	molecular_function	other	42	38	0.9048	91.5
plant_arabidopsis	brassica_rapa	SYN_GO0005654	cellular_component	other	248	219	0.8831	82.7
plant_arabidopsis	brassica_rapa	SYN_GO0140513	cellular_component	other	228	195	0.8553	83.3
plant_arabidopsis	brassica_rapa	SYN_GO0005856	cellular_component	other	188	170	0.9043	82.35
plant_arabidopsis	brassica_rapa	SYN_GO0005789	cellular_component	other	185	163	0.8811	88.1
plant_arabidopsis	brassica_rapa	SYN_GO0005774	cellular_component	other	171	157	0.9181	90.0
plant_arabidopsis	brassica_rapa	SYN_GO0098796	cellular_component	other	164	127	0.7744	92.2
plant_arabidopsis	brassica_rapa	SYN_GO0099503	cellular_component	other	157	134	0.8535	87.2
plant_arabidopsis	brassica_rapa	SYN_GO0042995	cellular_component	other	133	116	0.8722	86.0
plant_arabidopsis	brassica_rapa	SYN_GO0099513	cellular_component	other	112	101	0.9018	81.1
plant_arabidopsis	brassica_rapa	SYN_GO0000785	cellular_component	other	108	91	0.8426	81.7
plant_arabidopsis	brassica_rapa	SYN_GO0016604	cellular_component	other	103	94	0.9126	82.65
plant_arabidopsis	brassica_rapa	SYN_GO0005874	cellular_component	other	101	91	0.901	81.1
plant_arabidopsis	brassica_rapa	SYN_GO1990351	cellular_component	other	86	61	0.7093	93.6
plant_arabidopsis	brassica_rapa	SYN_GO1990204	cellular_component	other	80	58	0.725	93.45
plant_arabidopsis	brassica_rapa	SYN_GO0000138	cellular_component	other	75	70	0.9333	89.15
plant_arabidopsis	brassica_rapa	SYN_GO0030659	cellular_component	other	68	62	0.9118	90.1
plant_arabidopsis	brassica_rapa	SYN_GO0042646	cellular_component	other	56	47	0.8393	85.2
plant_arabidopsis	brassica_rapa	SYN_GO0000228	cellular_component	other	51	43	0.8431	82.5
plant_arabidopsis	brassica_rapa	SYN_GO0031978	cellular_component	other	51	48	0.9412	85.75
plant_arabidopsis	brassica_rapa	SYN_GO0010287	cellular_component	other	51	43	0.8431	86.5
plant_arabidopsis	brassica_rapa	SYN_GO0042644	cellular_component	other	49	42	0.8571	85.9
plant_arabidopsis	brassica_rapa	SYN_GO0055028	cellular_component	other	47	43	0.9149	81.5
plant_arabidopsis	brassica_rapa	SYN_GO0030880	cellular_component	other	46	42	0.913	86.8
plant_arabidopsis	brassica_rapa	SYN_GO0000502	cellular_component	other	44	30	0.6818	95.95
plant_arabidopsis	camelina	SYN_GO1901135	biological_process	conserved	246	224	0.9106	92.35
plant_arabidopsis	camelina	SYN_GO0022402	biological_process	conserved	215	210	0.9767	90.65
plant_arabidopsis	camelina	SYN_GO0006793	biological_process	conserved	193	178	0.9223	93.85
plant_arabidopsis	camelina	SYN_GO0006796	biological_process	conserved	184	178	0.9674	93.4
plant_arabidopsis	camelina	SYN_GO0016071	biological_process	conserved	163	153	0.9387	90.5
plant_arabidopsis	camelina	SYN_GO0016051	biological_process	conserved	145	142	0.9793	94.7
plant_arabidopsis	camelina	SYN_GO0070647	biological_process	conserved	134	126	0.9403	90.25
plant_arabidopsis	camelina	SYN_GO1901137	biological_process	conserved	127	119	0.937	93.2
plant_arabidopsis	camelina	SYN_GO0009826	biological_process	specific	247	236	0.9555	93.5
plant_arabidopsis	camelina	SYN_GO0021700	biological_process	specific	201	193	0.9602	92.7
plant_arabidopsis	camelina	SYN_GO0090698	biological_process	specific	194	189	0.9742	91.9
plant_arabidopsis	camelina	SYN_GO0010073	biological_process	specific	169	165	0.9763	91.2
plant_arabidopsis	camelina	SYN_GO0010016	biological_process	specific	151	145	0.9603	92.3
plant_arabidopsis	camelina	SYN_GO0009860	biological_process	specific	133	125	0.9398	93.6
plant_arabidopsis	camelina	SYN_GO0010087	biological_process	specific	126	122	0.9683	91.1
plant_arabidopsis	camelina	SYN_GO0090697	biological_process	specific	121	117	0.9669	91.8
plant_arabidopsis	camelina	SYN_GO0051254	biological_process	other	249	238	0.9558	88.4
plant_arabidopsis	camelina	SYN_GO0045893	biological_process	other	223	212	0.9507	88.25
plant_arabidopsis	camelina	SYN_GO0045229	biological_process	other	204	198	0.9706	94.1
plant_arabidopsis	camelina	SYN_GO0042594	biological_process	other	185	170	0.9189	91.15
plant_arabidopsis	camelina	SYN_GO0009751	biological_process	other	166	146	0.8795	88.45
plant_arabidopsis	camelina	SYN_GO0046907	biological_process	other	143	142	0.993	92.85
plant_arabidopsis	camelina	SYN_GO0002682	biological_process	other	122	116	0.9508	90.05
plant_arabidopsis	camelina	SYN_GO0009832	biological_process	other	113	110	0.9735	95.4
plant_arabidopsis	camelina	SYN_GO0019748	biological_process	conserved	107	102	0.9533	93.35
plant_arabidopsis	camelina	SYN_GO0006310	biological_process	conserved	98	95	0.9694	89.0
plant_arabidopsis	camelina	SYN_GO0019760	biological_process	conserved	91	77	0.8462	88.9
plant_arabidopsis	camelina	SYN_GO0006753	biological_process	conserved	86	82	0.9535	95.4
plant_arabidopsis	camelina	SYN_GO0019941	biological_process	conserved	79	70	0.8861	93.4
plant_arabidopsis	camelina	SYN_GO0034655	biological_process	conserved	73	70	0.9589	92.05
plant_arabidopsis	camelina	SYN_GO0000377	biological_process	conserved	69	67	0.971	91.0
plant_arabidopsis	camelina	SYN_GO0006066	biological_process	conserved	64	63	0.9844	93.8
plant_arabidopsis	camelina	SYN_GO0009845	biological_process	specific	106	101	0.9528	92.1
plant_arabidopsis	camelina	SYN_GO0048466	biological_process	specific	98	95	0.9694	91.3
plant_arabidopsis	camelina	SYN_GO0098727	biological_process	specific	86	85	0.9884	89.7
plant_arabidopsis	camelina	SYN_GO0009738	biological_process	specific	81	80	0.9877	90.75
plant_arabidopsis	camelina	SYN_GO0009561	biological_process	specific	77	70	0.9091	89.85
plant_arabidopsis	camelina	SYN_GO0010101	biological_process	specific	75	73	0.9733	92.0
plant_arabidopsis	camelina	SYN_GO0009867	biological_process	specific	71	65	0.9155	90.7
plant_arabidopsis	camelina	SYN_GO0048653	biological_process	specific	69	67	0.971	89.7
plant_arabidopsis	camelina	SYN_GO0006811	biological_process	other	107	101	0.9439	92.8
plant_arabidopsis	camelina	SYN_GO0071482	biological_process	other	99	95	0.9596	91.1
plant_arabidopsis	camelina	SYN_GO0009637	biological_process	other	94	90	0.9574	90.3
plant_arabidopsis	camelina	SYN_GO0000226	biological_process	other	86	85	0.9884	90.9
plant_arabidopsis	camelina	SYN_GO0023056	biological_process	other	79	73	0.9241	90.8
plant_arabidopsis	camelina	SYN_GO0046686	biological_process	other	75	68	0.9067	92.05
plant_arabidopsis	camelina	SYN_GO0022613	biological_process	other	71	69	0.9718	91.1
plant_arabidopsis	camelina	SYN_GO0070828	biological_process	other	64	63	0.9844	84.6
plant_arabidopsis	camelina	SYN_GO0000278	biological_process	conserved	59	56	0.9492	92.25
plant_arabidopsis	camelina	SYN_GO0170038	biological_process	conserved	56	53	0.9464	94.1
plant_arabidopsis	camelina	SYN_GO0000959	biological_process	conserved	54	46	0.8519	89.7
plant_arabidopsis	camelina	SYN_GO0006351	biological_process	conserved	50	50	1.0	89.3
plant_arabidopsis	camelina	SYN_GO0046486	biological_process	conserved	48	48	1.0	92.35
plant_arabidopsis	camelina	SYN_GO0070918	biological_process	conserved	45	45	1.0	90.9
plant_arabidopsis	camelina	SYN_GO0009308	biological_process	conserved	44	42	0.9545	92.95
plant_arabidopsis	camelina	SYN_GO1903047	biological_process	conserved	41	40	0.9756	92.6
plant_arabidopsis	camelina	SYN_GO0002253	biological_process	specific	59	55	0.9322	90.4
plant_arabidopsis	camelina	SYN_GO0002218	biological_process	specific	57	54	0.9474	90.6
plant_arabidopsis	camelina	SYN_GO0010311	biological_process	specific	56	55	0.9821	92.6
plant_arabidopsis	camelina	SYN_GO0010214	biological_process	specific	53	47	0.8868	93.3
plant_arabidopsis	camelina	SYN_GO0010183	biological_process	specific	50	44	0.88	90.7
plant_arabidopsis	camelina	SYN_GO0010078	biological_process	specific	46	46	1.0	89.4
plant_arabidopsis	camelina	SYN_GO0009567	biological_process	specific	45	40	0.8889	91.9
plant_arabidopsis	camelina	SYN_GO0009742	biological_process	specific	44	39	0.8864	95.5
plant_arabidopsis	camelina	SYN_GO0010565	biological_process	other	60	58	0.9667	88.9
plant_arabidopsis	camelina	SYN_GO0051052	biological_process	other	57	56	0.9825	89.2
plant_arabidopsis	camelina	SYN_GO0071470	biological_process	other	52	50	0.9615	90.85
plant_arabidopsis	camelina	SYN_GO0040011	biological_process	other	50	44	0.88	90.7
plant_arabidopsis	camelina	SYN_GO0051606	biological_process	other	49	49	1.0	91.2
plant_arabidopsis	camelina	SYN_GO0009668	biological_process	other	47	46	0.9787	92.2
plant_arabidopsis	camelina	SYN_GO0048510	biological_process	other	44	42	0.9545	88.45
plant_arabidopsis	camelina	SYN_GO0010109	biological_process	other	43	43	1.0	92.4
plant_arabidopsis	camelina	SYN_GO0046983	molecular_function	other	232	228	0.9828	91.6
plant_arabidopsis	camelina	SYN_GO0003735	molecular_function	other	196	155	0.7908	97.6
plant_arabidopsis	camelina	SYN_GO0016758	molecular_function	other	174	160	0.9195	92.3
plant_arabidopsis	camelina	SYN_GO0004674	molecular_function	other	159	156	0.9811	94.25
plant_arabidopsis	camelina	SYN_GO0016705	molecular_function	other	130	120	0.9231	92.4
plant_arabidopsis	camelina	SYN_GO0005507	molecular_function	other	122	113	0.9262	95.7
plant_arabidopsis	camelina	SYN_GO0000166	molecular_function	other	113	111	0.9823	94.9
plant_arabidopsis	camelina	SYN_GO0008092	molecular_function	other	103	102	0.9903	89.75
plant_arabidopsis	camelina	SYN_GO0046527	molecular_function	other	98	84	0.8571	90.55
plant_arabidopsis	camelina	SYN_GO0032553	molecular_function	other	87	85	0.977	95.7
plant_arabidopsis	camelina	SYN_GO0032555	molecular_function	other	81	79	0.9753	95.7
plant_arabidopsis	camelina	SYN_GO0035639	molecular_function	other	78	76	0.9744	95.75
plant_arabidopsis	camelina	SYN_GO0035251	molecular_function	other	75	63	0.84	89.4
plant_arabidopsis	camelina	SYN_GO0016835	molecular_function	other	72	66	0.9167	91.8
plant_arabidopsis	camelina	SYN_GO0060090	molecular_function	other	69	66	0.9565	89.25
plant_arabidopsis	camelina	SYN_GO0038023	molecular_function	other	64	62	0.9688	93.2
plant_arabidopsis	camelina	SYN_GO0032559	molecular_function	other	60	59	0.9833	95.3
plant_arabidopsis	camelina	SYN_GO0016407	molecular_function	other	55	54	0.9818	91.15
plant_arabidopsis	camelina	SYN_GO0140677	molecular_function	other	52	51	0.9808	89.9
plant_arabidopsis	camelina	SYN_GO0016836	molecular_function	other	51	50	0.9804	93.7
plant_arabidopsis	camelina	SYN_GO0015399	molecular_function	other	48	45	0.9375	94.7
plant_arabidopsis	camelina	SYN_GO0004519	molecular_function	other	47	47	1.0	90.5
plant_arabidopsis	camelina	SYN_GO0004620	molecular_function	other	43	41	0.9535	91.3
plant_arabidopsis	camelina	SYN_GO0042626	molecular_function	other	42	40	0.9524	94.55
plant_arabidopsis	camelina	SYN_GO0005654	cellular_component	other	248	240	0.9677	89.45
plant_arabidopsis	camelina	SYN_GO0140513	cellular_component	other	228	216	0.9474	90.15
plant_arabidopsis	camelina	SYN_GO0005856	cellular_component	other	188	184	0.9787	90.15
plant_arabidopsis	camelina	SYN_GO0005789	cellular_component	other	185	178	0.9622	92.85
plant_arabidopsis	camelina	SYN_GO0005774	cellular_component	other	171	165	0.9649	93.7
plant_arabidopsis	camelina	SYN_GO0098796	cellular_component	other	164	143	0.872	95.8
plant_arabidopsis	camelina	SYN_GO0099503	cellular_component	other	157	145	0.9236	91.8
plant_arabidopsis	camelina	SYN_GO0042995	cellular_component	other	133	124	0.9323	92.0
plant_arabidopsis	camelina	SYN_GO0099513	cellular_component	other	112	109	0.9732	89.6
plant_arabidopsis	camelina	SYN_GO0000785	cellular_component	other	108	105	0.9722	89.1
plant_arabidopsis	camelina	SYN_GO0016604	cellular_component	other	103	100	0.9709	89.85
plant_arabidopsis	camelina	SYN_GO0005874	cellular_component	other	101	98	0.9703	89.45
plant_arabidopsis	camelina	SYN_GO1990351	cellular_component	other	86	71	0.8256	96.5
plant_arabidopsis	camelina	SYN_GO1990204	cellular_component	other	80	68	0.85	96.65
plant_arabidopsis	camelina	SYN_GO0000138	cellular_component	other	75	73	0.9733	95.2
plant_arabidopsis	camelina	SYN_GO0030659	cellular_component	other	68	67	0.9853	94.6
plant_arabidopsis	camelina	SYN_GO0042646	cellular_component	other	56	50	0.8929	91.45
plant_arabidopsis	camelina	SYN_GO0000228	cellular_component	other	51	50	0.9804	90.8
plant_arabidopsis	camelina	SYN_GO0031978	cellular_component	other	51	49	0.9608	91.9
plant_arabidopsis	camelina	SYN_GO0010287	cellular_component	other	51	43	0.8431	94.6
plant_arabidopsis	camelina	SYN_GO0042644	cellular_component	other	49	43	0.8776	91.7
plant_arabidopsis	camelina	SYN_GO0055028	cellular_component	other	47	46	0.9787	89.15
plant_arabidopsis	camelina	SYN_GO0030880	cellular_component	other	46	43	0.9348	93.4
plant_arabidopsis	camelina	SYN_GO0000502	cellular_component	other	44	40	0.9091	97.9
plant_arabidopsis	capsella	SYN_GO1901135	biological_process	conserved	246	217	0.8821	91.9
plant_arabidopsis	capsella	SYN_GO0022402	biological_process	conserved	215	203	0.9442	90.8
plant_arabidopsis	capsella	SYN_GO0006793	biological_process	conserved	193	170	0.8808	93.8
plant_arabidopsis	capsella	SYN_GO0006796	biological_process	conserved	184	176	0.9565	93.3
plant_arabidopsis	capsella	SYN_GO0016071	biological_process	conserved	163	140	0.8589	89.75
plant_arabidopsis	capsella	SYN_GO0016051	biological_process	conserved	145	135	0.931	94.6
plant_arabidopsis	capsella	SYN_GO0070647	biological_process	conserved	134	120	0.8955	90.15
plant_arabidopsis	capsella	SYN_GO1901137	biological_process	conserved	127	116	0.9134	92.85
plant_arabidopsis	capsella	SYN_GO0009826	biological_process	specific	247	229	0.9271	93.6
plant_arabidopsis	capsella	SYN_GO0021700	biological_process	specific	201	190	0.9453	93.0
plant_arabidopsis	capsella	SYN_GO0090698	biological_process	specific	194	185	0.9536	91.7
plant_arabidopsis	capsella	SYN_GO0010073	biological_process	specific	169	160	0.9467	90.5
plant_arabidopsis	capsella	SYN_GO0010016	biological_process	specific	151	142	0.9404	91.75
plant_arabidopsis	capsella	SYN_GO0009860	biological_process	specific	133	119	0.8947	93.7
plant_arabidopsis	capsella	SYN_GO0010087	biological_process	specific	126	121	0.9603	90.6
plant_arabidopsis	capsella	SYN_GO0090697	biological_process	specific	121	119	0.9835	90.8
plant_arabidopsis	capsella	SYN_GO0051254	biological_process	other	249	239	0.9598	87.8
plant_arabidopsis	capsella	SYN_GO0045893	biological_process	other	223	215	0.9641	87.5
plant_arabidopsis	capsella	SYN_GO0045229	biological_process	other	204	188	0.9216	93.35
plant_arabidopsis	capsella	SYN_GO0042594	biological_process	other	185	164	0.8865	90.95
plant_arabidopsis	capsella	SYN_GO0009751	biological_process	other	166	140	0.8434	88.2
plant_arabidopsis	capsella	SYN_GO0046907	biological_process	other	143	140	0.979	93.05
plant_arabidopsis	capsella	SYN_GO0002682	biological_process	other	122	111	0.9098	90.5
plant_arabidopsis	capsella	SYN_GO0009832	biological_process	other	113	109	0.9646	94.8
plant_arabidopsis	capsella	SYN_GO0019748	biological_process	conserved	107	98	0.9159	93.2
plant_arabidopsis	capsella	SYN_GO0006310	biological_process	conserved	98	93	0.949	88.3
plant_arabidopsis	capsella	SYN_GO0019760	biological_process	conserved	91	77	0.8462	88.2
plant_arabidopsis	capsella	SYN_GO0006753	biological_process	conserved	86	76	0.8837	95.75
plant_arabidopsis	capsella	SYN_GO0019941	biological_process	conserved	79	69	0.8734	93.5
plant_arabidopsis	capsella	SYN_GO0034655	biological_process	conserved	73	64	0.8767	91.3
plant_arabidopsis	capsella	SYN_GO0000377	biological_process	conserved	69	58	0.8406	90.2
plant_arabidopsis	capsella	SYN_GO0006066	biological_process	conserved	64	62	0.9688	93.65
plant_arabidopsis	capsella	SYN_GO0009845	biological_process	specific	106	96	0.9057	91.65
plant_arabidopsis	capsella	SYN_GO0048466	biological_process	specific	98	93	0.949	90.2
plant_arabidopsis	capsella	SYN_GO0098727	biological_process	specific	86	84	0.9767	89.7
plant_arabidopsis	capsella	SYN_GO0009738	biological_process	specific	81	79	0.9753	90.4
plant_arabidopsis	capsella	SYN_GO0009561	biological_process	specific	77	70	0.9091	89.65
plant_arabidopsis	capsella	SYN_GO0010101	biological_process	specific	75	74	0.9867	91.2
plant_arabidopsis	capsella	SYN_GO0009867	biological_process	specific	71	64	0.9014	91.5
plant_arabidopsis	capsella	SYN_GO0048653	biological_process	specific	69	67	0.971	89.6
plant_arabidopsis	capsella	SYN_GO0006811	biological_process	other	107	99	0.9252	92.0
plant_arabidopsis	capsella	SYN_GO0071482	biological_process	other	99	94	0.9495	90.4
plant_arabidopsis	capsella	SYN_GO0009637	biological_process	other	94	88	0.9362	90.65
plant_arabidopsis	capsella	SYN_GO0000226	biological_process	other	86	82	0.9535	91.1
plant_arabidopsis	capsella	SYN_GO0023056	biological_process	other	79	73	0.9241	90.2
plant_arabidopsis	capsella	SYN_GO0046686	biological_process	other	75	68	0.9067	91.05
plant_arabidopsis	capsella	SYN_GO0022613	biological_process	other	71	68	0.9577	90.75
plant_arabidopsis	capsella	SYN_GO0070828	biological_process	other	64	63	0.9844	84.1
plant_arabidopsis	capsella	SYN_GO0000278	biological_process	conserved	59	55	0.9322	92.9
plant_arabidopsis	capsella	SYN_GO0170038	biological_process	conserved	56	51	0.9107	94.1
plant_arabidopsis	capsella	SYN_GO0000959	biological_process	conserved	54	41	0.7593	88.1
plant_arabidopsis	capsella	SYN_GO0006351	biological_process	conserved	50	49	0.98	88.3
plant_arabidopsis	capsella	SYN_GO0046486	biological_process	conserved	48	48	1.0	92.0
plant_arabidopsis	capsella	SYN_GO0070918	biological_process	conserved	45	44	0.9778	90.05
plant_arabidopsis	capsella	SYN_GO0009308	biological_process	conserved	44	39	0.8864	92.7
plant_arabidopsis	capsella	SYN_GO1903047	biological_process	conserved	41	39	0.9512	92.9
plant_arabidopsis	capsella	SYN_GO0002253	biological_process	specific	59	52	0.8814	90.65
plant_arabidopsis	capsella	SYN_GO0002218	biological_process	specific	57	50	0.8772	91.1
plant_arabidopsis	capsella	SYN_GO0010311	biological_process	specific	56	55	0.9821	92.2
plant_arabidopsis	capsella	SYN_GO0010214	biological_process	specific	53	48	0.9057	92.75
plant_arabidopsis	capsella	SYN_GO0010183	biological_process	specific	50	43	0.86	90.4
plant_arabidopsis	capsella	SYN_GO0010078	biological_process	specific	46	46	1.0	90.3
plant_arabidopsis	capsella	SYN_GO0009567	biological_process	specific	45	37	0.8222	90.3
plant_arabidopsis	capsella	SYN_GO0009742	biological_process	specific	44	39	0.8864	96.0
plant_arabidopsis	capsella	SYN_GO0010565	biological_process	other	60	56	0.9333	89.1
plant_arabidopsis	capsella	SYN_GO0051052	biological_process	other	57	55	0.9649	89.8
plant_arabidopsis	capsella	SYN_GO0071470	biological_process	other	52	50	0.9615	90.15
plant_arabidopsis	capsella	SYN_GO0040011	biological_process	other	50	43	0.86	90.4
plant_arabidopsis	capsella	SYN_GO0051606	biological_process	other	49	47	0.9592	91.5
plant_arabidopsis	capsella	SYN_GO0009668	biological_process	other	47	45	0.9574	93.1
plant_arabidopsis	capsella	SYN_GO0048510	biological_process	other	44	40	0.9091	87.55
plant_arabidopsis	capsella	SYN_GO0010109	biological_process	other	43	43	1.0	92.7
plant_arabidopsis	capsella	SYN_GO0046983	molecular_function	other	232	225	0.9698	90.9
plant_arabidopsis	capsella	SYN_GO0003735	molecular_function	other	196	137	0.699	97.3
plant_arabidopsis	capsella	SYN_GO0016758	molecular_function	other	174	156	0.8966	92.15
plant_arabidopsis	capsella	SYN_GO0004674	molecular_function	other	159	150	0.9434	94.4
plant_arabidopsis	capsella	SYN_GO0016705	molecular_function	other	130	111	0.8538	91.9
plant_arabidopsis	capsella	SYN_GO0005507	molecular_function	other	122	110	0.9016	95.7
plant_arabidopsis	capsella	SYN_GO0000166	molecular_function	other	113	107	0.9469	94.6
plant_arabidopsis	capsella	SYN_GO0008092	molecular_function	other	103	102	0.9903	90.4
plant_arabidopsis	capsella	SYN_GO0046527	molecular_function	other	98	82	0.8367	89.7
plant_arabidopsis	capsella	SYN_GO0032553	molecular_function	other	87	84	0.9655	95.9
plant_arabidopsis	capsella	SYN_GO0032555	molecular_function	other	81	79	0.9753	95.9
plant_arabidopsis	capsella	SYN_GO0035639	molecular_function	other	78	76	0.9744	95.9
plant_arabidopsis	capsella	SYN_GO0035251	molecular_function	other	75	61	0.8133	88.9
plant_arabidopsis	capsella	SYN_GO0016835	molecular_function	other	72	61	0.8472	92.7
plant_arabidopsis	capsella	SYN_GO0060090	molecular_function	other	69	67	0.971	89.5
plant_arabidopsis	capsella	SYN_GO0038023	molecular_function	other	64	60	0.9375	92.85
plant_arabidopsis	capsella	SYN_GO0032559	molecular_function	other	60	58	0.9667	95.1
plant_arabidopsis	capsella	SYN_GO0016407	molecular_function	other	55	52	0.9455	91.65
plant_arabidopsis	capsella	SYN_GO0140677	molecular_function	other	52	49	0.9423	89.1
plant_arabidopsis	capsella	SYN_GO0016836	molecular_function	other	51	46	0.902	93.75
plant_arabidopsis	capsella	SYN_GO0015399	molecular_function	other	48	45	0.9375	95.0
plant_arabidopsis	capsella	SYN_GO0004519	molecular_function	other	47	46	0.9787	90.85
plant_arabidopsis	capsella	SYN_GO0004620	molecular_function	other	43	37	0.8605	91.4
plant_arabidopsis	capsella	SYN_GO0042626	molecular_function	other	42	39	0.9286	94.4
plant_arabidopsis	capsella	SYN_GO0005654	cellular_component	other	248	230	0.9274	89.55
plant_arabidopsis	capsella	SYN_GO0140513	cellular_component	other	228	208	0.9123	90.15
plant_arabidopsis	capsella	SYN_GO0005856	cellular_component	other	188	181	0.9628	90.0
plant_arabidopsis	capsella	SYN_GO0005789	cellular_component	other	185	172	0.9297	92.95
plant_arabidopsis	capsella	SYN_GO0005774	cellular_component	other	171	160	0.9357	94.5
plant_arabidopsis	capsella	SYN_GO0098796	cellular_component	other	164	130	0.7927	95.65
plant_arabidopsis	capsella	SYN_GO0099503	cellular_component	other	157	137	0.8726	91.6
plant_arabidopsis	capsella	SYN_GO0042995	cellular_component	other	133	118	0.8872	92.2
plant_arabidopsis	capsella	SYN_GO0099513	cellular_component	other	112	108	0.9643	89.45
plant_arabidopsis	capsella	SYN_GO0000785	cellular_component	other	108	105	0.9722	88.1
plant_arabidopsis	capsella	SYN_GO0016604	cellular_component	other	103	95	0.9223	90.2
plant_arabidopsis	capsella	SYN_GO0005874	cellular_component	other	101	98	0.9703	89.45
plant_arabidopsis	capsella	SYN_GO1990351	cellular_component	other	86	60	0.6977	96.55
plant_arabidopsis	capsella	SYN_GO1990204	cellular_component	other	80	56	0.7	96.65
plant_arabidopsis	capsella	SYN_GO0000138	cellular_component	other	75	72	0.96	95.3
plant_arabidopsis	capsella	SYN_GO0030659	cellular_component	other	68	65	0.9559	94.5
plant_arabidopsis	capsella	SYN_GO0042646	cellular_component	other	56	48	0.8571	91.25
plant_arabidopsis	capsella	SYN_GO0000228	cellular_component	other	51	50	0.9804	88.85
plant_arabidopsis	capsella	SYN_GO0031978	cellular_component	other	51	48	0.9412	91.85
plant_arabidopsis	capsella	SYN_GO0010287	cellular_component	other	51	44	0.8627	93.55
plant_arabidopsis	capsella	SYN_GO0042644	cellular_component	other	49	42	0.8571	90.95
plant_arabidopsis	capsella	SYN_GO0055028	cellular_component	other	47	47	1.0	90.0
plant_arabidopsis	capsella	SYN_GO0030880	cellular_component	other	46	41	0.8913	94.0
plant_arabidopsis	capsella	SYN_GO0000502	cellular_component	other	44	39	0.8864	98.3
plant_arabidopsis	chlamydomonas	SYN_GO1901135	biological_process	conserved	246	57	0.2317	49.5
plant_arabidopsis	chlamydomonas	SYN_GO0022402	biological_process	conserved	215	49	0.2279	42.9
plant_arabidopsis	chlamydomonas	SYN_GO0006793	biological_process	conserved	193	62	0.3212	50.3
plant_arabidopsis	chlamydomonas	SYN_GO0006796	biological_process	conserved	184	29	0.1576	47.8
plant_arabidopsis	chlamydomonas	SYN_GO0016071	biological_process	conserved	163	42	0.2577	51.9
plant_arabidopsis	chlamydomonas	SYN_GO0016051	biological_process	conserved	145	22	0.1517	49.95
plant_arabidopsis	chlamydomonas	SYN_GO0070647	biological_process	conserved	134	26	0.194	43.9
plant_arabidopsis	chlamydomonas	SYN_GO1901137	biological_process	conserved	127	38	0.2992	50.75
plant_arabidopsis	chlamydomonas	SYN_GO0009826	biological_process	specific	247	46	0.1862	39.75
plant_arabidopsis	chlamydomonas	SYN_GO0021700	biological_process	specific	201	25	0.1244	41.9
plant_arabidopsis	chlamydomonas	SYN_GO0090698	biological_process	specific	194	26	0.134	46.4
plant_arabidopsis	chlamydomonas	SYN_GO0010073	biological_process	specific	169	18	0.1065	50.95
plant_arabidopsis	chlamydomonas	SYN_GO0010016	biological_process	specific	151	26	0.1722	41.9
plant_arabidopsis	chlamydomonas	SYN_GO0009860	biological_process	specific	133	25	0.188	40.0
plant_arabidopsis	chlamydomonas	SYN_GO0010087	biological_process	specific	126	11	0.0873	35.2
plant_arabidopsis	chlamydomonas	SYN_GO0090697	biological_process	specific	121	19	0.157	51.5
plant_arabidopsis	chlamydomonas	SYN_GO0051254	biological_process	other	249	12	0.0482	46.7
plant_arabidopsis	chlamydomonas	SYN_GO0045893	biological_process	other	223	8	0.0359	45.0
plant_arabidopsis	chlamydomonas	SYN_GO0045229	biological_process	other	204	22	0.1078	37.45
plant_arabidopsis	chlamydomonas	SYN_GO0042594	biological_process	other	185	37	0.2	49.1
plant_arabidopsis	chlamydomonas	SYN_GO0009751	biological_process	other	166	14	0.0843	41.6
plant_arabidopsis	chlamydomonas	SYN_GO0046907	biological_process	other	143	50	0.3497	38.6
plant_arabidopsis	chlamydomonas	SYN_GO0002682	biological_process	other	122	7	0.0574	49.5
plant_arabidopsis	chlamydomonas	SYN_GO0009832	biological_process	other	113	15	0.1327	41.9
plant_arabidopsis	chlamydomonas	SYN_GO0019748	biological_process	conserved	107	5	0.0467	46.2
plant_arabidopsis	chlamydomonas	SYN_GO0006310	biological_process	conserved	98	27	0.2755	40.1
plant_arabidopsis	chlamydomonas	SYN_GO0019760	biological_process	conserved	91	3	0.033	64.4
plant_arabidopsis	chlamydomonas	SYN_GO0006753	biological_process	conserved	86	30	0.3488	52.35
plant_arabidopsis	chlamydomonas	SYN_GO0019941	biological_process	conserved	79	18	0.2278	57.15
plant_arabidopsis	chlamydomonas	SYN_GO0034655	biological_process	conserved	73	18	0.2466	45.1
plant_arabidopsis	chlamydomonas	SYN_GO0000377	biological_process	conserved	69	26	0.3768	54.7
plant_arabidopsis	chlamydomonas	SYN_GO0006066	biological_process	conserved	64	24	0.375	45.55
plant_arabidopsis	chlamydomonas	SYN_GO0009845	biological_process	specific	106	18	0.1698	44.4
plant_arabidopsis	chlamydomonas	SYN_GO0048466	biological_process	specific	98	8	0.0816	39.3
plant_arabidopsis	chlamydomonas	SYN_GO0098727	biological_process	specific	86	6	0.0698	50.75
plant_arabidopsis	chlamydomonas	SYN_GO0009738	biological_process	specific	81	7	0.0864	45.9
plant_arabidopsis	chlamydomonas	SYN_GO0009561	biological_process	specific	77	19	0.2468	45.3
plant_arabidopsis	chlamydomonas	SYN_GO0010101	biological_process	specific	75	14	0.1867	36.25
plant_arabidopsis	chlamydomonas	SYN_GO0009867	biological_process	specific	71	9	0.1268	43.4
plant_arabidopsis	chlamydomonas	SYN_GO0048653	biological_process	specific	69	4	0.058	32.9
plant_arabidopsis	chlamydomonas	SYN_GO0006811	biological_process	other	107	17	0.1589	45.4
plant_arabidopsis	chlamydomonas	SYN_GO0071482	biological_process	other	99	20	0.202	44.75
plant_arabidopsis	chlamydomonas	SYN_GO0009637	biological_process	other	94	12	0.1277	43.15
plant_arabidopsis	chlamydomonas	SYN_GO0000226	biological_process	other	86	19	0.2209	40.3
plant_arabidopsis	chlamydomonas	SYN_GO0023056	biological_process	other	79	9	0.1139	47.4
plant_arabidopsis	chlamydomonas	SYN_GO0046686	biological_process	other	75	20	0.2667	52.9
plant_arabidopsis	chlamydomonas	SYN_GO0022613	biological_process	other	71	33	0.4648	45.7
plant_arabidopsis	chlamydomonas	SYN_GO0070828	biological_process	other	64	6	0.0938	53.2
plant_arabidopsis	chlamydomonas	SYN_GO0000278	biological_process	conserved	59	12	0.2034	44.1
plant_arabidopsis	chlamydomonas	SYN_GO0170038	biological_process	conserved	56	26	0.4643	57.65
plant_arabidopsis	chlamydomonas	SYN_GO0000959	biological_process	conserved	54	1	0.0185	54.4
plant_arabidopsis	chlamydomonas	SYN_GO0006351	biological_process	conserved	50	4	0.08	37.2
plant_arabidopsis	chlamydomonas	SYN_GO0046486	biological_process	conserved	48	19	0.3958	44.5
plant_arabidopsis	chlamydomonas	SYN_GO0070918	biological_process	conserved	45	11	0.2444	46.0
plant_arabidopsis	chlamydomonas	SYN_GO0009308	biological_process	conserved	44	9	0.2045	56.1
plant_arabidopsis	chlamydomonas	SYN_GO1903047	biological_process	conserved	41	9	0.2195	45.4
plant_arabidopsis	chlamydomonas	SYN_GO0002253	biological_process	specific	59	3	0.0508	52.2
plant_arabidopsis	chlamydomonas	SYN_GO0002218	biological_process	specific	57	3	0.0526	52.2
plant_arabidopsis	chlamydomonas	SYN_GO0010311	biological_process	specific	56	11	0.1964	34.8
plant_arabidopsis	chlamydomonas	SYN_GO0010214	biological_process	specific	53	5	0.0943	45.1
plant_arabidopsis	chlamydomonas	SYN_GO0010183	biological_process	specific	50	8	0.16	37.7
plant_arabidopsis	chlamydomonas	SYN_GO0010078	biological_process	specific	46	4	0.087	47.9
plant_arabidopsis	chlamydomonas	SYN_GO0009567	biological_process	specific	45	6	0.1333	40.3
plant_arabidopsis	chlamydomonas	SYN_GO0009742	biological_process	specific	44	3	0.0682	38.1
plant_arabidopsis	chlamydomonas	SYN_GO0010565	biological_process	other	60	6	0.1	44.6
plant_arabidopsis	chlamydomonas	SYN_GO0051052	biological_process	other	57	13	0.2281	41.2
plant_arabidopsis	chlamydomonas	SYN_GO0071470	biological_process	other	52	2	0.0385	28.4
plant_arabidopsis	chlamydomonas	SYN_GO0040011	biological_process	other	50	8	0.16	37.7
plant_arabidopsis	chlamydomonas	SYN_GO0051606	biological_process	other	49	4	0.0816	61.5
plant_arabidopsis	chlamydomonas	SYN_GO0009668	biological_process	other	47	27	0.5745	50.0
plant_arabidopsis	chlamydomonas	SYN_GO0048510	biological_process	other	44	6	0.1364	39.05
plant_arabidopsis	chlamydomonas	SYN_GO0010109	biological_process	other	43	21	0.4884	46.1
plant_arabidopsis	chlamydomonas	SYN_GO0046983	molecular_function	other	232	45	0.194	47.7
plant_arabidopsis	chlamydomonas	SYN_GO0003735	molecular_function	other	196	78	0.398	70.8
plant_arabidopsis	chlamydomonas	SYN_GO0016758	molecular_function	other	174	20	0.1149	44.3
plant_arabidopsis	chlamydomonas	SYN_GO0004674	molecular_function	other	159	20	0.1258	56.3
plant_arabidopsis	chlamydomonas	SYN_GO0016705	molecular_function	other	130	22	0.1692	44.15
plant_arabidopsis	chlamydomonas	SYN_GO0005507	molecular_function	other	122	46	0.377	61.05
plant_arabidopsis	chlamydomonas	SYN_GO0000166	molecular_function	other	113	49	0.4336	59.1
plant_arabidopsis	chlamydomonas	SYN_GO0008092	molecular_function	other	103	9	0.0874	35.3
plant_arabidopsis	chlamydomonas	SYN_GO0046527	molecular_function	other	98	8	0.0816	42.25
plant_arabidopsis	chlamydomonas	SYN_GO0032553	molecular_function	other	87	42	0.4828	62.15
plant_arabidopsis	chlamydomonas	SYN_GO0032555	molecular_function	other	81	39	0.4815	63.3
plant_arabidopsis	chlamydomonas	SYN_GO0035639	molecular_function	other	78	38	0.4872	63.8
plant_arabidopsis	chlamydomonas	SYN_GO0035251	molecular_function	other	75	2	0.0267	39.7
plant_arabidopsis	chlamydomonas	SYN_GO0016835	molecular_function	other	72	21	0.2917	56.5
plant_arabidopsis	chlamydomonas	SYN_GO0060090	molecular_function	other	69	14	0.2029	45.5
plant_arabidopsis	chlamydomonas	SYN_GO0038023	molecular_function	other	64	1	0.0156	44.2
plant_arabidopsis	chlamydomonas	SYN_GO0032559	molecular_function	other	60	32	0.5333	59.55
plant_arabidopsis	chlamydomonas	SYN_GO0016407	molecular_function	other	55	17	0.3091	45.3
plant_arabidopsis	chlamydomonas	SYN_GO0140677	molecular_function	other	52	11	0.2115	48.9
plant_arabidopsis	chlamydomonas	SYN_GO0016836	molecular_function	other	51	20	0.3922	56.1
plant_arabidopsis	chlamydomonas	SYN_GO0015399	molecular_function	other	48	14	0.2917	51.85
plant_arabidopsis	chlamydomonas	SYN_GO0004519	molecular_function	other	47	10	0.2128	40.3
plant_arabidopsis	chlamydomonas	SYN_GO0004620	molecular_function	other	43	4	0.093	41.05
plant_arabidopsis	chlamydomonas	SYN_GO0042626	molecular_function	other	42	11	0.2619	47.0
plant_arabidopsis	chlamydomonas	SYN_GO0005654	cellular_component	other	248	67	0.2702	47.2
plant_arabidopsis	chlamydomonas	SYN_GO0140513	cellular_component	other	228	68	0.2982	46.0
plant_arabidopsis	chlamydomonas	SYN_GO0005856	cellular_component	other	188	27	0.1436	44.2
plant_arabidopsis	chlamydomonas	SYN_GO0005789	cellular_component	other	185	37	0.2	35.2
plant_arabidopsis	chlamydomonas	SYN_GO0005774	cellular_component	other	171	33	0.193	37.0
plant_arabidopsis	chlamydomonas	SYN_GO0098796	cellular_component	other	164	68	0.4146	45.75
plant_arabidopsis	chlamydomonas	SYN_GO0099503	cellular_component	other	157	20	0.1274	47.2
plant_arabidopsis	chlamydomonas	SYN_GO0042995	cellular_component	other	133	10	0.0752	34.3
plant_arabidopsis	chlamydomonas	SYN_GO0099513	cellular_component	other	112	17	0.1518	45.6
plant_arabidopsis	chlamydomonas	SYN_GO0000785	cellular_component	other	108	30	0.2778	47.5
plant_arabidopsis	chlamydomonas	SYN_GO0016604	cellular_component	other	103	28	0.2718	51.6
plant_arabidopsis	chlamydomonas	SYN_GO0005874	cellular_component	other	101	15	0.1485	46.6
plant_arabidopsis	chlamydomonas	SYN_GO1990351	cellular_component	other	86	32	0.3721	51.1
plant_arabidopsis	chlamydomonas	SYN_GO1990204	cellular_component	other	80	29	0.3625	53.0
plant_arabidopsis	chlamydomonas	SYN_GO0000138	cellular_component	other	75	17	0.2267	45.2
plant_arabidopsis	chlamydomonas	SYN_GO0030659	cellular_component	other	68	18	0.2647	35.25
plant_arabidopsis	chlamydomonas	SYN_GO0042646	cellular_component	other	56	13	0.2321	41.7
plant_arabidopsis	chlamydomonas	SYN_GO0000228	cellular_component	other	51	19	0.3725	40.2
plant_arabidopsis	chlamydomonas	SYN_GO0031978	cellular_component	other	51	33	0.6471	47.8
plant_arabidopsis	chlamydomonas	SYN_GO0010287	cellular_component	other	51	30	0.5882	54.25
plant_arabidopsis	chlamydomonas	SYN_GO0042644	cellular_component	other	49	11	0.2245	41.7
plant_arabidopsis	chlamydomonas	SYN_GO0055028	cellular_component	other	47	6	0.1277	39.85
plant_arabidopsis	chlamydomonas	SYN_GO0030880	cellular_component	other	46	17	0.3696	46.0
plant_arabidopsis	chlamydomonas	SYN_GO0000502	cellular_component	other	44	27	0.6136	58.8
plant_arabidopsis	grape	SYN_GO1901135	biological_process	conserved	246	140	0.5691	70.6
plant_arabidopsis	grape	SYN_GO0022402	biological_process	conserved	215	154	0.7163	67.05
plant_arabidopsis	grape	SYN_GO0006793	biological_process	conserved	193	135	0.6995	73.2
plant_arabidopsis	grape	SYN_GO0006796	biological_process	conserved	184	117	0.6359	71.4
plant_arabidopsis	grape	SYN_GO0016071	biological_process	conserved	163	117	0.7178	67.1
plant_arabidopsis	grape	SYN_GO0016051	biological_process	conserved	145	96	0.6621	73.65
plant_arabidopsis	grape	SYN_GO0070647	biological_process	conserved	134	81	0.6045	64.5
plant_arabidopsis	grape	SYN_GO1901137	biological_process	conserved	127	77	0.6063	71.9
plant_arabidopsis	grape	SYN_GO0009826	biological_process	specific	247	135	0.5466	73.6
plant_arabidopsis	grape	SYN_GO0021700	biological_process	specific	201	117	0.5821	69.0
plant_arabidopsis	grape	SYN_GO0090698	biological_process	specific	194	129	0.6649	66.5
plant_arabidopsis	grape	SYN_GO0010073	biological_process	specific	169	90	0.5325	66.4
plant_arabidopsis	grape	SYN_GO0010016	biological_process	specific	151	104	0.6887	66.55
plant_arabidopsis	grape	SYN_GO0009860	biological_process	specific	133	67	0.5038	75.0
plant_arabidopsis	grape	SYN_GO0010087	biological_process	specific	126	72	0.5714	65.75
plant_arabidopsis	grape	SYN_GO0090697	biological_process	specific	121	78	0.6446	66.25
plant_arabidopsis	grape	SYN_GO0051254	biological_process	other	249	134	0.5382	57.2
plant_arabidopsis	grape	SYN_GO0045893	biological_process	other	223	117	0.5247	56.2
plant_arabidopsis	grape	SYN_GO0045229	biological_process	other	204	130	0.6373	72.7
plant_arabidopsis	grape	SYN_GO0042594	biological_process	other	185	109	0.5892	69.2
plant_arabidopsis	grape	SYN_GO0009751	biological_process	other	166	72	0.4337	62.1
plant_arabidopsis	grape	SYN_GO0046907	biological_process	other	143	118	0.8252	70.4
plant_arabidopsis	grape	SYN_GO0002682	biological_process	other	122	60	0.4918	64.75
plant_arabidopsis	grape	SYN_GO0009832	biological_process	other	113	70	0.6195	75.1
plant_arabidopsis	grape	SYN_GO0019748	biological_process	conserved	107	68	0.6355	75.1
plant_arabidopsis	grape	SYN_GO0006310	biological_process	conserved	98	67	0.6837	63.4
plant_arabidopsis	grape	SYN_GO0019760	biological_process	conserved	91	25	0.2747	56.9
plant_arabidopsis	grape	SYN_GO0006753	biological_process	conserved	86	60	0.6977	77.85
plant_arabidopsis	grape	SYN_GO0019941	biological_process	conserved	79	46	0.5823	68.95
plant_arabidopsis	grape	SYN_GO0034655	biological_process	conserved	73	55	0.7534	72.1
plant_arabidopsis	grape	SYN_GO0000377	biological_process	conserved	69	53	0.7681	70.9
plant_arabidopsis	grape	SYN_GO0006066	biological_process	conserved	64	49	0.7656	73.9
plant_arabidopsis	grape	SYN_GO0009845	biological_process	specific	106	69	0.6509	68.1
plant_arabidopsis	grape	SYN_GO0048466	biological_process	specific	98	64	0.6531	65.0
plant_arabidopsis	grape	SYN_GO0098727	biological_process	specific	86	39	0.4535	63.2
plant_arabidopsis	grape	SYN_GO0009738	biological_process	specific	81	51	0.6296	69.5
plant_arabidopsis	grape	SYN_GO0009561	biological_process	specific	77	39	0.5065	64.5
plant_arabidopsis	grape	SYN_GO0010101	biological_process	specific	75	47	0.6267	69.6
plant_arabidopsis	grape	SYN_GO0009867	biological_process	specific	71	43	0.6056	64.9
plant_arabidopsis	grape	SYN_GO0048653	biological_process	specific	69	45	0.6522	65.0
plant_arabidopsis	grape	SYN_GO0006811	biological_process	other	107	67	0.6262	71.9
plant_arabidopsis	grape	SYN_GO0071482	biological_process	other	99	66	0.6667	67.95
plant_arabidopsis	grape	SYN_GO0009637	biological_process	other	94	58	0.617	69.3
plant_arabidopsis	grape	SYN_GO0000226	biological_process	other	86	54	0.6279	65.05
plant_arabidopsis	grape	SYN_GO0023056	biological_process	other	79	40	0.5063	70.5
plant_arabidopsis	grape	SYN_GO0046686	biological_process	other	75	36	0.48	73.4
plant_arabidopsis	grape	SYN_GO0022613	biological_process	other	71	58	0.8169	67.45
plant_arabidopsis	grape	SYN_GO0070828	biological_process	other	64	46	0.7188	60.65
plant_arabidopsis	grape	SYN_GO0000278	biological_process	conserved	59	42	0.7119	66.85
plant_arabidopsis	grape	SYN_GO0170038	biological_process	conserved	56	37	0.6607	76.6
plant_arabidopsis	grape	SYN_GO0000959	biological_process	conserved	54	28	0.5185	60.85
plant_arabidopsis	grape	SYN_GO0006351	biological_process	conserved	50	34	0.68	63.85
plant_arabidopsis	grape	SYN_GO0046486	biological_process	conserved	48	35	0.7292	70.6
plant_arabidopsis	grape	SYN_GO0070918	biological_process	conserved	45	39	0.8667	66.5
plant_arabidopsis	grape	SYN_GO0009308	biological_process	conserved	44	25	0.5682	72.7
plant_arabidopsis	grape	SYN_GO1903047	biological_process	conserved	41	29	0.7073	66.3
plant_arabidopsis	grape	SYN_GO0002253	biological_process	specific	59	27	0.4576	64.4
plant_arabidopsis	grape	SYN_GO0002218	biological_process	specific	57	26	0.4561	64.75
plant_arabidopsis	grape	SYN_GO0010311	biological_process	specific	56	37	0.6607	68.7
plant_arabidopsis	grape	SYN_GO0010214	biological_process	specific	53	32	0.6038	70.25
plant_arabidopsis	grape	SYN_GO0010183	biological_process	specific	50	21	0.42	65.1
plant_arabidopsis	grape	SYN_GO0010078	biological_process	specific	46	19	0.413	64.8
plant_arabidopsis	grape	SYN_GO0009567	biological_process	specific	45	20	0.4444	66.25
plant_arabidopsis	grape	SYN_GO0009742	biological_process	specific	44	26	0.5909	76.15
plant_arabidopsis	grape	SYN_GO0010565	biological_process	other	60	35	0.5833	64.4
plant_arabidopsis	grape	SYN_GO0051052	biological_process	other	57	43	0.7544	62.9
plant_arabidopsis	grape	SYN_GO0071470	biological_process	other	52	34	0.6538	69.15
plant_arabidopsis	grape	SYN_GO0040011	biological_process	other	50	21	0.42	65.1
plant_arabidopsis	grape	SYN_GO0051606	biological_process	other	49	33	0.6735	66.1
plant_arabidopsis	grape	SYN_GO0009668	biological_process	other	47	41	0.8723	73.6
plant_arabidopsis	grape	SYN_GO0048510	biological_process	other	44	23	0.5227	61.0
plant_arabidopsis	grape	SYN_GO0010109	biological_process	other	43	34	0.7907	72.9
plant_arabidopsis	grape	SYN_GO0046983	molecular_function	other	232	164	0.7069	65.3
plant_arabidopsis	grape	SYN_GO0003735	molecular_function	other	196	86	0.4388	86.85
plant_arabidopsis	grape	SYN_GO0016758	molecular_function	other	174	98	0.5632	70.8
plant_arabidopsis	grape	SYN_GO0004674	molecular_function	other	159	101	0.6352	74.0
plant_arabidopsis	grape	SYN_GO0016705	molecular_function	other	130	73	0.5615	68.9
plant_arabidopsis	grape	SYN_GO0005507	molecular_function	other	122	75	0.6148	79.9
plant_arabidopsis	grape	SYN_GO0000166	molecular_function	other	113	77	0.6814	79.7
plant_arabidopsis	grape	SYN_GO0008092	molecular_function	other	103	69	0.6699	63.4
plant_arabidopsis	grape	SYN_GO0046527	molecular_function	other	98	43	0.4388	69.7
plant_arabidopsis	grape	SYN_GO0032553	molecular_function	other	87	61	0.7011	82.2
plant_arabidopsis	grape	SYN_GO0032555	molecular_function	other	81	56	0.6914	82.25
plant_arabidopsis	grape	SYN_GO0035639	molecular_function	other	78	54	0.6923	82.35
plant_arabidopsis	grape	SYN_GO0035251	molecular_function	other	75	32	0.4267	67.05
plant_arabidopsis	grape	SYN_GO0016835	molecular_function	other	72	40	0.5556	75.25
plant_arabidopsis	grape	SYN_GO0060090	molecular_function	other	69	51	0.7391	62.8
plant_arabidopsis	grape	SYN_GO0038023	molecular_function	other	64	40	0.625	71.3
plant_arabidopsis	grape	SYN_GO0032559	molecular_function	other	60	44	0.7333	81.25
plant_arabidopsis	grape	SYN_GO0016407	molecular_function	other	55	39	0.7091	67.5
plant_arabidopsis	grape	SYN_GO0140677	molecular_function	other	52	27	0.5192	70.4
plant_arabidopsis	grape	SYN_GO0016836	molecular_function	other	51	34	0.6667	76.55
plant_arabidopsis	grape	SYN_GO0015399	molecular_function	other	48	36	0.75	76.3
plant_arabidopsis	grape	SYN_GO0004519	molecular_function	other	47	35	0.7447	68.9
plant_arabidopsis	grape	SYN_GO0004620	molecular_function	other	43	26	0.6047	70.3
plant_arabidopsis	grape	SYN_GO0042626	molecular_function	other	42	33	0.7857	75.9
plant_arabidopsis	grape	SYN_GO0005654	cellular_component	other	248	172	0.6935	66.65
plant_arabidopsis	grape	SYN_GO0140513	cellular_component	other	228	162	0.7105	67.9
plant_arabidopsis	grape	SYN_GO0005856	cellular_component	other	188	113	0.6011	65.2
plant_arabidopsis	grape	SYN_GO0005789	cellular_component	other	185	120	0.6486	70.6
plant_arabidopsis	grape	SYN_GO0005774	cellular_component	other	171	102	0.5965	74.55
plant_arabidopsis	grape	SYN_GO0098796	cellular_component	other	164	110	0.6707	76.0
plant_arabidopsis	grape	SYN_GO0099503	cellular_component	other	157	83	0.5287	70.0
plant_arabidopsis	grape	SYN_GO0042995	cellular_component	other	133	62	0.4662	69.1
plant_arabidopsis	grape	SYN_GO0099513	cellular_component	other	112	69	0.6161	59.7
plant_arabidopsis	grape	SYN_GO0000785	cellular_component	other	108	81	0.75	64.3
plant_arabidopsis	grape	SYN_GO0016604	cellular_component	other	103	77	0.7476	66.5
plant_arabidopsis	grape	SYN_GO0005874	cellular_component	other	101	63	0.6238	61.3
plant_arabidopsis	grape	SYN_GO1990351	cellular_component	other	86	53	0.6163	79.4
plant_arabidopsis	grape	SYN_GO1990204	cellular_component	other	80	48	0.6	79.2
plant_arabidopsis	grape	SYN_GO0000138	cellular_component	other	75	58	0.7733	74.5
plant_arabidopsis	grape	SYN_GO0030659	cellular_component	other	68	43	0.6324	73.6
plant_arabidopsis	grape	SYN_GO0042646	cellular_component	other	56	47	0.8393	70.0
plant_arabidopsis	grape	SYN_GO0000228	cellular_component	other	51	35	0.6863	66.4
plant_arabidopsis	grape	SYN_GO0031978	cellular_component	other	51	46	0.902	70.35
plant_arabidopsis	grape	SYN_GO0010287	cellular_component	other	51	40	0.7843	76.8
plant_arabidopsis	grape	SYN_GO0042644	cellular_component	other	49	40	0.8163	70.05
plant_arabidopsis	grape	SYN_GO0055028	cellular_component	other	47	30	0.6383	58.4
plant_arabidopsis	grape	SYN_GO0030880	cellular_component	other	46	37	0.8043	73.8
plant_arabidopsis	grape	SYN_GO0000502	cellular_component	other	44	28	0.6364	86.25
plant_arabidopsis	maize	SYN_GO1901135	biological_process	conserved	246	135	0.5488	65.6
plant_arabidopsis	maize	SYN_GO0022402	biological_process	conserved	215	150	0.6977	57.25
plant_arabidopsis	maize	SYN_GO0006793	biological_process	conserved	193	126	0.6528	65.9
plant_arabidopsis	maize	SYN_GO0006796	biological_process	conserved	184	103	0.5598	63.2
plant_arabidopsis	maize	SYN_GO0016071	biological_process	conserved	163	104	0.638	60.25
plant_arabidopsis	maize	SYN_GO0016051	biological_process	conserved	145	86	0.5931	64.7
plant_arabidopsis	maize	SYN_GO0070647	biological_process	conserved	134	74	0.5522	56.55
plant_arabidopsis	maize	SYN_GO1901137	biological_process	conserved	127	76	0.5984	66.9
plant_arabidopsis	maize	SYN_GO0009826	biological_process	specific	247	121	0.4899	65.4
plant_arabidopsis	maize	SYN_GO0021700	biological_process	specific	201	101	0.5025	62.5
plant_arabidopsis	maize	SYN_GO0090698	biological_process	specific	194	93	0.4794	61.5
plant_arabidopsis	maize	SYN_GO0010073	biological_process	specific	169	73	0.432	61.4
plant_arabidopsis	maize	SYN_GO0010016	biological_process	specific	151	82	0.543	62.7
plant_arabidopsis	maize	SYN_GO0009860	biological_process	specific	133	59	0.4436	68.1
plant_arabidopsis	maize	SYN_GO0010087	biological_process	specific	126	50	0.3968	55.0
plant_arabidopsis	maize	SYN_GO0090697	biological_process	specific	121	56	0.4628	61.45
plant_arabidopsis	maize	SYN_GO0051254	biological_process	other	249	98	0.3936	50.0
plant_arabidopsis	maize	SYN_GO0045893	biological_process	other	223	86	0.3857	49.4
plant_arabidopsis	maize	SYN_GO0045229	biological_process	other	204	103	0.5049	64.4
plant_arabidopsis	maize	SYN_GO0042594	biological_process	other	185	88	0.4757	61.9
plant_arabidopsis	maize	SYN_GO0009751	biological_process	other	166	55	0.3313	57.6
plant_arabidopsis	maize	SYN_GO0046907	biological_process	other	143	114	0.7972	62.75
plant_arabidopsis	maize	SYN_GO0002682	biological_process	other	122	48	0.3934	60.05
plant_arabidopsis	maize	SYN_GO0009832	biological_process	other	113	64	0.5664	67.0
plant_arabidopsis	maize	SYN_GO0019748	biological_process	conserved	107	51	0.4766	65.9
plant_arabidopsis	maize	SYN_GO0006310	biological_process	conserved	98	75	0.7653	51.9
plant_arabidopsis	maize	SYN_GO0019760	biological_process	conserved	91	21	0.2308	48.4
plant_arabidopsis	maize	SYN_GO0006753	biological_process	conserved	86	54	0.6279	75.5
plant_arabidopsis	maize	SYN_GO0019941	biological_process	conserved	79	46	0.5823	59.65
plant_arabidopsis	maize	SYN_GO0034655	biological_process	conserved	73	49	0.6712	65.6
plant_arabidopsis	maize	SYN_GO0000377	biological_process	conserved	69	54	0.7826	66.55
plant_arabidopsis	maize	SYN_GO0006066	biological_process	conserved	64	43	0.6719	68.8
plant_arabidopsis	maize	SYN_GO0009845	biological_process	specific	106	62	0.5849	61.45
plant_arabidopsis	maize	SYN_GO0048466	biological_process	specific	98	53	0.5408	60.5
plant_arabidopsis	maize	SYN_GO0098727	biological_process	specific	86	29	0.3372	56.7
plant_arabidopsis	maize	SYN_GO0009738	biological_process	specific	81	44	0.5432	64.0
plant_arabidopsis	maize	SYN_GO0009561	biological_process	specific	77	35	0.4545	59.5
plant_arabidopsis	maize	SYN_GO0010101	biological_process	specific	75	34	0.4533	61.35
plant_arabidopsis	maize	SYN_GO0009867	biological_process	specific	71	32	0.4507	61.95
plant_arabidopsis	maize	SYN_GO0048653	biological_process	specific	69	34	0.4928	57.5
plant_arabidopsis	maize	SYN_GO0006811	biological_process	other	107	65	0.6075	62.6
plant_arabidopsis	maize	SYN_GO0071482	biological_process	other	99	56	0.5657	63.25
plant_arabidopsis	maize	SYN_GO0009637	biological_process	other	94	50	0.5319	61.35
plant_arabidopsis	maize	SYN_GO0000226	biological_process	other	86	54	0.6279	55.55
plant_arabidopsis	maize	SYN_GO0023056	biological_process	other	79	36	0.4557	60.6
plant_arabidopsis	maize	SYN_GO0046686	biological_process	other	75	35	0.4667	70.5
plant_arabidopsis	maize	SYN_GO0022613	biological_process	other	71	59	0.831	59.2
plant_arabidopsis	maize	SYN_GO0070828	biological_process	other	64	41	0.6406	53.2
plant_arabidopsis	maize	SYN_GO0000278	biological_process	conserved	59	41	0.6949	57.4
plant_arabidopsis	maize	SYN_GO0170038	biological_process	conserved	56	33	0.5893	74.4
plant_arabidopsis	maize	SYN_GO0000959	biological_process	conserved	54	24	0.4444	50.8
plant_arabidopsis	maize	SYN_GO0006351	biological_process	conserved	50	29	0.58	53.1
plant_arabidopsis	maize	SYN_GO0046486	biological_process	conserved	48	34	0.7083	63.05
plant_arabidopsis	maize	SYN_GO0070918	biological_process	conserved	45	35	0.7778	59.5
plant_arabidopsis	maize	SYN_GO0009308	biological_process	conserved	44	24	0.5455	61.0
plant_arabidopsis	maize	SYN_GO1903047	biological_process	conserved	41	30	0.7317	56.35
plant_arabidopsis	maize	SYN_GO0002253	biological_process	specific	59	24	0.4068	61.95
plant_arabidopsis	maize	SYN_GO0002218	biological_process	specific	57	24	0.4211	61.95
plant_arabidopsis	maize	SYN_GO0010311	biological_process	specific	56	26	0.4643	61.6
plant_arabidopsis	maize	SYN_GO0010214	biological_process	specific	53	22	0.4151	61.15
plant_arabidopsis	maize	SYN_GO0010183	biological_process	specific	50	24	0.48	58.85
plant_arabidopsis	maize	SYN_GO0010078	biological_process	specific	46	13	0.2826	59.9
plant_arabidopsis	maize	SYN_GO0009567	biological_process	specific	45	16	0.3556	62.05
plant_arabidopsis	maize	SYN_GO0009742	biological_process	specific	44	21	0.4773	66.5
plant_arabidopsis	maize	SYN_GO0010565	biological_process	other	60	33	0.55	63.4
plant_arabidopsis	maize	SYN_GO0051052	biological_process	other	57	38	0.6667	58.1
plant_arabidopsis	maize	SYN_GO0071470	biological_process	other	52	27	0.5192	59.7
plant_arabidopsis	maize	SYN_GO0040011	biological_process	other	50	24	0.48	58.85
plant_arabidopsis	maize	SYN_GO0051606	biological_process	other	49	33	0.6735	54.3
plant_arabidopsis	maize	SYN_GO0009668	biological_process	other	47	38	0.8085	71.3
plant_arabidopsis	maize	SYN_GO0048510	biological_process	other	44	18	0.4091	56.1
plant_arabidopsis	maize	SYN_GO0010109	biological_process	other	43	33	0.7674	69.8
plant_arabidopsis	maize	SYN_GO0046983	molecular_function	other	232	130	0.5603	60.1
plant_arabidopsis	maize	SYN_GO0003735	molecular_function	other	196	76	0.3878	83.95
plant_arabidopsis	maize	SYN_GO0016758	molecular_function	other	174	82	0.4713	66.85
plant_arabidopsis	maize	SYN_GO0004674	molecular_function	other	159	87	0.5472	67.7
plant_arabidopsis	maize	SYN_GO0016705	molecular_function	other	130	58	0.4462	59.3
plant_arabidopsis	maize	SYN_GO0005507	molecular_function	other	122	67	0.5492	76.9
plant_arabidopsis	maize	SYN_GO0000166	molecular_function	other	113	71	0.6283	76.3
plant_arabidopsis	maize	SYN_GO0008092	molecular_function	other	103	61	0.5922	56.4
plant_arabidopsis	maize	SYN_GO0046527	molecular_function	other	98	33	0.3367	65.5
plant_arabidopsis	maize	SYN_GO0032553	molecular_function	other	87	59	0.6782	77.9
plant_arabidopsis	maize	SYN_GO0032555	molecular_function	other	81	53	0.6543	79.6
plant_arabidopsis	maize	SYN_GO0035639	molecular_function	other	78	51	0.6538	79.7
plant_arabidopsis	maize	SYN_GO0035251	molecular_function	other	75	24	0.32	63.2
plant_arabidopsis	maize	SYN_GO0016835	molecular_function	other	72	39	0.5417	71.8
plant_arabidopsis	maize	SYN_GO0060090	molecular_function	other	69	43	0.6232	53.8
plant_arabidopsis	maize	SYN_GO0038023	molecular_function	other	64	33	0.5156	63.7
plant_arabidopsis	maize	SYN_GO0032559	molecular_function	other	60	43	0.7167	79.3
plant_arabidopsis	maize	SYN_GO0016407	molecular_function	other	55	34	0.6182	58.5
plant_arabidopsis	maize	SYN_GO0140677	molecular_function	other	52	23	0.4423	64.2
plant_arabidopsis	maize	SYN_GO0016836	molecular_function	other	51	33	0.6471	72.5
plant_arabidopsis	maize	SYN_GO0015399	molecular_function	other	48	27	0.5625	69.9
plant_arabidopsis	maize	SYN_GO0004519	molecular_function	other	47	33	0.7021	56.6
plant_arabidopsis	maize	SYN_GO0004620	molecular_function	other	43	22	0.5116	61.05
plant_arabidopsis	maize	SYN_GO0042626	molecular_function	other	42	24	0.5714	67.6
plant_arabidopsis	maize	SYN_GO0005654	cellular_component	other	248	156	0.629	59.7
plant_arabidopsis	maize	SYN_GO0140513	cellular_component	other	228	147	0.6447	58.2
plant_arabidopsis	maize	SYN_GO0005856	cellular_component	other	188	108	0.5745	57.45
plant_arabidopsis	maize	SYN_GO0005789	cellular_component	other	185	111	0.6	63.2
plant_arabidopsis	maize	SYN_GO0005774	cellular_component	other	171	90	0.5263	67.2
plant_arabidopsis	maize	SYN_GO0098796	cellular_component	other	164	111	0.6768	73.9
plant_arabidopsis	maize	SYN_GO0099503	cellular_component	other	157	70	0.4459	62.95
plant_arabidopsis	maize	SYN_GO0042995	cellular_component	other	133	43	0.3233	63.2
plant_arabidopsis	maize	SYN_GO0099513	cellular_component	other	112	66	0.5893	53.8
plant_arabidopsis	maize	SYN_GO0000785	cellular_component	other	108	72	0.6667	59.25
plant_arabidopsis	maize	SYN_GO0016604	cellular_component	other	103	72	0.699	61.45
plant_arabidopsis	maize	SYN_GO0005874	cellular_component	other	101	60	0.5941	54.35
plant_arabidopsis	maize	SYN_GO1990351	cellular_component	other	86	62	0.7209	75.7
plant_arabidopsis	maize	SYN_GO1990204	cellular_component	other	80	53	0.6625	77.8
plant_arabidopsis	maize	SYN_GO0000138	cellular_component	other	75	44	0.5867	67.6
plant_arabidopsis	maize	SYN_GO0030659	cellular_component	other	68	41	0.6029	66.7
plant_arabidopsis	maize	SYN_GO0042646	cellular_component	other	56	40	0.7143	61.05
plant_arabidopsis	maize	SYN_GO0000228	cellular_component	other	51	34	0.6667	66.7
plant_arabidopsis	maize	SYN_GO0031978	cellular_component	other	51	42	0.8235	70.3
plant_arabidopsis	maize	SYN_GO0010287	cellular_component	other	51	38	0.7451	75.65
plant_arabidopsis	maize	SYN_GO0042644	cellular_component	other	49	35	0.7143	61.8
plant_arabidopsis	maize	SYN_GO0055028	cellular_component	other	47	27	0.5745	54.7
plant_arabidopsis	maize	SYN_GO0030880	cellular_component	other	46	34	0.7391	60.75
plant_arabidopsis	maize	SYN_GO0000502	cellular_component	other	44	28	0.6364	80.55
plant_arabidopsis	marchantia	SYN_GO1901135	biological_process	conserved	246	103	0.4187	60.0
plant_arabidopsis	marchantia	SYN_GO0022402	biological_process	conserved	215	117	0.5442	50.2
plant_arabidopsis	marchantia	SYN_GO0006793	biological_process	conserved	193	103	0.5337	60.9
plant_arabidopsis	marchantia	SYN_GO0006796	biological_process	conserved	184	57	0.3098	56.9
plant_arabidopsis	marchantia	SYN_GO0016071	biological_process	conserved	163	71	0.4356	57.7
plant_arabidopsis	marchantia	SYN_GO0016051	biological_process	conserved	145	56	0.3862	59.85
plant_arabidopsis	marchantia	SYN_GO0070647	biological_process	conserved	134	53	0.3955	51.1
plant_arabidopsis	marchantia	SYN_GO1901137	biological_process	conserved	127	63	0.4961	58.9
plant_arabidopsis	marchantia	SYN_GO0009826	biological_process	specific	247	79	0.3198	60.2
plant_arabidopsis	marchantia	SYN_GO0021700	biological_process	specific	201	61	0.3035	58.3
plant_arabidopsis	marchantia	SYN_GO0090698	biological_process	specific	194	52	0.268	56.2
plant_arabidopsis	marchantia	SYN_GO0010073	biological_process	specific	169	40	0.2367	55.2
plant_arabidopsis	marchantia	SYN_GO0010016	biological_process	specific	151	45	0.298	52.0
plant_arabidopsis	marchantia	SYN_GO0009860	biological_process	specific	133	38	0.2857	62.95
plant_arabidopsis	marchantia	SYN_GO0010087	biological_process	specific	126	26	0.2063	56.05
plant_arabidopsis	marchantia	SYN_GO0090697	biological_process	specific	121	37	0.3058	54.5
plant_arabidopsis	marchantia	SYN_GO0051254	biological_process	other	249	48	0.1928	53.45
plant_arabidopsis	marchantia	SYN_GO0045893	biological_process	other	223	37	0.1659	53.2
plant_arabidopsis	marchantia	SYN_GO0045229	biological_process	other	204	70	0.3431	54.8
plant_arabidopsis	marchantia	SYN_GO0042594	biological_process	other	185	58	0.3135	58.85
plant_arabidopsis	marchantia	SYN_GO0009751	biological_process	other	166	37	0.2229	52.0
plant_arabidopsis	marchantia	SYN_GO0046907	biological_process	other	143	91	0.6364	57.0
plant_arabidopsis	marchantia	SYN_GO0002682	biological_process	other	122	32	0.2623	53.7
plant_arabidopsis	marchantia	SYN_GO0009832	biological_process	other	113	38	0.3363	57.85
plant_arabidopsis	marchantia	SYN_GO0019748	biological_process	conserved	107	26	0.243	55.15
plant_arabidopsis	marchantia	SYN_GO0006310	biological_process	conserved	98	61	0.6224	44.7
plant_arabidopsis	marchantia	SYN_GO0019760	biological_process	conserved	91	10	0.1099	53.9
plant_arabidopsis	marchantia	SYN_GO0006753	biological_process	conserved	86	47	0.5465	66.9
plant_arabidopsis	marchantia	SYN_GO0019941	biological_process	conserved	79	30	0.3797	62.2
plant_arabidopsis	marchantia	SYN_GO0034655	biological_process	conserved	73	38	0.5205	57.4
plant_arabidopsis	marchantia	SYN_GO0000377	biological_process	conserved	69	39	0.5652	60.1
plant_arabidopsis	marchantia	SYN_GO0006066	biological_process	conserved	64	36	0.5625	62.4
plant_arabidopsis	marchantia	SYN_GO0009845	biological_process	specific	106	45	0.4245	53.5
plant_arabidopsis	marchantia	SYN_GO0048466	biological_process	specific	98	26	0.2653	51.4
plant_arabidopsis	marchantia	SYN_GO0098727	biological_process	specific	86	18	0.2093	54.5
plant_arabidopsis	marchantia	SYN_GO0009738	biological_process	specific	81	26	0.321	55.45
plant_arabidopsis	marchantia	SYN_GO0009561	biological_process	specific	77	26	0.3377	51.8
plant_arabidopsis	marchantia	SYN_GO0010101	biological_process	specific	75	25	0.3333	54.0
plant_arabidopsis	marchantia	SYN_GO0009867	biological_process	specific	71	19	0.2676	53.4
plant_arabidopsis	marchantia	SYN_GO0048653	biological_process	specific	69	15	0.2174	51.2
plant_arabidopsis	marchantia	SYN_GO0006811	biological_process	other	107	41	0.3832	55.8
plant_arabidopsis	marchantia	SYN_GO0071482	biological_process	other	99	35	0.3535	59.2
plant_arabidopsis	marchantia	SYN_GO0009637	biological_process	other	94	26	0.2766	58.85
plant_arabidopsis	marchantia	SYN_GO0000226	biological_process	other	86	35	0.407	56.1
plant_arabidopsis	marchantia	SYN_GO0023056	biological_process	other	79	25	0.3165	55.3
plant_arabidopsis	marchantia	SYN_GO0046686	biological_process	other	75	27	0.36	64.2
plant_arabidopsis	marchantia	SYN_GO0022613	biological_process	other	71	47	0.662	51.6
plant_arabidopsis	marchantia	SYN_GO0070828	biological_process	other	64	23	0.3594	48.9
plant_arabidopsis	marchantia	SYN_GO0000278	biological_process	conserved	59	28	0.4746	50.6
plant_arabidopsis	marchantia	SYN_GO0170038	biological_process	conserved	56	27	0.4821	69.2
plant_arabidopsis	marchantia	SYN_GO0000959	biological_process	conserved	54	3	0.0556	49.3
plant_arabidopsis	marchantia	SYN_GO0006351	biological_process	conserved	50	16	0.32	49.95
plant_arabidopsis	marchantia	SYN_GO0046486	biological_process	conserved	48	28	0.5833	56.3
plant_arabidopsis	marchantia	SYN_GO0070918	biological_process	conserved	45	27	0.6	46.2
plant_arabidopsis	marchantia	SYN_GO0009308	biological_process	conserved	44	13	0.2955	68.7
plant_arabidopsis	marchantia	SYN_GO1903047	biological_process	conserved	41	19	0.4634	54.3
plant_arabidopsis	marchantia	SYN_GO0002253	biological_process	specific	59	13	0.2203	53.7
plant_arabidopsis	marchantia	SYN_GO0002218	biological_process	specific	57	13	0.2281	53.7
plant_arabidopsis	marchantia	SYN_GO0010311	biological_process	specific	56	20	0.3571	52.95
plant_arabidopsis	marchantia	SYN_GO0010214	biological_process	specific	53	12	0.2264	53.8
plant_arabidopsis	marchantia	SYN_GO0010183	biological_process	specific	50	18	0.36	48.05
plant_arabidopsis	marchantia	SYN_GO0010078	biological_process	specific	46	9	0.1957	64.3
plant_arabidopsis	marchantia	SYN_GO0009567	biological_process	specific	45	10	0.2222	56.15
plant_arabidopsis	marchantia	SYN_GO0009742	biological_process	specific	44	8	0.1818	61.55
plant_arabidopsis	marchantia	SYN_GO0010565	biological_process	other	60	21	0.35	58.9
plant_arabidopsis	marchantia	SYN_GO0051052	biological_process	other	57	29	0.5088	49.9
plant_arabidopsis	marchantia	SYN_GO0071470	biological_process	other	52	14	0.2692	45.55
plant_arabidopsis	marchantia	SYN_GO0040011	biological_process	other	50	18	0.36	48.05
plant_arabidopsis	marchantia	SYN_GO0051606	biological_process	other	49	16	0.3265	53.55
plant_arabidopsis	marchantia	SYN_GO0009668	biological_process	other	47	33	0.7021	63.1
plant_arabidopsis	marchantia	SYN_GO0048510	biological_process	other	44	12	0.2727	53.35
plant_arabidopsis	marchantia	SYN_GO0010109	biological_process	other	43	29	0.6744	60.7
plant_arabidopsis	marchantia	SYN_GO0046983	molecular_function	other	232	85	0.3664	56.1
plant_arabidopsis	marchantia	SYN_GO0003735	molecular_function	other	196	79	0.4031	79.9
plant_arabidopsis	marchantia	SYN_GO0016758	molecular_function	other	174	57	0.3276	57.6
plant_arabidopsis	marchantia	SYN_GO0004674	molecular_function	other	159	42	0.2642	63.5
plant_arabidopsis	marchantia	SYN_GO0016705	molecular_function	other	130	37	0.2846	57.4
plant_arabidopsis	marchantia	SYN_GO0005507	molecular_function	other	122	60	0.4918	68.8
plant_arabidopsis	marchantia	SYN_GO0000166	molecular_function	other	113	63	0.5575	68.4
plant_arabidopsis	marchantia	SYN_GO0008092	molecular_function	other	103	34	0.3301	50.95
plant_arabidopsis	marchantia	SYN_GO0046527	molecular_function	other	98	19	0.1939	57.7
plant_arabidopsis	marchantia	SYN_GO0032553	molecular_function	other	87	50	0.5747	72.5
plant_arabidopsis	marchantia	SYN_GO0032555	molecular_function	other	81	46	0.5679	73.3
plant_arabidopsis	marchantia	SYN_GO0035639	molecular_function	other	78	44	0.5641	73.95
plant_arabidopsis	marchantia	SYN_GO0035251	molecular_function	other	75	13	0.1733	55.0
plant_arabidopsis	marchantia	SYN_GO0016835	molecular_function	other	72	31	0.4306	63.5
plant_arabidopsis	marchantia	SYN_GO0060090	molecular_function	other	69	28	0.4058	50.75
plant_arabidopsis	marchantia	SYN_GO0038023	molecular_function	other	64	15	0.2344	57.3
plant_arabidopsis	marchantia	SYN_GO0032559	molecular_function	other	60	38	0.6333	73.95
plant_arabidopsis	marchantia	SYN_GO0016407	molecular_function	other	55	27	0.4909	52.1
plant_arabidopsis	marchantia	SYN_GO0140677	molecular_function	other	52	20	0.3846	55.55
plant_arabidopsis	marchantia	SYN_GO0016836	molecular_function	other	51	29	0.5686	63.5
plant_arabidopsis	marchantia	SYN_GO0015399	molecular_function	other	48	29	0.6042	59.2
plant_arabidopsis	marchantia	SYN_GO0004519	molecular_function	other	47	23	0.4894	52.9
plant_arabidopsis	marchantia	SYN_GO0004620	molecular_function	other	43	12	0.2791	53.55
plant_arabidopsis	marchantia	SYN_GO0042626	molecular_function	other	42	25	0.5952	58.2
plant_arabidopsis	marchantia	SYN_GO0005654	cellular_component	other	248	113	0.4556	58.6
plant_arabidopsis	marchantia	SYN_GO0140513	cellular_component	other	228	121	0.5307	56.7
plant_arabidopsis	marchantia	SYN_GO0005856	cellular_component	other	188	58	0.3085	55.65
plant_arabidopsis	marchantia	SYN_GO0005789	cellular_component	other	185	83	0.4486	57.9
plant_arabidopsis	marchantia	SYN_GO0005774	cellular_component	other	171	69	0.4035	56.3
plant_arabidopsis	marchantia	SYN_GO0098796	cellular_component	other	164	110	0.6707	61.95
plant_arabidopsis	marchantia	SYN_GO0099503	cellular_component	other	157	48	0.3057	57.05
plant_arabidopsis	marchantia	SYN_GO0042995	cellular_component	other	133	32	0.2406	54.15
plant_arabidopsis	marchantia	SYN_GO0099513	cellular_component	other	112	33	0.2946	54.5
plant_arabidopsis	marchantia	SYN_GO0000785	cellular_component	other	108	59	0.5463	55.4
plant_arabidopsis	marchantia	SYN_GO0016604	cellular_component	other	103	50	0.4854	60.35
plant_arabidopsis	marchantia	SYN_GO0005874	cellular_component	other	101	32	0.3168	54.8
plant_arabidopsis	marchantia	SYN_GO1990351	cellular_component	other	86	60	0.6977	66.2
plant_arabidopsis	marchantia	SYN_GO1990204	cellular_component	other	80	52	0.65	67.2
plant_arabidopsis	marchantia	SYN_GO0000138	cellular_component	other	75	29	0.3867	62.1
plant_arabidopsis	marchantia	SYN_GO0030659	cellular_component	other	68	29	0.4265	59.3
plant_arabidopsis	marchantia	SYN_GO0042646	cellular_component	other	56	34	0.6071	53.9
plant_arabidopsis	marchantia	SYN_GO0000228	cellular_component	other	51	30	0.5882	53.8
plant_arabidopsis	marchantia	SYN_GO0031978	cellular_component	other	51	35	0.6863	62.9
plant_arabidopsis	marchantia	SYN_GO0010287	cellular_component	other	51	35	0.6863	65.4
plant_arabidopsis	marchantia	SYN_GO0042644	cellular_component	other	49	28	0.5714	55.05
plant_arabidopsis	marchantia	SYN_GO0055028	cellular_component	other	47	13	0.2766	55.1
plant_arabidopsis	marchantia	SYN_GO0030880	cellular_component	other	46	26	0.5652	64.3
plant_arabidopsis	marchantia	SYN_GO0000502	cellular_component	other	44	27	0.6136	76.0
plant_arabidopsis	moss	SYN_GO1901135	biological_process	conserved	246	103	0.4187	59.2
plant_arabidopsis	moss	SYN_GO0022402	biological_process	conserved	215	114	0.5302	49.45
plant_arabidopsis	moss	SYN_GO0006793	biological_process	conserved	193	113	0.5855	57.1
plant_arabidopsis	moss	SYN_GO0006796	biological_process	conserved	184	60	0.3261	54.15
plant_arabidopsis	moss	SYN_GO0016071	biological_process	conserved	163	72	0.4417	56.9
plant_arabidopsis	moss	SYN_GO0016051	biological_process	conserved	145	60	0.4138	61.7
plant_arabidopsis	moss	SYN_GO0070647	biological_process	conserved	134	50	0.3731	47.9
plant_arabidopsis	moss	SYN_GO1901137	biological_process	conserved	127	63	0.4961	60.2
plant_arabidopsis	moss	SYN_GO0009826	biological_process	specific	247	81	0.3279	57.7
plant_arabidopsis	moss	SYN_GO0021700	biological_process	specific	201	58	0.2886	57.35
plant_arabidopsis	moss	SYN_GO0090698	biological_process	specific	194	58	0.299	54.05
plant_arabidopsis	moss	SYN_GO0010073	biological_process	specific	169	41	0.2426	54.5
plant_arabidopsis	moss	SYN_GO0010016	biological_process	specific	151	54	0.3576	51.45
plant_arabidopsis	moss	SYN_GO0009860	biological_process	specific	133	41	0.3083	62.5
plant_arabidopsis	moss	SYN_GO0010087	biological_process	specific	126	25	0.1984	55.6
plant_arabidopsis	moss	SYN_GO0090697	biological_process	specific	121	39	0.3223	53.8
plant_arabidopsis	moss	SYN_GO0051254	biological_process	other	249	57	0.2289	49.5
plant_arabidopsis	moss	SYN_GO0045893	biological_process	other	223	48	0.2152	49.3
plant_arabidopsis	moss	SYN_GO0045229	biological_process	other	204	65	0.3186	55.1
plant_arabidopsis	moss	SYN_GO0042594	biological_process	other	185	62	0.3351	59.9
plant_arabidopsis	moss	SYN_GO0009751	biological_process	other	166	37	0.2229	54.7
plant_arabidopsis	moss	SYN_GO0046907	biological_process	other	143	89	0.6224	53.5
plant_arabidopsis	moss	SYN_GO0002682	biological_process	other	122	30	0.2459	51.45
plant_arabidopsis	moss	SYN_GO0009832	biological_process	other	113	38	0.3363	58.55
plant_arabidopsis	moss	SYN_GO0019748	biological_process	conserved	107	28	0.2617	56.75
plant_arabidopsis	moss	SYN_GO0006310	biological_process	conserved	98	57	0.5816	45.8
plant_arabidopsis	moss	SYN_GO0019760	biological_process	conserved	91	9	0.0989	54.8
plant_arabidopsis	moss	SYN_GO0006753	biological_process	conserved	86	51	0.593	64.0
plant_arabidopsis	moss	SYN_GO0019941	biological_process	conserved	79	33	0.4177	61.0
plant_arabidopsis	moss	SYN_GO0034655	biological_process	conserved	73	36	0.4932	58.45
plant_arabidopsis	moss	SYN_GO0000377	biological_process	conserved	69	39	0.5652	62.4
plant_arabidopsis	moss	SYN_GO0006066	biological_process	conserved	64	38	0.5938	61.95
plant_arabidopsis	moss	SYN_GO0009845	biological_process	specific	106	41	0.3868	53.6
plant_arabidopsis	moss	SYN_GO0048466	biological_process	specific	98	34	0.3469	46.95
plant_arabidopsis	moss	SYN_GO0098727	biological_process	specific	86	20	0.2326	51.75
plant_arabidopsis	moss	SYN_GO0009738	biological_process	specific	81	21	0.2593	51.5
plant_arabidopsis	moss	SYN_GO0009561	biological_process	specific	77	29	0.3766	50.3
plant_arabidopsis	moss	SYN_GO0010101	biological_process	specific	75	24	0.32	54.05
plant_arabidopsis	moss	SYN_GO0009867	biological_process	specific	71	21	0.2958	51.3
plant_arabidopsis	moss	SYN_GO0048653	biological_process	specific	69	19	0.2754	43.5
plant_arabidopsis	moss	SYN_GO0006811	biological_process	other	107	45	0.4206	56.0
plant_arabidopsis	moss	SYN_GO0071482	biological_process	other	99	39	0.3939	58.4
plant_arabidopsis	moss	SYN_GO0009637	biological_process	other	94	26	0.2766	59.35
plant_arabidopsis	moss	SYN_GO0000226	biological_process	other	86	35	0.407	51.4
plant_arabidopsis	moss	SYN_GO0023056	biological_process	other	79	24	0.3038	56.25
plant_arabidopsis	moss	SYN_GO0046686	biological_process	other	75	26	0.3467	68.5
plant_arabidopsis	moss	SYN_GO0022613	biological_process	other	71	50	0.7042	53.25
plant_arabidopsis	moss	SYN_GO0070828	biological_process	other	64	22	0.3438	52.3
plant_arabidopsis	moss	SYN_GO0000278	biological_process	conserved	59	28	0.4746	49.4
plant_arabidopsis	moss	SYN_GO0170038	biological_process	conserved	56	28	0.5	69.6
plant_arabidopsis	moss	SYN_GO0000959	biological_process	conserved	54	3	0.0556	51.9
plant_arabidopsis	moss	SYN_GO0006351	biological_process	conserved	50	16	0.32	52.85
plant_arabidopsis	moss	SYN_GO0046486	biological_process	conserved	48	30	0.625	54.55
plant_arabidopsis	moss	SYN_GO0070918	biological_process	conserved	45	26	0.5778	59.4
plant_arabidopsis	moss	SYN_GO0009308	biological_process	conserved	44	15	0.3409	68.1
plant_arabidopsis	moss	SYN_GO1903047	biological_process	conserved	41	21	0.5122	49.9
plant_arabidopsis	moss	SYN_GO0002253	biological_process	specific	59	13	0.2203	53.5
plant_arabidopsis	moss	SYN_GO0002218	biological_process	specific	57	13	0.2281	53.5
plant_arabidopsis	moss	SYN_GO0010311	biological_process	specific	56	18	0.3214	51.7
plant_arabidopsis	moss	SYN_GO0010214	biological_process	specific	53	12	0.2264	59.6
plant_arabidopsis	moss	SYN_GO0010183	biological_process	specific	50	15	0.3	51.7
plant_arabidopsis	moss	SYN_GO0010078	biological_process	specific	46	10	0.2174	64.7
plant_arabidopsis	moss	SYN_GO0009567	biological_process	specific	45	11	0.2444	67.2
plant_arabidopsis	moss	SYN_GO0009742	biological_process	specific	44	8	0.1818	60.35
plant_arabidopsis	moss	SYN_GO0010565	biological_process	other	60	23	0.3833	57.1
plant_arabidopsis	moss	SYN_GO0051052	biological_process	other	57	31	0.5439	52.1
plant_arabidopsis	moss	SYN_GO0071470	biological_process	other	52	15	0.2885	43.6
plant_arabidopsis	moss	SYN_GO0040011	biological_process	other	50	15	0.3	51.7
plant_arabidopsis	moss	SYN_GO0051606	biological_process	other	49	19	0.3878	46.1
plant_arabidopsis	moss	SYN_GO0009668	biological_process	other	47	33	0.7021	63.8
plant_arabidopsis	moss	SYN_GO0048510	biological_process	other	44	11	0.25	57.7
plant_arabidopsis	moss	SYN_GO0010109	biological_process	other	43	30	0.6977	62.1
plant_arabidopsis	moss	SYN_GO0046983	molecular_function	other	232	93	0.4009	54.8
plant_arabidopsis	moss	SYN_GO0003735	molecular_function	other	196	84	0.4286	79.65
plant_arabidopsis	moss	SYN_GO0016758	molecular_function	other	174	50	0.2874	58.6
plant_arabidopsis	moss	SYN_GO0004674	molecular_function	other	159	43	0.2704	59.5
plant_arabidopsis	moss	SYN_GO0016705	molecular_function	other	130	35	0.2692	57.7
plant_arabidopsis	moss	SYN_GO0005507	molecular_function	other	122	60	0.4918	69.8
plant_arabidopsis	moss	SYN_GO0000166	molecular_function	other	113	64	0.5664	67.5
plant_arabidopsis	moss	SYN_GO0008092	molecular_function	other	103	33	0.3204	48.9
plant_arabidopsis	moss	SYN_GO0046527	molecular_function	other	98	15	0.1531	60.6
plant_arabidopsis	moss	SYN_GO0032553	molecular_function	other	87	51	0.5862	72.7
plant_arabidopsis	moss	SYN_GO0032555	molecular_function	other	81	45	0.5556	73.9
plant_arabidopsis	moss	SYN_GO0035639	molecular_function	other	78	43	0.5513	74.2
plant_arabidopsis	moss	SYN_GO0035251	molecular_function	other	75	9	0.12	59.8
plant_arabidopsis	moss	SYN_GO0016835	molecular_function	other	72	31	0.4306	68.3
plant_arabidopsis	moss	SYN_GO0060090	molecular_function	other	69	31	0.4493	52.7
plant_arabidopsis	moss	SYN_GO0038023	molecular_function	other	64	16	0.25	53.25
plant_arabidopsis	moss	SYN_GO0032559	molecular_function	other	60	37	0.6167	73.4
plant_arabidopsis	moss	SYN_GO0016407	molecular_function	other	55	26	0.4727	58.25
plant_arabidopsis	moss	SYN_GO0140677	molecular_function	other	52	24	0.4615	54.65
plant_arabidopsis	moss	SYN_GO0016836	molecular_function	other	51	30	0.5882	67.0
plant_arabidopsis	moss	SYN_GO0015399	molecular_function	other	48	32	0.6667	59.65
plant_arabidopsis	moss	SYN_GO0004519	molecular_function	other	47	21	0.4468	51.3
plant_arabidopsis	moss	SYN_GO0004620	molecular_function	other	43	13	0.3023	53.1
plant_arabidopsis	moss	SYN_GO0042626	molecular_function	other	42	28	0.6667	58.8
plant_arabidopsis	moss	SYN_GO0005654	cellular_component	other	248	119	0.4798	58.1
plant_arabidopsis	moss	SYN_GO0140513	cellular_component	other	228	121	0.5307	58.1
plant_arabidopsis	moss	SYN_GO0005856	cellular_component	other	188	51	0.2713	56.3
plant_arabidopsis	moss	SYN_GO0005789	cellular_component	other	185	82	0.4432	56.4
plant_arabidopsis	moss	SYN_GO0005774	cellular_component	other	171	65	0.3801	55.0
plant_arabidopsis	moss	SYN_GO0098796	cellular_component	other	164	108	0.6585	61.6
plant_arabidopsis	moss	SYN_GO0099503	cellular_component	other	157	45	0.2866	57.6
plant_arabidopsis	moss	SYN_GO0042995	cellular_component	other	133	31	0.2331	57.3
plant_arabidopsis	moss	SYN_GO0099513	cellular_component	other	112	29	0.2589	51.4
plant_arabidopsis	moss	SYN_GO0000785	cellular_component	other	108	57	0.5278	55.4
plant_arabidopsis	moss	SYN_GO0016604	cellular_component	other	103	52	0.5049	60.95
plant_arabidopsis	moss	SYN_GO0005874	cellular_component	other	101	28	0.2772	51.95
plant_arabidopsis	moss	SYN_GO1990351	cellular_component	other	86	58	0.6744	66.6
plant_arabidopsis	moss	SYN_GO1990204	cellular_component	other	80	49	0.6125	66.7
plant_arabidopsis	moss	SYN_GO0000138	cellular_component	other	75	41	0.5467	57.5
plant_arabidopsis	moss	SYN_GO0030659	cellular_component	other	68	30	0.4412	57.05
plant_arabidopsis	moss	SYN_GO0042646	cellular_component	other	56	35	0.625	52.1
plant_arabidopsis	moss	SYN_GO0000228	cellular_component	other	51	30	0.5882	54.2
plant_arabidopsis	moss	SYN_GO0031978	cellular_component	other	51	38	0.7451	63.3
plant_arabidopsis	moss	SYN_GO0010287	cellular_component	other	51	34	0.6667	66.95
plant_arabidopsis	moss	SYN_GO0042644	cellular_component	other	49	31	0.6327	52.4
plant_arabidopsis	moss	SYN_GO0055028	cellular_component	other	47	10	0.2128	52.85
plant_arabidopsis	moss	SYN_GO0030880	cellular_component	other	46	27	0.587	63.3
plant_arabidopsis	moss	SYN_GO0000502	cellular_component	other	44	29	0.6591	77.5
plant_arabidopsis	poplar	SYN_GO1901135	biological_process	conserved	246	142	0.5772	71.55
plant_arabidopsis	poplar	SYN_GO0022402	biological_process	conserved	215	172	0.8	65.2
plant_arabidopsis	poplar	SYN_GO0006793	biological_process	conserved	193	130	0.6736	73.4
plant_arabidopsis	poplar	SYN_GO0006796	biological_process	conserved	184	125	0.6793	71.7
plant_arabidopsis	poplar	SYN_GO0016071	biological_process	conserved	163	117	0.7178	67.7
plant_arabidopsis	poplar	SYN_GO0016051	biological_process	conserved	145	106	0.731	74.95
plant_arabidopsis	poplar	SYN_GO0070647	biological_process	conserved	134	85	0.6343	66.3
plant_arabidopsis	poplar	SYN_GO1901137	biological_process	conserved	127	77	0.6063	72.0
plant_arabidopsis	poplar	SYN_GO0009826	biological_process	specific	247	146	0.5911	73.5
plant_arabidopsis	poplar	SYN_GO0021700	biological_process	specific	201	122	0.607	69.35
plant_arabidopsis	poplar	SYN_GO0090698	biological_process	specific	194	129	0.6649	67.7
plant_arabidopsis	poplar	SYN_GO0010073	biological_process	specific	169	99	0.5858	66.7
plant_arabidopsis	poplar	SYN_GO0010016	biological_process	specific	151	105	0.6954	67.2
plant_arabidopsis	poplar	SYN_GO0009860	biological_process	specific	133	72	0.5414	75.4
plant_arabidopsis	poplar	SYN_GO0010087	biological_process	specific	126	78	0.619	63.25
plant_arabidopsis	poplar	SYN_GO0090697	biological_process	specific	121	80	0.6612	66.75
plant_arabidopsis	poplar	SYN_GO0051254	biological_process	other	249	149	0.5984	56.7
plant_arabidopsis	poplar	SYN_GO0045893	biological_process	other	223	130	0.583	56.3
plant_arabidopsis	poplar	SYN_GO0045229	biological_process	other	204	137	0.6716	73.8
plant_arabidopsis	poplar	SYN_GO0042594	biological_process	other	185	106	0.573	68.25
plant_arabidopsis	poplar	SYN_GO0009751	biological_process	other	166	83	0.5	61.3
plant_arabidopsis	poplar	SYN_GO0046907	biological_process	other	143	120	0.8392	71.5
plant_arabidopsis	poplar	SYN_GO0002682	biological_process	other	122	64	0.5246	66.05
plant_arabidopsis	poplar	SYN_GO0009832	biological_process	other	113	80	0.708	75.0
plant_arabidopsis	poplar	SYN_GO0019748	biological_process	conserved	107	74	0.6916	74.45
plant_arabidopsis	poplar	SYN_GO0006310	biological_process	conserved	98	83	0.8469	61.6
plant_arabidopsis	poplar	SYN_GO0019760	biological_process	conserved	91	26	0.2857	56.95
plant_arabidopsis	poplar	SYN_GO0006753	biological_process	conserved	86	58	0.6744	79.1
plant_arabidopsis	poplar	SYN_GO0019941	biological_process	conserved	79	47	0.5949	71.3
plant_arabidopsis	poplar	SYN_GO0034655	biological_process	conserved	73	54	0.7397	71.15
plant_arabidopsis	poplar	SYN_GO0000377	biological_process	conserved	69	57	0.8261	71.6
plant_arabidopsis	poplar	SYN_GO0006066	biological_process	conserved	64	46	0.7188	75.25
plant_arabidopsis	poplar	SYN_GO0009845	biological_process	specific	106	75	0.7075	69.6
plant_arabidopsis	poplar	SYN_GO0048466	biological_process	specific	98	68	0.6939	65.1
plant_arabidopsis	poplar	SYN_GO0098727	biological_process	specific	86	48	0.5581	63.15
plant_arabidopsis	poplar	SYN_GO0009738	biological_process	specific	81	53	0.6543	67.5
plant_arabidopsis	poplar	SYN_GO0009561	biological_process	specific	77	47	0.6104	65.6
plant_arabidopsis	poplar	SYN_GO0010101	biological_process	specific	75	49	0.6533	69.6
plant_arabidopsis	poplar	SYN_GO0009867	biological_process	specific	71	42	0.5915	65.35
plant_arabidopsis	poplar	SYN_GO0048653	biological_process	specific	69	47	0.6812	63.4
plant_arabidopsis	poplar	SYN_GO0006811	biological_process	other	107	70	0.6542	70.6
plant_arabidopsis	poplar	SYN_GO0071482	biological_process	other	99	69	0.697	66.8
plant_arabidopsis	poplar	SYN_GO0009637	biological_process	other	94	64	0.6809	70.8
plant_arabidopsis	poplar	SYN_GO0000226	biological_process	other	86	61	0.7093	67.4
plant_arabidopsis	poplar	SYN_GO0023056	biological_process	other	79	46	0.5823	68.45
plant_arabidopsis	poplar	SYN_GO0046686	biological_process	other	75	36	0.48	74.85
plant_arabidopsis	poplar	SYN_GO0022613	biological_process	other	71	60	0.8451	66.5
plant_arabidopsis	poplar	SYN_GO0070828	biological_process	other	64	50	0.7812	57.6
plant_arabidopsis	poplar	SYN_GO0000278	biological_process	conserved	59	44	0.7458	66.75
plant_arabidopsis	poplar	SYN_GO0170038	biological_process	conserved	56	39	0.6964	77.8
plant_arabidopsis	poplar	SYN_GO0000959	biological_process	conserved	54	26	0.4815	63.9
plant_arabidopsis	poplar	SYN_GO0006351	biological_process	conserved	50	42	0.84	59.7
plant_arabidopsis	poplar	SYN_GO0046486	biological_process	conserved	48	37	0.7708	71.0
plant_arabidopsis	poplar	SYN_GO0070918	biological_process	conserved	45	39	0.8667	67.7
plant_arabidopsis	poplar	SYN_GO0009308	biological_process	conserved	44	24	0.5455	72.55
plant_arabidopsis	poplar	SYN_GO1903047	biological_process	conserved	41	31	0.7561	67.4
plant_arabidopsis	poplar	SYN_GO0002253	biological_process	specific	59	31	0.5254	65.2
plant_arabidopsis	poplar	SYN_GO0002218	biological_process	specific	57	30	0.5263	66.15
plant_arabidopsis	poplar	SYN_GO0010311	biological_process	specific	56	37	0.6607	69.6
plant_arabidopsis	poplar	SYN_GO0010214	biological_process	specific	53	35	0.6604	71.7
plant_arabidopsis	poplar	SYN_GO0010183	biological_process	specific	50	23	0.46	67.1
plant_arabidopsis	poplar	SYN_GO0010078	biological_process	specific	46	23	0.5	66.0
plant_arabidopsis	poplar	SYN_GO0009567	biological_process	specific	45	28	0.6222	70.25
plant_arabidopsis	poplar	SYN_GO0009742	biological_process	specific	44	27	0.6136	78.0
plant_arabidopsis	poplar	SYN_GO0010565	biological_process	other	60	40	0.6667	66.7
plant_arabidopsis	poplar	SYN_GO0051052	biological_process	other	57	46	0.807	64.05
plant_arabidopsis	poplar	SYN_GO0071470	biological_process	other	52	35	0.6731	67.3
plant_arabidopsis	poplar	SYN_GO0040011	biological_process	other	50	23	0.46	67.1
plant_arabidopsis	poplar	SYN_GO0051606	biological_process	other	49	36	0.7347	65.45
plant_arabidopsis	poplar	SYN_GO0009668	biological_process	other	47	43	0.9149	70.5
plant_arabidopsis	poplar	SYN_GO0048510	biological_process	other	44	25	0.5682	65.0
plant_arabidopsis	poplar	SYN_GO0010109	biological_process	other	43	35	0.814	72.4
plant_arabidopsis	poplar	SYN_GO0046983	molecular_function	other	232	171	0.7371	64.4
plant_arabidopsis	poplar	SYN_GO0003735	molecular_function	other	196	88	0.449	88.1
plant_arabidopsis	poplar	SYN_GO0016758	molecular_function	other	174	100	0.5747	72.25
plant_arabidopsis	poplar	SYN_GO0004674	molecular_function	other	159	109	0.6855	74.4
plant_arabidopsis	poplar	SYN_GO0016705	molecular_function	other	130	78	0.6	68.6
plant_arabidopsis	poplar	SYN_GO0005507	molecular_function	other	122	74	0.6066	80.85
plant_arabidopsis	poplar	SYN_GO0000166	molecular_function	other	113	79	0.6991	80.3
plant_arabidopsis	poplar	SYN_GO0008092	molecular_function	other	103	79	0.767	62.5
plant_arabidopsis	poplar	SYN_GO0046527	molecular_function	other	98	42	0.4286	68.25
plant_arabidopsis	poplar	SYN_GO0032553	molecular_function	other	87	62	0.7126	81.55
plant_arabidopsis	poplar	SYN_GO0032555	molecular_function	other	81	58	0.716	81.7
plant_arabidopsis	poplar	SYN_GO0035639	molecular_function	other	78	56	0.7179	82.0
plant_arabidopsis	poplar	SYN_GO0035251	molecular_function	other	75	32	0.4267	67.4
plant_arabidopsis	poplar	SYN_GO0016835	molecular_function	other	72	41	0.5694	75.1
plant_arabidopsis	poplar	SYN_GO0060090	molecular_function	other	69	55	0.7971	63.5
plant_arabidopsis	poplar	SYN_GO0038023	molecular_function	other	64	41	0.6406	72.6
plant_arabidopsis	poplar	SYN_GO0032559	molecular_function	other	60	48	0.8	81.55
plant_arabidopsis	poplar	SYN_GO0016407	molecular_function	other	55	42	0.7636	70.2
plant_arabidopsis	poplar	SYN_GO0140677	molecular_function	other	52	30	0.5769	64.3
plant_arabidopsis	poplar	SYN_GO0016836	molecular_function	other	51	34	0.6667	77.9
plant_arabidopsis	poplar	SYN_GO0015399	molecular_function	other	48	38	0.7917	75.5
plant_arabidopsis	poplar	SYN_GO0004519	molecular_function	other	47	39	0.8298	66.0
plant_arabidopsis	poplar	SYN_GO0004620	molecular_function	other	43	27	0.6279	72.1
plant_arabidopsis	poplar	SYN_GO0042626	molecular_function	other	42	34	0.8095	74.75
plant_arabidopsis	poplar	SYN_GO0005654	cellular_component	other	248	178	0.7177	67.75
plant_arabidopsis	poplar	SYN_GO0140513	cellular_component	other	228	171	0.75	68.3
plant_arabidopsis	poplar	SYN_GO0005856	cellular_component	other	188	128	0.6809	63.2
plant_arabidopsis	poplar	SYN_GO0005789	cellular_component	other	185	130	0.7027	71.45
plant_arabidopsis	poplar	SYN_GO0005774	cellular_component	other	171	110	0.6433	73.95
plant_arabidopsis	poplar	SYN_GO0098796	cellular_component	other	164	113	0.689	77.0
plant_arabidopsis	poplar	SYN_GO0099503	cellular_component	other	157	85	0.5414	71.7
plant_arabidopsis	poplar	SYN_GO0042995	cellular_component	other	133	68	0.5113	68.35
plant_arabidopsis	poplar	SYN_GO0099513	cellular_component	other	112	79	0.7054	60.4
plant_arabidopsis	poplar	SYN_GO0000785	cellular_component	other	108	79	0.7315	68.7
plant_arabidopsis	poplar	SYN_GO0016604	cellular_component	other	103	81	0.7864	70.1
plant_arabidopsis	poplar	SYN_GO0005874	cellular_component	other	101	72	0.7129	61.6
plant_arabidopsis	poplar	SYN_GO1990351	cellular_component	other	86	53	0.6163	80.6
plant_arabidopsis	poplar	SYN_GO1990204	cellular_component	other	80	48	0.6	79.85
plant_arabidopsis	poplar	SYN_GO0000138	cellular_component	other	75	56	0.7467	76.2
plant_arabidopsis	poplar	SYN_GO0030659	cellular_component	other	68	47	0.6912	75.8
plant_arabidopsis	poplar	SYN_GO0042646	cellular_component	other	56	51	0.9107	68.9
plant_arabidopsis	poplar	SYN_GO0000228	cellular_component	other	51	37	0.7255	68.7
plant_arabidopsis	poplar	SYN_GO0031978	cellular_component	other	51	47	0.9216	71.2
plant_arabidopsis	poplar	SYN_GO0010287	cellular_component	other	51	38	0.7451	77.45
plant_arabidopsis	poplar	SYN_GO0042644	cellular_component	other	49	44	0.898	69.65
plant_arabidopsis	poplar	SYN_GO0055028	cellular_component	other	47	33	0.7021	60.3
plant_arabidopsis	poplar	SYN_GO0030880	cellular_component	other	46	39	0.8478	67.0
plant_arabidopsis	poplar	SYN_GO0000502	cellular_component	other	44	29	0.6591	86.8
plant_arabidopsis	potato	SYN_GO1901135	biological_process	conserved	246	119	0.4837	68.5
plant_arabidopsis	potato	SYN_GO0022402	biological_process	conserved	215	109	0.507	61.2
plant_arabidopsis	potato	SYN_GO0006793	biological_process	conserved	193	116	0.601	72.05
plant_arabidopsis	potato	SYN_GO0006796	biological_process	conserved	184	112	0.6087	71.25
plant_arabidopsis	potato	SYN_GO0016071	biological_process	conserved	163	93	0.5706	68.4
plant_arabidopsis	potato	SYN_GO0016051	biological_process	conserved	145	94	0.6483	73.6
plant_arabidopsis	potato	SYN_GO0070647	biological_process	conserved	134	72	0.5373	63.9
plant_arabidopsis	potato	SYN_GO1901137	biological_process	conserved	127	61	0.4803	70.5
plant_arabidopsis	potato	SYN_GO0009826	biological_process	specific	247	115	0.4656	71.6
plant_arabidopsis	potato	SYN_GO0021700	biological_process	specific	201	101	0.5025	66.5
plant_arabidopsis	potato	SYN_GO0090698	biological_process	specific	194	107	0.5515	68.1
plant_arabidopsis	potato	SYN_GO0010073	biological_process	specific	169	73	0.432	67.0
plant_arabidopsis	potato	SYN_GO0010016	biological_process	specific	151	83	0.5497	67.8
plant_arabidopsis	potato	SYN_GO0009860	biological_process	specific	133	59	0.4436	72.7
plant_arabidopsis	potato	SYN_GO0010087	biological_process	specific	126	62	0.4921	62.3
plant_arabidopsis	potato	SYN_GO0090697	biological_process	specific	121	65	0.5372	67.9
plant_arabidopsis	potato	SYN_GO0051254	biological_process	other	249	122	0.49	55.65
plant_arabidopsis	potato	SYN_GO0045893	biological_process	other	223	110	0.4933	54.6
plant_arabidopsis	potato	SYN_GO0045229	biological_process	other	204	120	0.5882	69.2
plant_arabidopsis	potato	SYN_GO0042594	biological_process	other	185	82	0.4432	66.3
plant_arabidopsis	potato	SYN_GO0009751	biological_process	other	166	73	0.4398	58.9
plant_arabidopsis	potato	SYN_GO0046907	biological_process	other	143	86	0.6014	70.6
plant_arabidopsis	potato	SYN_GO0002682	biological_process	other	122	49	0.4016	63.8
plant_arabidopsis	potato	SYN_GO0009832	biological_process	other	113	65	0.5752	72.8
plant_arabidopsis	potato	SYN_GO0019748	biological_process	conserved	107	58	0.5421	73.65
plant_arabidopsis	potato	SYN_GO0006310	biological_process	conserved	98	44	0.449	57.1
plant_arabidopsis	potato	SYN_GO0019760	biological_process	conserved	91	25	0.2747	54.3
plant_arabidopsis	potato	SYN_GO0006753	biological_process	conserved	86	52	0.6047	77.85
plant_arabidopsis	potato	SYN_GO0019941	biological_process	conserved	79	43	0.5443	68.0
plant_arabidopsis	potato	SYN_GO0034655	biological_process	conserved	73	37	0.5068	68.7
plant_arabidopsis	potato	SYN_GO0000377	biological_process	conserved	69	52	0.7536	72.85
plant_arabidopsis	potato	SYN_GO0006066	biological_process	conserved	64	42	0.6562	70.2
plant_arabidopsis	potato	SYN_GO0009845	biological_process	specific	106	62	0.5849	66.5
plant_arabidopsis	potato	SYN_GO0048466	biological_process	specific	98	54	0.551	64.45
plant_arabidopsis	potato	SYN_GO0098727	biological_process	specific	86	33	0.3837	57.7
plant_arabidopsis	potato	SYN_GO0009738	biological_process	specific	81	39	0.4815	67.0
plant_arabidopsis	potato	SYN_GO0009561	biological_process	specific	77	34	0.4416	66.1
plant_arabidopsis	potato	SYN_GO0010101	biological_process	specific	75	39	0.52	68.7
plant_arabidopsis	potato	SYN_GO0009867	biological_process	specific	71	31	0.4366	62.7
plant_arabidopsis	potato	SYN_GO0048653	biological_process	specific	69	36	0.5217	61.75
plant_arabidopsis	potato	SYN_GO0006811	biological_process	other	107	59	0.5514	69.8
plant_arabidopsis	potato	SYN_GO0071482	biological_process	other	99	61	0.6162	65.6
plant_arabidopsis	potato	SYN_GO0009637	biological_process	other	94	59	0.6277	67.0
plant_arabidopsis	potato	SYN_GO0000226	biological_process	other	86	47	0.5465	57.0
plant_arabidopsis	potato	SYN_GO0023056	biological_process	other	79	42	0.5316	65.45
plant_arabidopsis	potato	SYN_GO0046686	biological_process	other	75	34	0.4533	75.2
plant_arabidopsis	potato	SYN_GO0022613	biological_process	other	71	49	0.6901	65.8
plant_arabidopsis	potato	SYN_GO0070828	biological_process	other	64	36	0.5625	63.1
plant_arabidopsis	potato	SYN_GO0000278	biological_process	conserved	59	33	0.5593	66.3
plant_arabidopsis	potato	SYN_GO0170038	biological_process	conserved	56	34	0.6071	75.95
plant_arabidopsis	potato	SYN_GO0000959	biological_process	conserved	54	25	0.463	58.8
plant_arabidopsis	potato	SYN_GO0006351	biological_process	conserved	50	34	0.68	61.35
plant_arabidopsis	potato	SYN_GO0046486	biological_process	conserved	48	33	0.6875	68.9
plant_arabidopsis	potato	SYN_GO0070918	biological_process	conserved	45	26	0.5778	68.35
plant_arabidopsis	potato	SYN_GO0009308	biological_process	conserved	44	20	0.4545	71.85
plant_arabidopsis	potato	SYN_GO1903047	biological_process	conserved	41	25	0.6098	70.0
plant_arabidopsis	potato	SYN_GO0002253	biological_process	specific	59	27	0.4576	65.9
plant_arabidopsis	potato	SYN_GO0002218	biological_process	specific	57	27	0.4737	65.9
plant_arabidopsis	potato	SYN_GO0010311	biological_process	specific	56	31	0.5536	69.0
plant_arabidopsis	potato	SYN_GO0010214	biological_process	specific	53	24	0.4528	63.0
plant_arabidopsis	potato	SYN_GO0010183	biological_process	specific	50	16	0.32	60.3
plant_arabidopsis	potato	SYN_GO0010078	biological_process	specific	46	16	0.3478	61.15
plant_arabidopsis	potato	SYN_GO0009567	biological_process	specific	45	20	0.4444	66.6
plant_arabidopsis	potato	SYN_GO0009742	biological_process	specific	44	23	0.5227	77.8
plant_arabidopsis	potato	SYN_GO0010565	biological_process	other	60	30	0.5	66.3
plant_arabidopsis	potato	SYN_GO0051052	biological_process	other	57	32	0.5614	60.95
plant_arabidopsis	potato	SYN_GO0071470	biological_process	other	52	31	0.5962	65.9
plant_arabidopsis	potato	SYN_GO0040011	biological_process	other	50	16	0.32	60.3
plant_arabidopsis	potato	SYN_GO0051606	biological_process	other	49	28	0.5714	67.45
plant_arabidopsis	potato	SYN_GO0009668	biological_process	other	47	32	0.6809	69.9
plant_arabidopsis	potato	SYN_GO0048510	biological_process	other	44	18	0.4091	62.8
plant_arabidopsis	potato	SYN_GO0010109	biological_process	other	43	27	0.6279	71.9
plant_arabidopsis	potato	SYN_GO0046983	molecular_function	other	232	140	0.6034	64.0
plant_arabidopsis	potato	SYN_GO0003735	molecular_function	other	196	83	0.4235	86.6
plant_arabidopsis	potato	SYN_GO0016758	molecular_function	other	174	87	0.5	67.6
plant_arabidopsis	potato	SYN_GO0004674	molecular_function	other	159	89	0.5597	71.8
plant_arabidopsis	potato	SYN_GO0016705	molecular_function	other	130	63	0.4846	69.2
plant_arabidopsis	potato	SYN_GO0005507	molecular_function	other	122	70	0.5738	78.2
plant_arabidopsis	potato	SYN_GO0000166	molecular_function	other	113	70	0.6195	78.6
plant_arabidopsis	potato	SYN_GO0008092	molecular_function	other	103	53	0.5146	55.6
plant_arabidopsis	potato	SYN_GO0046527	molecular_function	other	98	36	0.3673	65.0
plant_arabidopsis	potato	SYN_GO0032553	molecular_function	other	87	57	0.6552	79.7
plant_arabidopsis	potato	SYN_GO0032555	molecular_function	other	81	53	0.6543	80.4
plant_arabidopsis	potato	SYN_GO0035639	molecular_function	other	78	51	0.6538	81.6
plant_arabidopsis	potato	SYN_GO0035251	molecular_function	other	75	25	0.3333	57.1
plant_arabidopsis	potato	SYN_GO0016835	molecular_function	other	72	35	0.4861	76.0
plant_arabidopsis	potato	SYN_GO0060090	molecular_function	other	69	44	0.6377	63.95
plant_arabidopsis	potato	SYN_GO0038023	molecular_function	other	64	35	0.5469	70.4
plant_arabidopsis	potato	SYN_GO0032559	molecular_function	other	60	42	0.7	80.05
plant_arabidopsis	potato	SYN_GO0016407	molecular_function	other	55	31	0.5636	68.7
plant_arabidopsis	potato	SYN_GO0140677	molecular_function	other	52	25	0.4808	70.4
plant_arabidopsis	potato	SYN_GO0016836	molecular_function	other	51	29	0.5686	77.4
plant_arabidopsis	potato	SYN_GO0015399	molecular_function	other	48	24	0.5	72.15
plant_arabidopsis	potato	SYN_GO0004519	molecular_function	other	47	31	0.6596	63.4
plant_arabidopsis	potato	SYN_GO0004620	molecular_function	other	43	20	0.4651	65.0
plant_arabidopsis	potato	SYN_GO0042626	molecular_function	other	42	21	0.5	71.9
plant_arabidopsis	potato	SYN_GO0005654	cellular_component	other	248	144	0.5806	66.7
plant_arabidopsis	potato	SYN_GO0140513	cellular_component	other	228	125	0.5482	68.8
plant_arabidopsis	potato	SYN_GO0005856	cellular_component	other	188	99	0.5266	61.4
plant_arabidopsis	potato	SYN_GO0005789	cellular_component	other	185	115	0.6216	67.3
plant_arabidopsis	potato	SYN_GO0005774	cellular_component	other	171	91	0.5322	72.4
plant_arabidopsis	potato	SYN_GO0098796	cellular_component	other	164	97	0.5915	76.6
plant_arabidopsis	potato	SYN_GO0099503	cellular_component	other	157	75	0.4777	69.7
plant_arabidopsis	potato	SYN_GO0042995	cellular_component	other	133	57	0.4286	64.9
plant_arabidopsis	potato	SYN_GO0099513	cellular_component	other	112	62	0.5536	56.25
plant_arabidopsis	potato	SYN_GO0000785	cellular_component	other	108	59	0.5463	65.4
plant_arabidopsis	potato	SYN_GO0016604	cellular_component	other	103	67	0.6505	68.1
plant_arabidopsis	potato	SYN_GO0005874	cellular_component	other	101	56	0.5545	56.85
plant_arabidopsis	potato	SYN_GO1990351	cellular_component	other	86	51	0.593	79.2
plant_arabidopsis	potato	SYN_GO1990204	cellular_component	other	80	43	0.5375	79.1
plant_arabidopsis	potato	SYN_GO0000138	cellular_component	other	75	52	0.6933	73.75
plant_arabidopsis	potato	SYN_GO0030659	cellular_component	other	68	37	0.5441	76.0
plant_arabidopsis	potato	SYN_GO0042646	cellular_component	other	56	43	0.7679	67.8
plant_arabidopsis	potato	SYN_GO0000228	cellular_component	other	51	28	0.549	67.45
plant_arabidopsis	potato	SYN_GO0031978	cellular_component	other	51	43	0.8431	71.2
plant_arabidopsis	potato	SYN_GO0010287	cellular_component	other	51	31	0.6078	73.6
plant_arabidopsis	potato	SYN_GO0042644	cellular_component	other	49	36	0.7347	69.1
plant_arabidopsis	potato	SYN_GO0055028	cellular_component	other	47	27	0.5745	52.4
plant_arabidopsis	potato	SYN_GO0030880	cellular_component	other	46	30	0.6522	68.0
plant_arabidopsis	potato	SYN_GO0000502	cellular_component	other	44	28	0.6364	84.05
plant_arabidopsis	rice	SYN_GO1901135	biological_process	conserved	246	124	0.5041	64.8
plant_arabidopsis	rice	SYN_GO0022402	biological_process	conserved	215	133	0.6186	59.0
plant_arabidopsis	rice	SYN_GO0006793	biological_process	conserved	193	115	0.5959	66.8
plant_arabidopsis	rice	SYN_GO0006796	biological_process	conserved	184	94	0.5109	63.15
plant_arabidopsis	rice	SYN_GO0016071	biological_process	conserved	163	94	0.5767	62.0
plant_arabidopsis	rice	SYN_GO0016051	biological_process	conserved	145	90	0.6207	67.5
plant_arabidopsis	rice	SYN_GO0070647	biological_process	conserved	134	69	0.5149	55.5
plant_arabidopsis	rice	SYN_GO1901137	biological_process	conserved	127	67	0.5276	66.4
plant_arabidopsis	rice	SYN_GO0009826	biological_process	specific	247	113	0.4575	66.6
plant_arabidopsis	rice	SYN_GO0021700	biological_process	specific	201	95	0.4726	62.3
plant_arabidopsis	rice	SYN_GO0090698	biological_process	specific	194	91	0.4691	60.5
plant_arabidopsis	rice	SYN_GO0010073	biological_process	specific	169	68	0.4024	62.35
plant_arabidopsis	rice	SYN_GO0010016	biological_process	specific	151	76	0.5033	63.2
plant_arabidopsis	rice	SYN_GO0009860	biological_process	specific	133	59	0.4436	68.1
plant_arabidopsis	rice	SYN_GO0010087	biological_process	specific	126	56	0.4444	56.25
plant_arabidopsis	rice	SYN_GO0090697	biological_process	specific	121	55	0.4545	59.8
plant_arabidopsis	rice	SYN_GO0051254	biological_process	other	249	92	0.3695	51.75
plant_arabidopsis	rice	SYN_GO0045893	biological_process	other	223	79	0.3543	51.1
plant_arabidopsis	rice	SYN_GO0045229	biological_process	other	204	102	0.5	63.9
plant_arabidopsis	rice	SYN_GO0042594	biological_process	other	185	79	0.427	64.6
plant_arabidopsis	rice	SYN_GO0009751	biological_process	other	166	56	0.3373	59.3
plant_arabidopsis	rice	SYN_GO0046907	biological_process	other	143	100	0.6993	63.0
plant_arabidopsis	rice	SYN_GO0002682	biological_process	other	122	45	0.3689	61.5
plant_arabidopsis	rice	SYN_GO0009832	biological_process	other	113	63	0.5575	69.1
plant_arabidopsis	rice	SYN_GO0019748	biological_process	conserved	107	57	0.5327	65.9
plant_arabidopsis	rice	SYN_GO0006310	biological_process	conserved	98	60	0.6122	55.95
plant_arabidopsis	rice	SYN_GO0019760	biological_process	conserved	91	20	0.2198	46.75
plant_arabidopsis	rice	SYN_GO0006753	biological_process	conserved	86	52	0.6047	74.75
plant_arabidopsis	rice	SYN_GO0019941	biological_process	conserved	79	41	0.519	59.8
plant_arabidopsis	rice	SYN_GO0034655	biological_process	conserved	73	46	0.6301	64.45
plant_arabidopsis	rice	SYN_GO0000377	biological_process	conserved	69	53	0.7681	66.7
plant_arabidopsis	rice	SYN_GO0006066	biological_process	conserved	64	42	0.6562	68.7
plant_arabidopsis	rice	SYN_GO0009845	biological_process	specific	106	54	0.5094	62.7
plant_arabidopsis	rice	SYN_GO0048466	biological_process	specific	98	48	0.4898	57.7
plant_arabidopsis	rice	SYN_GO0098727	biological_process	specific	86	26	0.3023	57.15
plant_arabidopsis	rice	SYN_GO0009738	biological_process	specific	81	37	0.4568	64.5
plant_arabidopsis	rice	SYN_GO0009561	biological_process	specific	77	33	0.4286	61.4
plant_arabidopsis	rice	SYN_GO0010101	biological_process	specific	75	36	0.48	60.25
plant_arabidopsis	rice	SYN_GO0009867	biological_process	specific	71	31	0.4366	61.2
plant_arabidopsis	rice	SYN_GO0048653	biological_process	specific	69	34	0.4928	53.8
plant_arabidopsis	rice	SYN_GO0006811	biological_process	other	107	63	0.5888	66.2
plant_arabidopsis	rice	SYN_GO0071482	biological_process	other	99	48	0.4848	63.2
plant_arabidopsis	rice	SYN_GO0009637	biological_process	other	94	45	0.4787	63.9
plant_arabidopsis	rice	SYN_GO0000226	biological_process	other	86	50	0.5814	57.3
plant_arabidopsis	rice	SYN_GO0023056	biological_process	other	79	39	0.4937	62.4
plant_arabidopsis	rice	SYN_GO0046686	biological_process	other	75	33	0.44	71.2
plant_arabidopsis	rice	SYN_GO0022613	biological_process	other	71	56	0.7887	59.95
plant_arabidopsis	rice	SYN_GO0070828	biological_process	other	64	38	0.5938	55.4
plant_arabidopsis	rice	SYN_GO0000278	biological_process	conserved	59	36	0.6102	58.65
plant_arabidopsis	rice	SYN_GO0170038	biological_process	conserved	56	33	0.5893	73.5
plant_arabidopsis	rice	SYN_GO0000959	biological_process	conserved	54	23	0.4259	50.4
plant_arabidopsis	rice	SYN_GO0006351	biological_process	conserved	50	24	0.48	54.4
plant_arabidopsis	rice	SYN_GO0046486	biological_process	conserved	48	32	0.6667	64.05
plant_arabidopsis	rice	SYN_GO0070918	biological_process	conserved	45	33	0.7333	58.8
plant_arabidopsis	rice	SYN_GO0009308	biological_process	conserved	44	21	0.4773	70.2
plant_arabidopsis	rice	SYN_GO1903047	biological_process	conserved	41	25	0.6098	56.4
plant_arabidopsis	rice	SYN_GO0002253	biological_process	specific	59	24	0.4068	62.25
plant_arabidopsis	rice	SYN_GO0002218	biological_process	specific	57	23	0.4035	62.5
plant_arabidopsis	rice	SYN_GO0010311	biological_process	specific	56	28	0.5	60.55
plant_arabidopsis	rice	SYN_GO0010214	biological_process	specific	53	22	0.4151	60.9
plant_arabidopsis	rice	SYN_GO0010183	biological_process	specific	50	20	0.4	58.9
plant_arabidopsis	rice	SYN_GO0010078	biological_process	specific	46	13	0.2826	60.3
plant_arabidopsis	rice	SYN_GO0009567	biological_process	specific	45	16	0.3556	69.9
plant_arabidopsis	rice	SYN_GO0009742	biological_process	specific	44	20	0.4545	63.0
plant_arabidopsis	rice	SYN_GO0010565	biological_process	other	60	30	0.5	61.55
plant_arabidopsis	rice	SYN_GO0051052	biological_process	other	57	33	0.5789	59.5
plant_arabidopsis	rice	SYN_GO0071470	biological_process	other	52	25	0.4808	58.9
plant_arabidopsis	rice	SYN_GO0040011	biological_process	other	50	20	0.4	58.9
plant_arabidopsis	rice	SYN_GO0051606	biological_process	other	49	28	0.5714	56.9
plant_arabidopsis	rice	SYN_GO0009668	biological_process	other	47	36	0.766	72.85
plant_arabidopsis	rice	SYN_GO0048510	biological_process	other	44	16	0.3636	55.9
plant_arabidopsis	rice	SYN_GO0010109	biological_process	other	43	25	0.5814	68.6
plant_arabidopsis	rice	SYN_GO0046983	molecular_function	other	232	128	0.5517	60.8
plant_arabidopsis	rice	SYN_GO0003735	molecular_function	other	196	81	0.4133	84.5
plant_arabidopsis	rice	SYN_GO0016758	molecular_function	other	174	85	0.4885	65.3
plant_arabidopsis	rice	SYN_GO0004674	molecular_function	other	159	79	0.4969	69.7
plant_arabidopsis	rice	SYN_GO0016705	molecular_function	other	130	60	0.4615	61.1
plant_arabidopsis	rice	SYN_GO0005507	molecular_function	other	122	64	0.5246	76.35
plant_arabidopsis	rice	SYN_GO0000166	molecular_function	other	113	67	0.5929	76.3
plant_arabidopsis	rice	SYN_GO0008092	molecular_function	other	103	55	0.534	58.0
plant_arabidopsis	rice	SYN_GO0046527	molecular_function	other	98	36	0.3673	63.8
plant_arabidopsis	rice	SYN_GO0032553	molecular_function	other	87	54	0.6207	79.05
plant_arabidopsis	rice	SYN_GO0032555	molecular_function	other	81	50	0.6173	80.7
plant_arabidopsis	rice	SYN_GO0035639	molecular_function	other	78	48	0.6154	81.0
plant_arabidopsis	rice	SYN_GO0035251	molecular_function	other	75	26	0.3467	47.85
plant_arabidopsis	rice	SYN_GO0016835	molecular_function	other	72	38	0.5278	72.8
plant_arabidopsis	rice	SYN_GO0060090	molecular_function	other	69	40	0.5797	56.55
plant_arabidopsis	rice	SYN_GO0038023	molecular_function	other	64	32	0.5	62.6
plant_arabidopsis	rice	SYN_GO0032559	molecular_function	other	60	41	0.6833	80.5
plant_arabidopsis	rice	SYN_GO0016407	molecular_function	other	55	32	0.5818	58.35
plant_arabidopsis	rice	SYN_GO0140677	molecular_function	other	52	24	0.4615	63.45
plant_arabidopsis	rice	SYN_GO0016836	molecular_function	other	51	31	0.6078	74.8
plant_arabidopsis	rice	SYN_GO0015399	molecular_function	other	48	24	0.5	71.65
plant_arabidopsis	rice	SYN_GO0004519	molecular_function	other	47	31	0.6596	56.4
plant_arabidopsis	rice	SYN_GO0004620	molecular_function	other	43	20	0.4651	61.8
plant_arabidopsis	rice	SYN_GO0042626	molecular_function	other	42	21	0.5	71.2
plant_arabidopsis	rice	SYN_GO0005654	cellular_component	other	248	150	0.6048	61.45
plant_arabidopsis	rice	SYN_GO0140513	cellular_component	other	228	137	0.6009	61.6
plant_arabidopsis	rice	SYN_GO0005856	cellular_component	other	188	92	0.4894	58.1
plant_arabidopsis	rice	SYN_GO0005789	cellular_component	other	185	108	0.5838	64.45
plant_arabidopsis	rice	SYN_GO0005774	cellular_component	other	171	90	0.5263	68.75
plant_arabidopsis	rice	SYN_GO0098796	cellular_component	other	164	111	0.6768	73.8
plant_arabidopsis	rice	SYN_GO0099503	cellular_component	other	157	73	0.465	64.1
plant_arabidopsis	rice	SYN_GO0042995	cellular_component	other	133	42	0.3158	62.15
plant_arabidopsis	rice	SYN_GO0099513	cellular_component	other	112	59	0.5268	54.7
plant_arabidopsis	rice	SYN_GO0000785	cellular_component	other	108	63	0.5833	62.7
plant_arabidopsis	rice	SYN_GO0016604	cellular_component	other	103	70	0.6796	62.35
plant_arabidopsis	rice	SYN_GO0005874	cellular_component	other	101	53	0.5248	56.4
plant_arabidopsis	rice	SYN_GO1990351	cellular_component	other	86	63	0.7326	75.8
plant_arabidopsis	rice	SYN_GO1990204	cellular_component	other	80	54	0.675	75.15
plant_arabidopsis	rice	SYN_GO0000138	cellular_component	other	75	43	0.5733	69.5
plant_arabidopsis	rice	SYN_GO0030659	cellular_component	other	68	38	0.5588	69.15
plant_arabidopsis	rice	SYN_GO0042646	cellular_component	other	56	41	0.7321	63.2
plant_arabidopsis	rice	SYN_GO0000228	cellular_component	other	51	28	0.549	64.55
plant_arabidopsis	rice	SYN_GO0031978	cellular_component	other	51	41	0.8039	69.5
plant_arabidopsis	rice	SYN_GO0010287	cellular_component	other	51	36	0.7059	75.45
plant_arabidopsis	rice	SYN_GO0042644	cellular_component	other	49	35	0.7143	66.0
plant_arabidopsis	rice	SYN_GO0055028	cellular_component	other	47	25	0.5319	51.0
plant_arabidopsis	rice	SYN_GO0030880	cellular_component	other	46	31	0.6739	60.0
plant_arabidopsis	rice	SYN_GO0000502	cellular_component	other	44	28	0.6364	81.2
plant_arabidopsis	selaginella	SYN_GO1901135	biological_process	conserved	246	97	0.3943	61.3
plant_arabidopsis	selaginella	SYN_GO0022402	biological_process	conserved	215	96	0.4465	53.15
plant_arabidopsis	selaginella	SYN_GO0006793	biological_process	conserved	193	101	0.5233	60.3
plant_arabidopsis	selaginella	SYN_GO0006796	biological_process	conserved	184	59	0.3207	59.4
plant_arabidopsis	selaginella	SYN_GO0016071	biological_process	conserved	163	63	0.3865	55.0
plant_arabidopsis	selaginella	SYN_GO0016051	biological_process	conserved	145	64	0.4414	61.65
plant_arabidopsis	selaginella	SYN_GO0070647	biological_process	conserved	134	48	0.3582	52.35
plant_arabidopsis	selaginella	SYN_GO1901137	biological_process	conserved	127	59	0.4646	61.9
plant_arabidopsis	selaginella	SYN_GO0009826	biological_process	specific	247	85	0.3441	60.2
plant_arabidopsis	selaginella	SYN_GO0021700	biological_process	specific	201	62	0.3085	57.4
plant_arabidopsis	selaginella	SYN_GO0090698	biological_process	specific	194	53	0.2732	60.6
plant_arabidopsis	selaginella	SYN_GO0010073	biological_process	specific	169	45	0.2663	54.6
plant_arabidopsis	selaginella	SYN_GO0010016	biological_process	specific	151	53	0.351	54.7
plant_arabidopsis	selaginella	SYN_GO0009860	biological_process	specific	133	41	0.3083	63.1
plant_arabidopsis	selaginella	SYN_GO0010087	biological_process	specific	126	28	0.2222	54.45
plant_arabidopsis	selaginella	SYN_GO0090697	biological_process	specific	121	34	0.281	61.75
plant_arabidopsis	selaginella	SYN_GO0051254	biological_process	other	249	51	0.2048	56.9
plant_arabidopsis	selaginella	SYN_GO0045893	biological_process	other	223	41	0.1839	55.1
plant_arabidopsis	selaginella	SYN_GO0045229	biological_process	other	204	71	0.348	59.2
plant_arabidopsis	selaginella	SYN_GO0042594	biological_process	other	185	56	0.3027	58.65
plant_arabidopsis	selaginella	SYN_GO0009751	biological_process	other	166	36	0.2169	56.2
plant_arabidopsis	selaginella	SYN_GO0046907	biological_process	other	143	82	0.5734	56.0
plant_arabidopsis	selaginella	SYN_GO0002682	biological_process	other	122	30	0.2459	55.2
plant_arabidopsis	selaginella	SYN_GO0009832	biological_process	other	113	40	0.354	60.85
plant_arabidopsis	selaginella	SYN_GO0019748	biological_process	conserved	107	37	0.3458	60.4
plant_arabidopsis	selaginella	SYN_GO0006310	biological_process	conserved	98	45	0.4592	51.3
plant_arabidopsis	selaginella	SYN_GO0019760	biological_process	conserved	91	8	0.0879	61.3
plant_arabidopsis	selaginella	SYN_GO0006753	biological_process	conserved	86	47	0.5465	65.8
plant_arabidopsis	selaginella	SYN_GO0019941	biological_process	conserved	79	33	0.4177	58.8
plant_arabidopsis	selaginella	SYN_GO0034655	biological_process	conserved	73	35	0.4795	55.2
plant_arabidopsis	selaginella	SYN_GO0000377	biological_process	conserved	69	33	0.4783	60.0
plant_arabidopsis	selaginella	SYN_GO0006066	biological_process	conserved	64	40	0.625	60.85
plant_arabidopsis	selaginella	SYN_GO0009845	biological_process	specific	106	38	0.3585	59.45
plant_arabidopsis	selaginella	SYN_GO0048466	biological_process	specific	98	30	0.3061	53.4
plant_arabidopsis	selaginella	SYN_GO0098727	biological_process	specific	86	19	0.2209	53.6
plant_arabidopsis	selaginella	SYN_GO0009738	biological_process	specific	81	25	0.3086	56.6
plant_arabidopsis	selaginella	SYN_GO0009561	biological_process	specific	77	29	0.3766	52.9
plant_arabidopsis	selaginella	SYN_GO0010101	biological_process	specific	75	22	0.2933	59.15
plant_arabidopsis	selaginella	SYN_GO0009867	biological_process	specific	71	20	0.2817	53.0
plant_arabidopsis	selaginella	SYN_GO0048653	biological_process	specific	69	15	0.2174	49.6
plant_arabidopsis	selaginella	SYN_GO0006811	biological_process	other	107	45	0.4206	59.0
plant_arabidopsis	selaginella	SYN_GO0071482	biological_process	other	99	43	0.4343	57.2
plant_arabidopsis	selaginella	SYN_GO0009637	biological_process	other	94	30	0.3191	57.8
plant_arabidopsis	selaginella	SYN_GO0000226	biological_process	other	86	36	0.4186	57.05
plant_arabidopsis	selaginella	SYN_GO0023056	biological_process	other	79	26	0.3291	56.75
plant_arabidopsis	selaginella	SYN_GO0046686	biological_process	other	75	28	0.3733	64.7
plant_arabidopsis	selaginella	SYN_GO0022613	biological_process	other	71	40	0.5634	55.75
plant_arabidopsis	selaginella	SYN_GO0070828	biological_process	other	64	19	0.2969	55.1
plant_arabidopsis	selaginella	SYN_GO0000278	biological_process	conserved	59	28	0.4746	51.1
plant_arabidopsis	selaginella	SYN_GO0170038	biological_process	conserved	56	32	0.5714	68.6
plant_arabidopsis	selaginella	SYN_GO0000959	biological_process	conserved	54	5	0.0926	27.7
plant_arabidopsis	selaginella	SYN_GO0006351	biological_process	conserved	50	14	0.28	52.55
plant_arabidopsis	selaginella	SYN_GO0046486	biological_process	conserved	48	25	0.5208	57.0
plant_arabidopsis	selaginella	SYN_GO0070918	biological_process	conserved	45	20	0.4444	53.2
plant_arabidopsis	selaginella	SYN_GO0009308	biological_process	conserved	44	17	0.3864	63.9
plant_arabidopsis	selaginella	SYN_GO1903047	biological_process	conserved	41	19	0.4634	51.3
plant_arabidopsis	selaginella	SYN_GO0002253	biological_process	specific	59	15	0.2542	55.3
plant_arabidopsis	selaginella	SYN_GO0002218	biological_process	specific	57	15	0.2632	55.3
plant_arabidopsis	selaginella	SYN_GO0010311	biological_process	specific	56	18	0.3214	61.0
plant_arabidopsis	selaginella	SYN_GO0010214	biological_process	specific	53	14	0.2642	58.45
plant_arabidopsis	selaginella	SYN_GO0010183	biological_process	specific	50	15	0.3	47.1
plant_arabidopsis	selaginella	SYN_GO0010078	biological_process	specific	46	10	0.2174	62.1
plant_arabidopsis	selaginella	SYN_GO0009567	biological_process	specific	45	12	0.2667	59.45
plant_arabidopsis	selaginella	SYN_GO0009742	biological_process	specific	44	10	0.2273	57.85
plant_arabidopsis	selaginella	SYN_GO0010565	biological_process	other	60	22	0.3667	58.95
plant_arabidopsis	selaginella	SYN_GO0051052	biological_process	other	57	29	0.5088	52.9
plant_arabidopsis	selaginella	SYN_GO0071470	biological_process	other	52	14	0.2692	51.85
plant_arabidopsis	selaginella	SYN_GO0040011	biological_process	other	50	15	0.3	47.1
plant_arabidopsis	selaginella	SYN_GO0051606	biological_process	other	49	19	0.3878	55.2
plant_arabidopsis	selaginella	SYN_GO0009668	biological_process	other	47	32	0.6809	63.75
plant_arabidopsis	selaginella	SYN_GO0048510	biological_process	other	44	12	0.2727	52.75
plant_arabidopsis	selaginella	SYN_GO0010109	biological_process	other	43	28	0.6512	62.75
plant_arabidopsis	selaginella	SYN_GO0046983	molecular_function	other	232	84	0.3621	57.75
plant_arabidopsis	selaginella	SYN_GO0003735	molecular_function	other	196	78	0.398	79.25
plant_arabidopsis	selaginella	SYN_GO0016758	molecular_function	other	174	50	0.2874	60.8
plant_arabidopsis	selaginella	SYN_GO0004674	molecular_function	other	159	42	0.2642	62.8
plant_arabidopsis	selaginella	SYN_GO0016705	molecular_function	other	130	44	0.3385	56.2
plant_arabidopsis	selaginella	SYN_GO0005507	molecular_function	other	122	53	0.4344	72.2
plant_arabidopsis	selaginella	SYN_GO0000166	molecular_function	other	113	60	0.531	68.85
plant_arabidopsis	selaginella	SYN_GO0008092	molecular_function	other	103	34	0.3301	52.45
plant_arabidopsis	selaginella	SYN_GO0046527	molecular_function	other	98	14	0.1429	61.7
plant_arabidopsis	selaginella	SYN_GO0032553	molecular_function	other	87	49	0.5632	72.2
plant_arabidopsis	selaginella	SYN_GO0032555	molecular_function	other	81	46	0.5679	72.75
plant_arabidopsis	selaginella	SYN_GO0035639	molecular_function	other	78	44	0.5641	74.6
plant_arabidopsis	selaginella	SYN_GO0035251	molecular_function	other	75	9	0.12	59.4
plant_arabidopsis	selaginella	SYN_GO0016835	molecular_function	other	72	31	0.4306	66.0
plant_arabidopsis	selaginella	SYN_GO0060090	molecular_function	other	69	30	0.4348	55.3
plant_arabidopsis	selaginella	SYN_GO0038023	molecular_function	other	64	18	0.2812	56.5
plant_arabidopsis	selaginella	SYN_GO0032559	molecular_function	other	60	37	0.6167	73.3
plant_arabidopsis	selaginella	SYN_GO0016407	molecular_function	other	55	26	0.4727	58.1
plant_arabidopsis	selaginella	SYN_GO0140677	molecular_function	other	52	21	0.4038	57.7
plant_arabidopsis	selaginella	SYN_GO0016836	molecular_function	other	51	30	0.5882	65.6
plant_arabidopsis	selaginella	SYN_GO0015399	molecular_function	other	48	31	0.6458	61.4
plant_arabidopsis	selaginella	SYN_GO0004519	molecular_function	other	47	23	0.4894	49.9
plant_arabidopsis	selaginella	SYN_GO0004620	molecular_function	other	43	11	0.2558	55.2
plant_arabidopsis	selaginella	SYN_GO0042626	molecular_function	other	42	27	0.6429	61.0
plant_arabidopsis	selaginella	SYN_GO0005654	cellular_component	other	248	108	0.4355	57.8
plant_arabidopsis	selaginella	SYN_GO0140513	cellular_component	other	228	109	0.4781	57.5
plant_arabidopsis	selaginella	SYN_GO0005856	cellular_component	other	188	60	0.3191	55.6
plant_arabidopsis	selaginella	SYN_GO0005789	cellular_component	other	185	86	0.4649	54.75
plant_arabidopsis	selaginella	SYN_GO0005774	cellular_component	other	171	65	0.3801	57.5
plant_arabidopsis	selaginella	SYN_GO0098796	cellular_component	other	164	86	0.5244	58.95
plant_arabidopsis	selaginella	SYN_GO0099503	cellular_component	other	157	48	0.3057	59.35
plant_arabidopsis	selaginella	SYN_GO0042995	cellular_component	other	133	29	0.218	55.2
plant_arabidopsis	selaginella	SYN_GO0099513	cellular_component	other	112	37	0.3304	55.5
plant_arabidopsis	selaginella	SYN_GO0000785	cellular_component	other	108	53	0.4907	56.6
plant_arabidopsis	selaginella	SYN_GO0016604	cellular_component	other	103	48	0.466	61.8
plant_arabidopsis	selaginella	SYN_GO0005874	cellular_component	other	101	37	0.3663	55.5
plant_arabidopsis	selaginella	SYN_GO1990351	cellular_component	other	86	38	0.4419	59.1
plant_arabidopsis	selaginella	SYN_GO1990204	cellular_component	other	80	34	0.425	59.25
plant_arabidopsis	selaginella	SYN_GO0000138	cellular_component	other	75	43	0.5733	60.9
plant_arabidopsis	selaginella	SYN_GO0030659	cellular_component	other	68	28	0.4118	61.55
plant_arabidopsis	selaginella	SYN_GO0042646	cellular_component	other	56	29	0.5179	53.1
plant_arabidopsis	selaginella	SYN_GO0000228	cellular_component	other	51	26	0.5098	57.5
plant_arabidopsis	selaginella	SYN_GO0031978	cellular_component	other	51	38	0.7451	62.15
plant_arabidopsis	selaginella	SYN_GO0010287	cellular_component	other	51	32	0.6275	67.2
plant_arabidopsis	selaginella	SYN_GO0042644	cellular_component	other	49	27	0.551	51.4
plant_arabidopsis	selaginella	SYN_GO0055028	cellular_component	other	47	15	0.3191	57.2
plant_arabidopsis	selaginella	SYN_GO0030880	cellular_component	other	46	22	0.4783	66.65
plant_arabidopsis	selaginella	SYN_GO0000502	cellular_component	other	44	28	0.6364	73.35
plant_arabidopsis	soybean	SYN_GO1901135	biological_process	conserved	246	143	0.5813	71.0
plant_arabidopsis	soybean	SYN_GO0022402	biological_process	conserved	215	164	0.7628	63.85
plant_arabidopsis	soybean	SYN_GO0006793	biological_process	conserved	193	132	0.6839	72.6
plant_arabidopsis	soybean	SYN_GO0006796	biological_process	conserved	184	124	0.6739	70.7
plant_arabidopsis	soybean	SYN_GO0016071	biological_process	conserved	163	120	0.7362	64.3
plant_arabidopsis	soybean	SYN_GO0016051	biological_process	conserved	145	104	0.7172	73.55
plant_arabidopsis	soybean	SYN_GO0070647	biological_process	conserved	134	83	0.6194	65.4
plant_arabidopsis	soybean	SYN_GO1901137	biological_process	conserved	127	76	0.5984	71.85
plant_arabidopsis	soybean	SYN_GO0009826	biological_process	specific	247	144	0.583	72.8
plant_arabidopsis	soybean	SYN_GO0021700	biological_process	specific	201	123	0.6119	67.5
plant_arabidopsis	soybean	SYN_GO0090698	biological_process	specific	194	131	0.6753	66.9
plant_arabidopsis	soybean	SYN_GO0010073	biological_process	specific	169	101	0.5976	65.7
plant_arabidopsis	soybean	SYN_GO0010016	biological_process	specific	151	106	0.702	65.2
plant_arabidopsis	soybean	SYN_GO0009860	biological_process	specific	133	73	0.5489	74.2
plant_arabidopsis	soybean	SYN_GO0010087	biological_process	specific	126	77	0.6111	62.0
plant_arabidopsis	soybean	SYN_GO0090697	biological_process	specific	121	81	0.6694	64.9
plant_arabidopsis	soybean	SYN_GO0051254	biological_process	other	249	146	0.5863	55.55
plant_arabidopsis	soybean	SYN_GO0045893	biological_process	other	223	130	0.583	54.75
plant_arabidopsis	soybean	SYN_GO0045229	biological_process	other	204	140	0.6863	71.35
plant_arabidopsis	soybean	SYN_GO0042594	biological_process	other	185	103	0.5568	67.5
plant_arabidopsis	soybean	SYN_GO0009751	biological_process	other	166	75	0.4518	62.0
plant_arabidopsis	soybean	SYN_GO0046907	biological_process	other	143	118	0.8252	70.4
plant_arabidopsis	soybean	SYN_GO0002682	biological_process	other	122	58	0.4754	65.85
plant_arabidopsis	soybean	SYN_GO0009832	biological_process	other	113	75	0.6637	73.3
plant_arabidopsis	soybean	SYN_GO0019748	biological_process	conserved	107	70	0.6542	73.7
plant_arabidopsis	soybean	SYN_GO0006310	biological_process	conserved	98	76	0.7755	59.8
plant_arabidopsis	soybean	SYN_GO0019760	biological_process	conserved	91	27	0.2967	54.2
plant_arabidopsis	soybean	SYN_GO0006753	biological_process	conserved	86	60	0.6977	78.35
plant_arabidopsis	soybean	SYN_GO0019941	biological_process	conserved	79	47	0.5949	69.6
plant_arabidopsis	soybean	SYN_GO0034655	biological_process	conserved	73	55	0.7534	69.1
plant_arabidopsis	soybean	SYN_GO0000377	biological_process	conserved	69	56	0.8116	68.7
plant_arabidopsis	soybean	SYN_GO0006066	biological_process	conserved	64	47	0.7344	71.2
plant_arabidopsis	soybean	SYN_GO0009845	biological_process	specific	106	74	0.6981	67.2
plant_arabidopsis	soybean	SYN_GO0048466	biological_process	specific	98	69	0.7041	63.4
plant_arabidopsis	soybean	SYN_GO0098727	biological_process	specific	86	46	0.5349	60.15
plant_arabidopsis	soybean	SYN_GO0009738	biological_process	specific	81	51	0.6296	68.4
plant_arabidopsis	soybean	SYN_GO0009561	biological_process	specific	77	46	0.5974	64.05
plant_arabidopsis	soybean	SYN_GO0010101	biological_process	specific	75	52	0.6933	68.0
plant_arabidopsis	soybean	SYN_GO0009867	biological_process	specific	71	42	0.5915	64.15
plant_arabidopsis	soybean	SYN_GO0048653	biological_process	specific	69	48	0.6957	61.05
plant_arabidopsis	soybean	SYN_GO0006811	biological_process	other	107	75	0.7009	68.3
plant_arabidopsis	soybean	SYN_GO0071482	biological_process	other	99	69	0.697	68.0
plant_arabidopsis	soybean	SYN_GO0009637	biological_process	other	94	59	0.6277	70.8
plant_arabidopsis	soybean	SYN_GO0000226	biological_process	other	86	58	0.6744	64.65
plant_arabidopsis	soybean	SYN_GO0023056	biological_process	other	79	49	0.6203	68.4
plant_arabidopsis	soybean	SYN_GO0046686	biological_process	other	75	43	0.5733	71.9
plant_arabidopsis	soybean	SYN_GO0022613	biological_process	other	71	58	0.8169	63.85
plant_arabidopsis	soybean	SYN_GO0070828	biological_process	other	64	47	0.7344	58.3
plant_arabidopsis	soybean	SYN_GO0000278	biological_process	conserved	59	42	0.7119	65.9
plant_arabidopsis	soybean	SYN_GO0170038	biological_process	conserved	56	39	0.6964	78.2
plant_arabidopsis	soybean	SYN_GO0000959	biological_process	conserved	54	24	0.4444	59.55
plant_arabidopsis	soybean	SYN_GO0006351	biological_process	conserved	50	38	0.76	58.65
plant_arabidopsis	soybean	SYN_GO0046486	biological_process	conserved	48	35	0.7292	69.2
plant_arabidopsis	soybean	SYN_GO0070918	biological_process	conserved	45	39	0.8667	64.9
plant_arabidopsis	soybean	SYN_GO0009308	biological_process	conserved	44	24	0.5455	70.9
plant_arabidopsis	soybean	SYN_GO1903047	biological_process	conserved	41	30	0.7317	64.4
plant_arabidopsis	soybean	SYN_GO0002253	biological_process	specific	59	27	0.4576	64.6
plant_arabidopsis	soybean	SYN_GO0002218	biological_process	specific	57	27	0.4737	64.6
plant_arabidopsis	soybean	SYN_GO0010311	biological_process	specific	56	38	0.6786	68.25
plant_arabidopsis	soybean	SYN_GO0010214	biological_process	specific	53	35	0.6604	71.8
plant_arabidopsis	soybean	SYN_GO0010183	biological_process	specific	50	24	0.48	64.8
plant_arabidopsis	soybean	SYN_GO0010078	biological_process	specific	46	19	0.413	63.5
plant_arabidopsis	soybean	SYN_GO0009567	biological_process	specific	45	21	0.4667	66.0
plant_arabidopsis	soybean	SYN_GO0009742	biological_process	specific	44	29	0.6591	77.4
plant_arabidopsis	soybean	SYN_GO0010565	biological_process	other	60	41	0.6833	66.0
plant_arabidopsis	soybean	SYN_GO0051052	biological_process	other	57	46	0.807	62.15
plant_arabidopsis	soybean	SYN_GO0071470	biological_process	other	52	36	0.6923	64.7
plant_arabidopsis	soybean	SYN_GO0040011	biological_process	other	50	24	0.48	64.8
plant_arabidopsis	soybean	SYN_GO0051606	biological_process	other	49	34	0.6939	65.4
plant_arabidopsis	soybean	SYN_GO0009668	biological_process	other	47	44	0.9362	70.3
plant_arabidopsis	soybean	SYN_GO0048510	biological_process	other	44	23	0.5227	62.7
plant_arabidopsis	soybean	SYN_GO0010109	biological_process	other	43	33	0.7674	69.4
plant_arabidopsis	soybean	SYN_GO0046983	molecular_function	other	232	158	0.681	65.0
plant_arabidopsis	soybean	SYN_GO0003735	molecular_function	other	196	89	0.4541	87.0
plant_arabidopsis	soybean	SYN_GO0016758	molecular_function	other	174	96	0.5517	70.75
plant_arabidopsis	soybean	SYN_GO0004674	molecular_function	other	159	107	0.673	73.5
plant_arabidopsis	soybean	SYN_GO0016705	molecular_function	other	130	75	0.5769	67.9
plant_arabidopsis	soybean	SYN_GO0005507	molecular_function	other	122	76	0.623	79.4
plant_arabidopsis	soybean	SYN_GO0000166	molecular_function	other	113	78	0.6903	79.25
plant_arabidopsis	soybean	SYN_GO0008092	molecular_function	other	103	74	0.7184	61.2
plant_arabidopsis	soybean	SYN_GO0046527	molecular_function	other	98	41	0.4184	69.2
plant_arabidopsis	soybean	SYN_GO0032553	molecular_function	other	87	61	0.7011	81.1
plant_arabidopsis	soybean	SYN_GO0032555	molecular_function	other	81	56	0.6914	81.2
plant_arabidopsis	soybean	SYN_GO0035639	molecular_function	other	78	54	0.6923	81.8
plant_arabidopsis	soybean	SYN_GO0035251	molecular_function	other	75	31	0.4133	62.2
plant_arabidopsis	soybean	SYN_GO0016835	molecular_function	other	72	43	0.5972	74.8
plant_arabidopsis	soybean	SYN_GO0060090	molecular_function	other	69	55	0.7971	61.0
plant_arabidopsis	soybean	SYN_GO0038023	molecular_function	other	64	40	0.625	71.15
plant_arabidopsis	soybean	SYN_GO0032559	molecular_function	other	60	44	0.7333	80.7
plant_arabidopsis	soybean	SYN_GO0016407	molecular_function	other	55	42	0.7636	68.75
plant_arabidopsis	soybean	SYN_GO0140677	molecular_function	other	52	32	0.6154	67.35
plant_arabidopsis	soybean	SYN_GO0016836	molecular_function	other	51	34	0.6667	77.95
plant_arabidopsis	soybean	SYN_GO0015399	molecular_function	other	48	39	0.8125	75.2
plant_arabidopsis	soybean	SYN_GO0004519	molecular_function	other	47	37	0.7872	64.0
plant_arabidopsis	soybean	SYN_GO0004620	molecular_function	other	43	25	0.5814	70.4
plant_arabidopsis	soybean	SYN_GO0042626	molecular_function	other	42	35	0.8333	75.0
plant_arabidopsis	soybean	SYN_GO0005654	cellular_component	other	248	183	0.7379	64.9
plant_arabidopsis	soybean	SYN_GO0140513	cellular_component	other	228	168	0.7368	66.0
plant_arabidopsis	soybean	SYN_GO0005856	cellular_component	other	188	121	0.6436	62.8
plant_arabidopsis	soybean	SYN_GO0005789	cellular_component	other	185	126	0.6811	69.95
plant_arabidopsis	soybean	SYN_GO0005774	cellular_component	other	171	108	0.6316	72.55
plant_arabidopsis	soybean	SYN_GO0098796	cellular_component	other	164	122	0.7439	78.95
plant_arabidopsis	soybean	SYN_GO0099503	cellular_component	other	157	82	0.5223	69.35
plant_arabidopsis	soybean	SYN_GO0042995	cellular_component	other	133	66	0.4962	68.45
plant_arabidopsis	soybean	SYN_GO0099513	cellular_component	other	112	73	0.6518	58.7
plant_arabidopsis	soybean	SYN_GO0000785	cellular_component	other	108	75	0.6944	67.3
plant_arabidopsis	soybean	SYN_GO0016604	cellular_component	other	103	84	0.8155	65.7
plant_arabidopsis	soybean	SYN_GO0005874	cellular_component	other	101	67	0.6634	59.9
plant_arabidopsis	soybean	SYN_GO1990351	cellular_component	other	86	63	0.7326	81.5
plant_arabidopsis	soybean	SYN_GO1990204	cellular_component	other	80	53	0.6625	81.3
plant_arabidopsis	soybean	SYN_GO0000138	cellular_component	other	75	56	0.7467	74.55
plant_arabidopsis	soybean	SYN_GO0030659	cellular_component	other	68	49	0.7206	74.7
plant_arabidopsis	soybean	SYN_GO0042646	cellular_component	other	56	50	0.8929	67.45
plant_arabidopsis	soybean	SYN_GO0000228	cellular_component	other	51	36	0.7059	68.7
plant_arabidopsis	soybean	SYN_GO0031978	cellular_component	other	51	47	0.9216	72.4
plant_arabidopsis	soybean	SYN_GO0010287	cellular_component	other	51	41	0.8039	77.3
plant_arabidopsis	soybean	SYN_GO0042644	cellular_component	other	49	43	0.8776	68.9
plant_arabidopsis	soybean	SYN_GO0055028	cellular_component	other	47	32	0.6809	57.25
plant_arabidopsis	soybean	SYN_GO0030880	cellular_component	other	46	38	0.8261	71.25
plant_arabidopsis	soybean	SYN_GO0000502	cellular_component	other	44	29	0.6591	87.1
plant_arabidopsis	tomato	SYN_GO1901135	biological_process	conserved	246	136	0.5528	68.0
plant_arabidopsis	tomato	SYN_GO0022402	biological_process	conserved	215	157	0.7302	61.7
plant_arabidopsis	tomato	SYN_GO0006793	biological_process	conserved	193	130	0.6736	70.15
plant_arabidopsis	tomato	SYN_GO0006796	biological_process	conserved	184	118	0.6413	68.15
plant_arabidopsis	tomato	SYN_GO0016071	biological_process	conserved	163	108	0.6626	62.75
plant_arabidopsis	tomato	SYN_GO0016051	biological_process	conserved	145	97	0.669	72.3
plant_arabidopsis	tomato	SYN_GO0070647	biological_process	conserved	134	82	0.6119	63.1
plant_arabidopsis	tomato	SYN_GO1901137	biological_process	conserved	127	74	0.5827	70.55
plant_arabidopsis	tomato	SYN_GO0009826	biological_process	specific	247	136	0.5506	70.6
plant_arabidopsis	tomato	SYN_GO0021700	biological_process	specific	201	112	0.5572	65.45
plant_arabidopsis	tomato	SYN_GO0090698	biological_process	specific	194	121	0.6237	66.3
plant_arabidopsis	tomato	SYN_GO0010073	biological_process	specific	169	85	0.503	64.4
plant_arabidopsis	tomato	SYN_GO0010016	biological_process	specific	151	98	0.649	65.55
plant_arabidopsis	tomato	SYN_GO0009860	biological_process	specific	133	68	0.5113	72.3
plant_arabidopsis	tomato	SYN_GO0010087	biological_process	specific	126	64	0.5079	61.65
plant_arabidopsis	tomato	SYN_GO0090697	biological_process	specific	121	75	0.6198	65.1
plant_arabidopsis	tomato	SYN_GO0051254	biological_process	other	249	122	0.49	55.45
plant_arabidopsis	tomato	SYN_GO0045893	biological_process	other	223	104	0.4664	55.15
plant_arabidopsis	tomato	SYN_GO0045229	biological_process	other	204	128	0.6275	68.9
plant_arabidopsis	tomato	SYN_GO0042594	biological_process	other	185	94	0.5081	66.75
plant_arabidopsis	tomato	SYN_GO0009751	biological_process	other	166	77	0.4639	60.6
plant_arabidopsis	tomato	SYN_GO0046907	biological_process	other	143	113	0.7902	68.9
plant_arabidopsis	tomato	SYN_GO0002682	biological_process	other	122	57	0.4672	65.4
plant_arabidopsis	tomato	SYN_GO0009832	biological_process	other	113	73	0.646	73.4
plant_arabidopsis	tomato	SYN_GO0019748	biological_process	conserved	107	64	0.5981	71.75
plant_arabidopsis	tomato	SYN_GO0006310	biological_process	conserved	98	76	0.7755	57.0
plant_arabidopsis	tomato	SYN_GO0019760	biological_process	conserved	91	27	0.2967	53.4
plant_arabidopsis	tomato	SYN_GO0006753	biological_process	conserved	86	57	0.6628	77.2
plant_arabidopsis	tomato	SYN_GO0019941	biological_process	conserved	79	45	0.5696	68.5
plant_arabidopsis	tomato	SYN_GO0034655	biological_process	conserved	73	54	0.7397	67.7
plant_arabidopsis	tomato	SYN_GO0000377	biological_process	conserved	69	51	0.7391	68.0
plant_arabidopsis	tomato	SYN_GO0006066	biological_process	conserved	64	43	0.6719	66.5
plant_arabidopsis	tomato	SYN_GO0009845	biological_process	specific	106	70	0.6604	63.9
plant_arabidopsis	tomato	SYN_GO0048466	biological_process	specific	98	61	0.6224	63.1
plant_arabidopsis	tomato	SYN_GO0098727	biological_process	specific	86	38	0.4419	58.35
plant_arabidopsis	tomato	SYN_GO0009738	biological_process	specific	81	48	0.5926	67.75
plant_arabidopsis	tomato	SYN_GO0009561	biological_process	specific	77	42	0.5455	62.5
plant_arabidopsis	tomato	SYN_GO0010101	biological_process	specific	75	47	0.6267	65.2
plant_arabidopsis	tomato	SYN_GO0009867	biological_process	specific	71	39	0.5493	62.0
plant_arabidopsis	tomato	SYN_GO0048653	biological_process	specific	69	42	0.6087	62.35
plant_arabidopsis	tomato	SYN_GO0006811	biological_process	other	107	69	0.6449	67.8
plant_arabidopsis	tomato	SYN_GO0071482	biological_process	other	99	66	0.6667	64.8
plant_arabidopsis	tomato	SYN_GO0009637	biological_process	other	94	57	0.6064	64.3
plant_arabidopsis	tomato	SYN_GO0000226	biological_process	other	86	58	0.6744	64.45
plant_arabidopsis	tomato	SYN_GO0023056	biological_process	other	79	41	0.519	65.0
plant_arabidopsis	tomato	SYN_GO0046686	biological_process	other	75	35	0.4667	71.7
plant_arabidopsis	tomato	SYN_GO0022613	biological_process	other	71	55	0.7746	65.5
plant_arabidopsis	tomato	SYN_GO0070828	biological_process	other	64	48	0.75	54.85
plant_arabidopsis	tomato	SYN_GO0000278	biological_process	conserved	59	42	0.7119	60.9
plant_arabidopsis	tomato	SYN_GO0170038	biological_process	conserved	56	34	0.6071	78.25
plant_arabidopsis	tomato	SYN_GO0000959	biological_process	conserved	54	23	0.4259	58.3
plant_arabidopsis	tomato	SYN_GO0006351	biological_process	conserved	50	35	0.7	57.7
plant_arabidopsis	tomato	SYN_GO0046486	biological_process	conserved	48	37	0.7708	67.3
plant_arabidopsis	tomato	SYN_GO0070918	biological_process	conserved	45	37	0.8222	65.4
plant_arabidopsis	tomato	SYN_GO0009308	biological_process	conserved	44	22	0.5	72.45
plant_arabidopsis	tomato	SYN_GO1903047	biological_process	conserved	41	32	0.7805	60.9
plant_arabidopsis	tomato	SYN_GO0002253	biological_process	specific	59	30	0.5085	64.55
plant_arabidopsis	tomato	SYN_GO0002218	biological_process	specific	57	30	0.5263	64.55
plant_arabidopsis	tomato	SYN_GO0010311	biological_process	specific	56	34	0.6071	67.55
plant_arabidopsis	tomato	SYN_GO0010214	biological_process	specific	53	28	0.5283	63.65
plant_arabidopsis	tomato	SYN_GO0010183	biological_process	specific	50	22	0.44	62.55
plant_arabidopsis	tomato	SYN_GO0010078	biological_process	specific	46	15	0.3261	63.8
plant_arabidopsis	tomato	SYN_GO0009567	biological_process	specific	45	22	0.4889	65.75
plant_arabidopsis	tomato	SYN_GO0009742	biological_process	specific	44	19	0.4318	78.4
plant_arabidopsis	tomato	SYN_GO0010565	biological_process	other	60	35	0.5833	64.0
plant_arabidopsis	tomato	SYN_GO0051052	biological_process	other	57	42	0.7368	56.75
plant_arabidopsis	tomato	SYN_GO0071470	biological_process	other	52	34	0.6538	64.4
plant_arabidopsis	tomato	SYN_GO0040011	biological_process	other	50	22	0.44	62.55
plant_arabidopsis	tomato	SYN_GO0051606	biological_process	other	49	32	0.6531	63.4
plant_arabidopsis	tomato	SYN_GO0009668	biological_process	other	47	39	0.8298	67.9
plant_arabidopsis	tomato	SYN_GO0048510	biological_process	other	44	26	0.5909	58.5
plant_arabidopsis	tomato	SYN_GO0010109	biological_process	other	43	33	0.7674	69.8
plant_arabidopsis	tomato	SYN_GO0046983	molecular_function	other	232	155	0.6681	63.0
plant_arabidopsis	tomato	SYN_GO0003735	molecular_function	other	196	83	0.4235	85.7
plant_arabidopsis	tomato	SYN_GO0016758	molecular_function	other	174	87	0.5	71.0
plant_arabidopsis	tomato	SYN_GO0004674	molecular_function	other	159	96	0.6038	72.35
plant_arabidopsis	tomato	SYN_GO0016705	molecular_function	other	130	69	0.5308	66.7
plant_arabidopsis	tomato	SYN_GO0005507	molecular_function	other	122	71	0.582	78.7
plant_arabidopsis	tomato	SYN_GO0000166	molecular_function	other	113	75	0.6637	78.1
plant_arabidopsis	tomato	SYN_GO0008092	molecular_function	other	103	66	0.6408	61.7
plant_arabidopsis	tomato	SYN_GO0046527	molecular_function	other	98	35	0.3571	68.2
plant_arabidopsis	tomato	SYN_GO0032553	molecular_function	other	87	59	0.6782	79.5
plant_arabidopsis	tomato	SYN_GO0032555	molecular_function	other	81	54	0.6667	80.2
plant_arabidopsis	tomato	SYN_GO0035639	molecular_function	other	78	52	0.6667	80.9
plant_arabidopsis	tomato	SYN_GO0035251	molecular_function	other	75	25	0.3333	64.8
plant_arabidopsis	tomato	SYN_GO0016835	molecular_function	other	72	41	0.5694	74.1
plant_arabidopsis	tomato	SYN_GO0060090	molecular_function	other	69	48	0.6957	62.85
plant_arabidopsis	tomato	SYN_GO0038023	molecular_function	other	64	40	0.625	68.25
plant_arabidopsis	tomato	SYN_GO0032559	molecular_function	other	60	43	0.7167	79.7
plant_arabidopsis	tomato	SYN_GO0016407	molecular_function	other	55	38	0.6909	67.3
plant_arabidopsis	tomato	SYN_GO0140677	molecular_function	other	52	26	0.5	68.15
plant_arabidopsis	tomato	SYN_GO0016836	molecular_function	other	51	33	0.6471	76.6
plant_arabidopsis	tomato	SYN_GO0015399	molecular_function	other	48	35	0.7292	71.7
plant_arabidopsis	tomato	SYN_GO0004519	molecular_function	other	47	36	0.766	62.6
plant_arabidopsis	tomato	SYN_GO0004620	molecular_function	other	43	24	0.5581	66.35
plant_arabidopsis	tomato	SYN_GO0042626	molecular_function	other	42	32	0.7619	71.55
plant_arabidopsis	tomato	SYN_GO0005654	cellular_component	other	248	164	0.6613	64.55
plant_arabidopsis	tomato	SYN_GO0140513	cellular_component	other	228	154	0.6754	65.7
plant_arabidopsis	tomato	SYN_GO0005856	cellular_component	other	188	118	0.6277	61.15
plant_arabidopsis	tomato	SYN_GO0005789	cellular_component	other	185	118	0.6378	68.3
plant_arabidopsis	tomato	SYN_GO0005774	cellular_component	other	171	104	0.6082	70.35
plant_arabidopsis	tomato	SYN_GO0098796	cellular_component	other	164	103	0.628	74.6
plant_arabidopsis	tomato	SYN_GO0099503	cellular_component	other	157	78	0.4968	66.1
plant_arabidopsis	tomato	SYN_GO0042995	cellular_component	other	133	60	0.4511	63.15
plant_arabidopsis	tomato	SYN_GO0099513	cellular_component	other	112	70	0.625	56.4
plant_arabidopsis	tomato	SYN_GO0000785	cellular_component	other	108	70	0.6481	61.55
plant_arabidopsis	tomato	SYN_GO0016604	cellular_component	other	103	74	0.7184	65.2
plant_arabidopsis	tomato	SYN_GO0005874	cellular_component	other	101	63	0.6238	56.7
plant_arabidopsis	tomato	SYN_GO1990351	cellular_component	other	86	52	0.6047	77.5
plant_arabidopsis	tomato	SYN_GO1990204	cellular_component	other	80	44	0.55	76.85
plant_arabidopsis	tomato	SYN_GO0000138	cellular_component	other	75	59	0.7867	73.2
plant_arabidopsis	tomato	SYN_GO0030659	cellular_component	other	68	44	0.6471	75.05
plant_arabidopsis	tomato	SYN_GO0042646	cellular_component	other	56	47	0.8393	66.3
plant_arabidopsis	tomato	SYN_GO0000228	cellular_component	other	51	35	0.6863	64.0
plant_arabidopsis	tomato	SYN_GO0031978	cellular_component	other	51	42	0.8235	69.25
plant_arabidopsis	tomato	SYN_GO0010287	cellular_component	other	51	36	0.7059	73.2
plant_arabidopsis	tomato	SYN_GO0042644	cellular_component	other	49	40	0.8163	68.5
plant_arabidopsis	tomato	SYN_GO0055028	cellular_component	other	47	27	0.5745	55.3
plant_arabidopsis	tomato	SYN_GO0030880	cellular_component	other	46	35	0.7609	68.3
plant_arabidopsis	tomato	SYN_GO0000502	cellular_component	other	44	26	0.5909	83.7
fungi	aspergillus	SYN_GO0019752	biological_process	conserved	249	171	0.6867	52.2
fungi	aspergillus	SYN_GO0051604	biological_process	conserved	194	118	0.6082	41.8
fungi	aspergillus	SYN_GO0090407	biological_process	conserved	176	119	0.6761	44.9
fungi	aspergillus	SYN_GO0055086	biological_process	conserved	169	123	0.7278	50.4
fungi	aspergillus	SYN_GO0008610	biological_process	conserved	150	98	0.6533	41.1
fungi	aspergillus	SYN_GO0006260	biological_process	conserved	135	85	0.6296	41.4
fungi	aspergillus	SYN_GO0043161	biological_process	conserved	122	81	0.6639	46.5
fungi	aspergillus	SYN_GO0072521	biological_process	conserved	119	88	0.7395	53.2
fungi	aspergillus	SYN_GO1903046	biological_process	specific	246	80	0.3252	41.35
fungi	aspergillus	SYN_GO0007165	biological_process	specific	243	86	0.3539	37.7
fungi	aspergillus	SYN_GO0035556	biological_process	specific	210	78	0.3714	37.7
fungi	aspergillus	SYN_GO0032502	biological_process	specific	173	52	0.3006	42.0
fungi	aspergillus	SYN_GO0048856	biological_process	specific	142	44	0.3099	39.85
fungi	aspergillus	SYN_GO0043934	biological_process	specific	134	41	0.306	44.4
fungi	aspergillus	SYN_GO0030435	biological_process	specific	125	38	0.304	44.0
fungi	aspergillus	SYN_GO0043935	biological_process	specific	116	35	0.3017	44.4
fungi	aspergillus	SYN_GO0033043	biological_process	other	244	103	0.4221	41.2
fungi	aspergillus	SYN_GO0048878	biological_process	other	201	88	0.4378	43.75
fungi	aspergillus	SYN_GO0070925	biological_process	other	176	95	0.5398	46.7
fungi	aspergillus	SYN_GO1902679	biological_process	other	161	52	0.323	39.0
fungi	aspergillus	SYN_GO0000280	biological_process	other	148	52	0.3514	41.3
fungi	aspergillus	SYN_GO0051130	biological_process	other	135	68	0.5037	43.75
fungi	aspergillus	SYN_GO0006417	biological_process	other	123	55	0.4472	44.2
fungi	aspergillus	SYN_GO0031505	biological_process	other	118	33	0.2797	41.9
fungi	aspergillus	SYN_GO0000956	biological_process	conserved	106	47	0.4434	40.3
fungi	aspergillus	SYN_GO0006352	biological_process	conserved	100	53	0.53	43.7
fungi	aspergillus	SYN_GO0006457	biological_process	conserved	96	55	0.5729	48.5
fungi	aspergillus	SYN_GO1901293	biological_process	conserved	82	63	0.7683	50.8
fungi	aspergillus	SYN_GO0006400	biological_process	conserved	79	54	0.6835	40.95
fungi	aspergillus	SYN_GO0006367	biological_process	conserved	75	40	0.5333	42.3
fungi	aspergillus	SYN_GO0170038	biological_process	conserved	71	58	0.8169	55.75
fungi	aspergillus	SYN_GO0000966	biological_process	conserved	66	40	0.6061	38.5
fungi	aspergillus	SYN_GO0061982	biological_process	specific	100	36	0.36	38.9
fungi	aspergillus	SYN_GO0140013	biological_process	specific	97	30	0.3093	41.35
fungi	aspergillus	SYN_GO0000075	biological_process	specific	87	29	0.3333	40.3
fungi	aspergillus	SYN_GO0000747	biological_process	specific	82	27	0.3293	36.2
fungi	aspergillus	SYN_GO0007127	biological_process	specific	82	29	0.3537	41.1
fungi	aspergillus	SYN_GO0141124	biological_process	specific	75	33	0.44	37.2
fungi	aspergillus	SYN_GO0010927	biological_process	specific	68	21	0.3088	37.3
fungi	aspergillus	SYN_GO0007093	biological_process	specific	63	21	0.3333	41.2
fungi	aspergillus	SYN_GO0009966	biological_process	other	105	52	0.4952	41.95
fungi	aspergillus	SYN_GO0006403	biological_process	other	95	43	0.4526	41.2
fungi	aspergillus	SYN_GO0010638	biological_process	other	87	41	0.4713	41.6
fungi	aspergillus	SYN_GO1901700	biological_process	other	82	35	0.4268	43.0
fungi	aspergillus	SYN_GO0015748	biological_process	other	76	50	0.6579	39.35
fungi	aspergillus	SYN_GO0032786	biological_process	other	74	35	0.473	38.1
fungi	aspergillus	SYN_GO0104004	biological_process	other	70	25	0.3571	40.8
fungi	aspergillus	SYN_GO0030010	biological_process	other	66	20	0.303	41.2
fungi	aspergillus	SYN_GO0045017	biological_process	conserved	59	39	0.661	38.9
fungi	aspergillus	SYN_GO0007062	biological_process	conserved	56	24	0.4286	36.0
fungi	aspergillus	SYN_GO0000082	biological_process	conserved	52	20	0.3846	47.0
fungi	aspergillus	SYN_GO0006312	biological_process	conserved	50	20	0.4	44.4
fungi	aspergillus	SYN_GO0018193	biological_process	conserved	48	28	0.5833	36.05
fungi	aspergillus	SYN_GO0009303	biological_process	conserved	46	26	0.5652	46.4
fungi	aspergillus	SYN_GO0070897	biological_process	conserved	45	18	0.4	38.55
fungi	aspergillus	SYN_GO0016051	biological_process	conserved	43	22	0.5116	63.85
fungi	aspergillus	SYN_GO0007131	biological_process	specific	54	18	0.3333	40.95
fungi	aspergillus	SYN_GO0045132	biological_process	specific	51	15	0.2941	37.0
fungi	aspergillus	SYN_GO0070591	biological_process	specific	49	15	0.3061	39.0
fungi	aspergillus	SYN_GO0042244	biological_process	specific	49	15	0.3061	39.0
fungi	aspergillus	SYN_GO0030476	biological_process	specific	49	15	0.3061	39.0
fungi	aspergillus	SYN_GO0070590	biological_process	specific	49	15	0.3061	39.0
fungi	aspergillus	SYN_GO0019954	biological_process	specific	49	21	0.4286	44.2
fungi	aspergillus	SYN_GO0007114	biological_process	specific	49	21	0.4286	44.2
fungi	aspergillus	SYN_GO1902903	biological_process	other	60	22	0.3667	40.3
fungi	aspergillus	SYN_GO0000041	biological_process	other	57	30	0.5263	43.75
fungi	aspergillus	SYN_GO0019216	biological_process	other	54	15	0.2778	49.6
fungi	aspergillus	SYN_GO0045727	biological_process	other	50	21	0.42	42.6
fungi	aspergillus	SYN_GO0061157	biological_process	other	47	20	0.4255	41.5
fungi	aspergillus	SYN_GO0051445	biological_process	other	44	13	0.2955	47.2
fungi	aspergillus	SYN_GO0006356	biological_process	other	43	22	0.5116	35.75
fungi	aspergillus	SYN_GO0016241	biological_process	other	42	20	0.4762	50.2
fungi	aspergillus	SYN_GO0005198	molecular_function	other	236	103	0.4364	48.7
fungi	aspergillus	SYN_GO0036094	molecular_function	other	217	138	0.6359	47.7
fungi	aspergillus	SYN_GO0003729	molecular_function	other	197	113	0.5736	49.4
fungi	aspergillus	SYN_GO0043167	molecular_function	other	190	124	0.6526	47.7
fungi	aspergillus	SYN_GO0044877	molecular_function	other	173	84	0.4855	43.65
fungi	aspergillus	SYN_GO0030674	molecular_function	other	158	61	0.3861	37.8
fungi	aspergillus	SYN_GO0043168	molecular_function	other	134	86	0.6418	46.35
fungi	aspergillus	SYN_GO0008047	molecular_function	other	120	49	0.4083	37.7
fungi	aspergillus	SYN_GO0140101	molecular_function	other	100	68	0.68	41.95
fungi	aspergillus	SYN_GO0140104	molecular_function	other	98	62	0.6327	39.15
fungi	aspergillus	SYN_GO0030695	molecular_function	other	92	38	0.413	37.0
fungi	aspergillus	SYN_GO0120543	molecular_function	other	84	56	0.6667	51.6
fungi	aspergillus	SYN_GO0008168	molecular_function	other	82	57	0.6951	36.4
fungi	aspergillus	SYN_GO0120545	molecular_function	other	71	51	0.7183	52.0
fungi	aspergillus	SYN_GO0043169	molecular_function	other	66	45	0.6818	47.8
fungi	aspergillus	SYN_GO0016616	molecular_function	other	64	39	0.6094	50.5
fungi	aspergillus	SYN_GO0140678	molecular_function	other	62	20	0.3226	31.4
fungi	aspergillus	SYN_GO0003697	molecular_function	other	58	33	0.569	44.2
fungi	aspergillus	SYN_GO0061659	molecular_function	other	55	28	0.5091	32.05
fungi	aspergillus	SYN_GO0140993	molecular_function	other	49	21	0.4286	38.3
fungi	aspergillus	SYN_GO0017076	molecular_function	other	48	37	0.7708	50.3
fungi	aspergillus	SYN_GO0032553	molecular_function	other	46	37	0.8043	50.3
fungi	aspergillus	SYN_GO0035639	molecular_function	other	45	36	0.8	50.35
fungi	aspergillus	SYN_GO0061629	molecular_function	other	41	6	0.1463	40.4
fungi	aspergillus	SYN_GO0005774	cellular_component	other	250	138	0.552	40.8
fungi	aspergillus	SYN_GO0000785	cellular_component	other	232	90	0.3879	38.8
fungi	aspergillus	SYN_GO0098852	cellular_component	other	212	119	0.5613	40.9
fungi	aspergillus	SYN_GO0005856	cellular_component	other	200	71	0.355	45.2
fungi	aspergillus	SYN_GO0098798	cellular_component	other	155	75	0.4839	41.1
fungi	aspergillus	SYN_GO0042579	cellular_component	other	136	71	0.5221	39.5
fungi	aspergillus	SYN_GO0015934	cellular_component	other	128	68	0.5312	61.0
fungi	aspergillus	SYN_GO0060187	cellular_component	other	123	56	0.4553	39.1
fungi	aspergillus	SYN_GO0005741	cellular_component	other	106	61	0.5755	41.2
fungi	aspergillus	SYN_GO0005934	cellular_component	other	101	36	0.3564	41.6
fungi	aspergillus	SYN_GO0000775	cellular_component	other	92	26	0.2826	46.7
fungi	aspergillus	SYN_GO1905368	cellular_component	other	84	63	0.75	46.5
fungi	aspergillus	SYN_GO1902911	cellular_component	other	78	38	0.4872	47.4
fungi	aspergillus	SYN_GO0042763	cellular_component	other	76	29	0.3816	34.9
fungi	aspergillus	SYN_GO0030135	cellular_component	other	72	47	0.6528	41.8
fungi	aspergillus	SYN_GO0090575	cellular_component	other	69	26	0.3768	38.2
fungi	aspergillus	SYN_GO0010008	cellular_component	other	64	44	0.6875	35.85
fungi	aspergillus	SYN_GO1902493	cellular_component	other	61	34	0.5574	38.0
fungi	aspergillus	SYN_GO0034399	cellular_component	other	57	26	0.4561	45.3
fungi	aspergillus	SYN_GO0005684	cellular_component	other	56	26	0.4643	39.1
fungi	aspergillus	SYN_GO1990204	cellular_component	other	49	33	0.6735	58.5
fungi	aspergillus	SYN_GO0030479	cellular_component	other	48	22	0.4583	44.85
fungi	aspergillus	SYN_GO0000315	cellular_component	other	45	20	0.4444	40.6
fungi	aspergillus	SYN_GO0099513	cellular_component	other	42	16	0.381	46.4
fungi	c_albicans	SYN_GO0019752	biological_process	conserved	249	191	0.7671	59.4
fungi	c_albicans	SYN_GO0051604	biological_process	conserved	194	156	0.8041	45.1
fungi	c_albicans	SYN_GO0090407	biological_process	conserved	176	142	0.8068	51.5
fungi	c_albicans	SYN_GO0055086	biological_process	conserved	169	136	0.8047	59.45
fungi	c_albicans	SYN_GO0008610	biological_process	conserved	150	115	0.7667	49.1
fungi	c_albicans	SYN_GO0006260	biological_process	conserved	135	101	0.7481	45.1
fungi	c_albicans	SYN_GO0043161	biological_process	conserved	122	92	0.7541	52.05
fungi	c_albicans	SYN_GO0072521	biological_process	conserved	119	96	0.8067	61.95
fungi	c_albicans	SYN_GO1903046	biological_process	specific	246	123	0.5	44.3
fungi	c_albicans	SYN_GO0007165	biological_process	specific	243	121	0.4979	42.2
fungi	c_albicans	SYN_GO0035556	biological_process	specific	210	106	0.5048	42.2
fungi	c_albicans	SYN_GO0032502	biological_process	specific	173	75	0.4335	45.5
fungi	c_albicans	SYN_GO0048856	biological_process	specific	142	64	0.4507	45.4
fungi	c_albicans	SYN_GO0043934	biological_process	specific	134	61	0.4552	45.7
fungi	c_albicans	SYN_GO0030435	biological_process	specific	125	57	0.456	45.7
fungi	c_albicans	SYN_GO0043935	biological_process	specific	116	53	0.4569	45.8
fungi	c_albicans	SYN_GO0033043	biological_process	other	244	141	0.5779	43.2
fungi	c_albicans	SYN_GO0048878	biological_process	other	201	115	0.5721	48.9
fungi	c_albicans	SYN_GO0070925	biological_process	other	176	121	0.6875	51.1
fungi	c_albicans	SYN_GO1902679	biological_process	other	161	75	0.4658	40.0
fungi	c_albicans	SYN_GO0000280	biological_process	other	148	75	0.5068	37.7
fungi	c_albicans	SYN_GO0051130	biological_process	other	135	81	0.6	45.9
fungi	c_albicans	SYN_GO0006417	biological_process	other	123	75	0.6098	51.5
fungi	c_albicans	SYN_GO0031505	biological_process	other	118	48	0.4068	45.75
fungi	c_albicans	SYN_GO0000956	biological_process	conserved	106	73	0.6887	39.8
fungi	c_albicans	SYN_GO0006352	biological_process	conserved	100	79	0.79	49.1
fungi	c_albicans	SYN_GO0006457	biological_process	conserved	96	71	0.7396	53.6
fungi	c_albicans	SYN_GO1901293	biological_process	conserved	82	68	0.8293	59.1
fungi	c_albicans	SYN_GO0006400	biological_process	conserved	79	70	0.8861	48.6
fungi	c_albicans	SYN_GO0006367	biological_process	conserved	75	59	0.7867	48.8
fungi	c_albicans	SYN_GO0170038	biological_process	conserved	71	63	0.8873	61.8
fungi	c_albicans	SYN_GO0000966	biological_process	conserved	66	55	0.8333	47.8
fungi	c_albicans	SYN_GO0061982	biological_process	specific	100	57	0.57	35.9
fungi	c_albicans	SYN_GO0140013	biological_process	specific	97	50	0.5155	36.0
fungi	c_albicans	SYN_GO0000075	biological_process	specific	87	45	0.5172	41.6
fungi	c_albicans	SYN_GO0000747	biological_process	specific	82	31	0.378	42.2
fungi	c_albicans	SYN_GO0007127	biological_process	specific	82	46	0.561	35.7
fungi	c_albicans	SYN_GO0141124	biological_process	specific	75	38	0.5067	42.2
fungi	c_albicans	SYN_GO0010927	biological_process	specific	68	32	0.4706	44.7
fungi	c_albicans	SYN_GO0007093	biological_process	specific	63	28	0.4444	42.1
fungi	c_albicans	SYN_GO0009966	biological_process	other	105	69	0.6571	43.7
fungi	c_albicans	SYN_GO0006403	biological_process	other	95	61	0.6421	45.0
fungi	c_albicans	SYN_GO0010638	biological_process	other	87	53	0.6092	43.7
fungi	c_albicans	SYN_GO1901700	biological_process	other	82	42	0.5122	43.55
fungi	c_albicans	SYN_GO0015748	biological_process	other	76	59	0.7763	44.2
fungi	c_albicans	SYN_GO0032786	biological_process	other	74	47	0.6351	37.5
fungi	c_albicans	SYN_GO0104004	biological_process	other	70	31	0.4429	39.0
fungi	c_albicans	SYN_GO0030010	biological_process	other	66	29	0.4394	37.8
fungi	c_albicans	SYN_GO0045017	biological_process	conserved	59	49	0.8305	43.9
fungi	c_albicans	SYN_GO0007062	biological_process	conserved	56	28	0.5	39.25
fungi	c_albicans	SYN_GO0000082	biological_process	conserved	52	28	0.5385	43.95
fungi	c_albicans	SYN_GO0006312	biological_process	conserved	50	28	0.56	44.05
fungi	c_albicans	SYN_GO0018193	biological_process	conserved	48	34	0.7083	43.15
fungi	c_albicans	SYN_GO0009303	biological_process	conserved	46	32	0.6957	57.0
fungi	c_albicans	SYN_GO0070897	biological_process	conserved	45	28	0.6222	41.65
fungi	c_albicans	SYN_GO0016051	biological_process	conserved	43	26	0.6047	66.8
fungi	c_albicans	SYN_GO0007131	biological_process	specific	54	29	0.537	35.9
fungi	c_albicans	SYN_GO0045132	biological_process	specific	51	26	0.5098	40.0
fungi	c_albicans	SYN_GO0070591	biological_process	specific	49	23	0.4694	45.3
fungi	c_albicans	SYN_GO0042244	biological_process	specific	49	23	0.4694	45.3
fungi	c_albicans	SYN_GO0030476	biological_process	specific	49	23	0.4694	45.3
fungi	c_albicans	SYN_GO0070590	biological_process	specific	49	23	0.4694	45.3
fungi	c_albicans	SYN_GO0019954	biological_process	specific	49	29	0.5918	50.3
fungi	c_albicans	SYN_GO0007114	biological_process	specific	49	29	0.5918	50.3
fungi	c_albicans	SYN_GO1902903	biological_process	other	60	34	0.5667	39.95
fungi	c_albicans	SYN_GO0000041	biological_process	other	57	31	0.5439	52.7
fungi	c_albicans	SYN_GO0019216	biological_process	other	54	20	0.3704	53.4
fungi	c_albicans	SYN_GO0045727	biological_process	other	50	31	0.62	46.6
fungi	c_albicans	SYN_GO0061157	biological_process	other	47	29	0.617	50.2
fungi	c_albicans	SYN_GO0051445	biological_process	other	44	24	0.5455	46.5
fungi	c_albicans	SYN_GO0006356	biological_process	other	43	30	0.6977	43.7
fungi	c_albicans	SYN_GO0016241	biological_process	other	42	26	0.619	49.65
fungi	c_albicans	SYN_GO0005198	molecular_function	other	236	149	0.6314	46.2
fungi	c_albicans	SYN_GO0036094	molecular_function	other	217	158	0.7281	54.75
fungi	c_albicans	SYN_GO0003729	molecular_function	other	197	137	0.6954	55.1
fungi	c_albicans	SYN_GO0043167	molecular_function	other	190	141	0.7421	54.0
fungi	c_albicans	SYN_GO0044877	molecular_function	other	173	112	0.6474	46.2
fungi	c_albicans	SYN_GO0030674	molecular_function	other	158	89	0.5633	38.5
fungi	c_albicans	SYN_GO0043168	molecular_function	other	134	101	0.7537	54.0
fungi	c_albicans	SYN_GO0008047	molecular_function	other	120	74	0.6167	40.45
fungi	c_albicans	SYN_GO0140101	molecular_function	other	100	91	0.91	49.8
fungi	c_albicans	SYN_GO0140104	molecular_function	other	98	77	0.7857	45.8
fungi	c_albicans	SYN_GO0030695	molecular_function	other	92	56	0.6087	39.35
fungi	c_albicans	SYN_GO0120543	molecular_function	other	84	67	0.7976	56.7
fungi	c_albicans	SYN_GO0008168	molecular_function	other	82	71	0.8659	46.2
fungi	c_albicans	SYN_GO0120545	molecular_function	other	71	59	0.831	56.7
fungi	c_albicans	SYN_GO0043169	molecular_function	other	66	47	0.7121	55.8
fungi	c_albicans	SYN_GO0016616	molecular_function	other	64	40	0.625	57.7
fungi	c_albicans	SYN_GO0140678	molecular_function	other	62	26	0.4194	45.3
fungi	c_albicans	SYN_GO0003697	molecular_function	other	58	39	0.6724	48.6
fungi	c_albicans	SYN_GO0061659	molecular_function	other	55	36	0.6545	35.4
fungi	c_albicans	SYN_GO0140993	molecular_function	other	49	33	0.6735	41.8
fungi	c_albicans	SYN_GO0017076	molecular_function	other	48	43	0.8958	58.2
fungi	c_albicans	SYN_GO0032553	molecular_function	other	46	42	0.913	59.05
fungi	c_albicans	SYN_GO0035639	molecular_function	other	45	41	0.9111	58.2
fungi	c_albicans	SYN_GO0061629	molecular_function	other	41	14	0.3415	39.65
fungi	c_albicans	SYN_GO0005774	cellular_component	other	250	168	0.672	46.2
fungi	c_albicans	SYN_GO0000785	cellular_component	other	232	128	0.5517	40.15
fungi	c_albicans	SYN_GO0098852	cellular_component	other	212	143	0.6745	46.6
fungi	c_albicans	SYN_GO0005856	cellular_component	other	200	100	0.5	45.75
fungi	c_albicans	SYN_GO0098798	cellular_component	other	155	131	0.8452	44.9
fungi	c_albicans	SYN_GO0042579	cellular_component	other	136	86	0.6324	44.05
fungi	c_albicans	SYN_GO0015934	cellular_component	other	128	89	0.6953	61.8
fungi	c_albicans	SYN_GO0060187	cellular_component	other	123	75	0.6098	39.5
fungi	c_albicans	SYN_GO0005741	cellular_component	other	106	76	0.717	48.9
fungi	c_albicans	SYN_GO0005934	cellular_component	other	101	49	0.4851	40.6
fungi	c_albicans	SYN_GO0000775	cellular_component	other	92	36	0.3913	42.4
fungi	c_albicans	SYN_GO1905368	cellular_component	other	84	71	0.8452	55.4
fungi	c_albicans	SYN_GO1902911	cellular_component	other	78	48	0.6154	50.7
fungi	c_albicans	SYN_GO0042763	cellular_component	other	76	37	0.4868	39.9
fungi	c_albicans	SYN_GO0030135	cellular_component	other	72	52	0.7222	44.85
fungi	c_albicans	SYN_GO0090575	cellular_component	other	69	42	0.6087	37.95
fungi	c_albicans	SYN_GO0010008	cellular_component	other	64	50	0.7812	40.55
fungi	c_albicans	SYN_GO1902493	cellular_component	other	61	46	0.7541	42.75
fungi	c_albicans	SYN_GO0034399	cellular_component	other	57	31	0.5439	51.0
fungi	c_albicans	SYN_GO0005684	cellular_component	other	56	34	0.6071	39.25
fungi	c_albicans	SYN_GO1990204	cellular_component	other	49	40	0.8163	62.3
fungi	c_albicans	SYN_GO0030479	cellular_component	other	48	31	0.6458	43.2
fungi	c_albicans	SYN_GO0000315	cellular_component	other	45	40	0.8889	41.25
fungi	c_albicans	SYN_GO0099513	cellular_component	other	42	23	0.5476	39.2
fungi	c_glabrata	SYN_GO0019752	biological_process	conserved	249	196	0.7871	73.9
fungi	c_glabrata	SYN_GO0051604	biological_process	conserved	194	175	0.9021	60.6
fungi	c_glabrata	SYN_GO0090407	biological_process	conserved	176	154	0.875	63.55
fungi	c_glabrata	SYN_GO0055086	biological_process	conserved	169	143	0.8462	73.0
fungi	c_glabrata	SYN_GO0008610	biological_process	conserved	150	133	0.8867	63.5
fungi	c_glabrata	SYN_GO0006260	biological_process	conserved	135	128	0.9481	56.8
fungi	c_glabrata	SYN_GO0043161	biological_process	conserved	122	113	0.9262	61.7
fungi	c_glabrata	SYN_GO0072521	biological_process	conserved	119	100	0.8403	75.5
fungi	c_glabrata	SYN_GO1903046	biological_process	specific	246	177	0.7195	51.8
fungi	c_glabrata	SYN_GO0007165	biological_process	specific	243	203	0.8354	51.6
fungi	c_glabrata	SYN_GO0035556	biological_process	specific	210	177	0.8429	52.3
fungi	c_glabrata	SYN_GO0032502	biological_process	specific	173	108	0.6243	50.75
fungi	c_glabrata	SYN_GO0048856	biological_process	specific	142	87	0.6127	51.0
fungi	c_glabrata	SYN_GO0043934	biological_process	specific	134	80	0.597	51.25
fungi	c_glabrata	SYN_GO0030435	biological_process	specific	125	74	0.592	51.25
fungi	c_glabrata	SYN_GO0043935	biological_process	specific	116	67	0.5776	51.8
fungi	c_glabrata	SYN_GO0033043	biological_process	other	244	203	0.832	53.3
fungi	c_glabrata	SYN_GO0048878	biological_process	other	201	159	0.791	60.4
fungi	c_glabrata	SYN_GO0070925	biological_process	other	176	153	0.8693	63.5
fungi	c_glabrata	SYN_GO1902679	biological_process	other	161	118	0.7329	54.95
fungi	c_glabrata	SYN_GO0000280	biological_process	other	148	125	0.8446	46.4
fungi	c_glabrata	SYN_GO0051130	biological_process	other	135	111	0.8222	58.9
fungi	c_glabrata	SYN_GO0006417	biological_process	other	123	99	0.8049	62.7
fungi	c_glabrata	SYN_GO0031505	biological_process	other	118	76	0.6441	53.1
fungi	c_glabrata	SYN_GO0000956	biological_process	conserved	106	93	0.8774	57.7
fungi	c_glabrata	SYN_GO0006352	biological_process	conserved	100	96	0.96	68.7
fungi	c_glabrata	SYN_GO0006457	biological_process	conserved	96	82	0.8542	67.75
fungi	c_glabrata	SYN_GO1901293	biological_process	conserved	82	71	0.8659	71.3
fungi	c_glabrata	SYN_GO0006400	biological_process	conserved	79	73	0.9241	64.5
fungi	c_glabrata	SYN_GO0006367	biological_process	conserved	75	71	0.9467	72.0
fungi	c_glabrata	SYN_GO0170038	biological_process	conserved	71	65	0.9155	77.2
fungi	c_glabrata	SYN_GO0000966	biological_process	conserved	66	63	0.9545	63.0
fungi	c_glabrata	SYN_GO0061982	biological_process	specific	100	82	0.82	51.6
fungi	c_glabrata	SYN_GO0140013	biological_process	specific	97	80	0.8247	48.35
fungi	c_glabrata	SYN_GO0000075	biological_process	specific	87	77	0.8851	48.1
fungi	c_glabrata	SYN_GO0000747	biological_process	specific	82	61	0.7439	50.4
fungi	c_glabrata	SYN_GO0007127	biological_process	specific	82	68	0.8293	49.95
fungi	c_glabrata	SYN_GO0141124	biological_process	specific	75	58	0.7733	57.85
fungi	c_glabrata	SYN_GO0010927	biological_process	specific	68	41	0.6029	51.5
fungi	c_glabrata	SYN_GO0007093	biological_process	specific	63	57	0.9048	44.1
fungi	c_glabrata	SYN_GO0009966	biological_process	other	105	90	0.8571	55.8
fungi	c_glabrata	SYN_GO0006403	biological_process	other	95	82	0.8632	59.75
fungi	c_glabrata	SYN_GO0010638	biological_process	other	87	72	0.8276	58.3
fungi	c_glabrata	SYN_GO1901700	biological_process	other	82	57	0.6951	60.4
fungi	c_glabrata	SYN_GO0015748	biological_process	other	76	71	0.9342	59.8
fungi	c_glabrata	SYN_GO0032786	biological_process	other	74	69	0.9324	58.5
fungi	c_glabrata	SYN_GO0104004	biological_process	other	70	51	0.7286	51.7
fungi	c_glabrata	SYN_GO0030010	biological_process	other	66	47	0.7121	47.9
fungi	c_glabrata	SYN_GO0045017	biological_process	conserved	59	53	0.8983	58.0
fungi	c_glabrata	SYN_GO0007062	biological_process	conserved	56	51	0.9107	48.6
fungi	c_glabrata	SYN_GO0000082	biological_process	conserved	52	40	0.7692	55.35
fungi	c_glabrata	SYN_GO0006312	biological_process	conserved	50	36	0.72	58.2
fungi	c_glabrata	SYN_GO0018193	biological_process	conserved	48	43	0.8958	55.6
fungi	c_glabrata	SYN_GO0009303	biological_process	conserved	46	44	0.9565	67.6
fungi	c_glabrata	SYN_GO0070897	biological_process	conserved	45	41	0.9111	59.6
fungi	c_glabrata	SYN_GO0016051	biological_process	conserved	43	32	0.7442	80.7
fungi	c_glabrata	SYN_GO0007131	biological_process	specific	54	46	0.8519	49.95
fungi	c_glabrata	SYN_GO0045132	biological_process	specific	51	41	0.8039	46.4
fungi	c_glabrata	SYN_GO0070591	biological_process	specific	49	32	0.6531	48.4
fungi	c_glabrata	SYN_GO0042244	biological_process	specific	49	32	0.6531	48.4
fungi	c_glabrata	SYN_GO0030476	biological_process	specific	49	32	0.6531	48.4
fungi	c_glabrata	SYN_GO0070590	biological_process	specific	49	32	0.6531	48.4
fungi	c_glabrata	SYN_GO0019954	biological_process	specific	49	44	0.898	53.0
fungi	c_glabrata	SYN_GO0007114	biological_process	specific	49	44	0.898	53.0
fungi	c_glabrata	SYN_GO1902903	biological_process	other	60	49	0.8167	53.3
fungi	c_glabrata	SYN_GO0000041	biological_process	other	57	36	0.6316	70.5
fungi	c_glabrata	SYN_GO0019216	biological_process	other	54	38	0.7037	59.75
fungi	c_glabrata	SYN_GO0045727	biological_process	other	50	44	0.88	60.8
fungi	c_glabrata	SYN_GO0061157	biological_process	other	47	40	0.8511	64.55
fungi	c_glabrata	SYN_GO0051445	biological_process	other	44	35	0.7955	53.7
fungi	c_glabrata	SYN_GO0006356	biological_process	other	43	40	0.9302	60.65
fungi	c_glabrata	SYN_GO0016241	biological_process	other	42	40	0.9524	57.85
fungi	c_glabrata	SYN_GO0005198	molecular_function	other	236	179	0.7585	60.7
fungi	c_glabrata	SYN_GO0036094	molecular_function	other	217	191	0.8802	66.2
fungi	c_glabrata	SYN_GO0003729	molecular_function	other	197	171	0.868	67.2
fungi	c_glabrata	SYN_GO0043167	molecular_function	other	190	169	0.8895	66.2
fungi	c_glabrata	SYN_GO0044877	molecular_function	other	173	148	0.8555	59.85
fungi	c_glabrata	SYN_GO0030674	molecular_function	other	158	134	0.8481	52.05
fungi	c_glabrata	SYN_GO0043168	molecular_function	other	134	120	0.8955	64.95
fungi	c_glabrata	SYN_GO0008047	molecular_function	other	120	105	0.875	54.7
fungi	c_glabrata	SYN_GO0140101	molecular_function	other	100	96	0.96	63.35
fungi	c_glabrata	SYN_GO0140104	molecular_function	other	98	94	0.9592	60.1
fungi	c_glabrata	SYN_GO0030695	molecular_function	other	92	78	0.8478	50.9
fungi	c_glabrata	SYN_GO0120543	molecular_function	other	84	74	0.881	69.6
fungi	c_glabrata	SYN_GO0008168	molecular_function	other	82	77	0.939	61.4
fungi	c_glabrata	SYN_GO0120545	molecular_function	other	71	63	0.8873	70.9
fungi	c_glabrata	SYN_GO0043169	molecular_function	other	66	58	0.8788	66.5
fungi	c_glabrata	SYN_GO0016616	molecular_function	other	64	45	0.7031	75.7
fungi	c_glabrata	SYN_GO0140678	molecular_function	other	62	48	0.7742	51.8
fungi	c_glabrata	SYN_GO0003697	molecular_function	other	58	51	0.8793	70.4
fungi	c_glabrata	SYN_GO0061659	molecular_function	other	55	49	0.8909	48.2
fungi	c_glabrata	SYN_GO0140993	molecular_function	other	49	46	0.9388	51.6
fungi	c_glabrata	SYN_GO0017076	molecular_function	other	48	47	0.9792	72.0
fungi	c_glabrata	SYN_GO0032553	molecular_function	other	46	45	0.9783	75.8
fungi	c_glabrata	SYN_GO0035639	molecular_function	other	45	44	0.9778	73.9
fungi	c_glabrata	SYN_GO0061629	molecular_function	other	41	26	0.6341	56.2
fungi	c_glabrata	SYN_GO0005774	cellular_component	other	250	213	0.852	58.4
fungi	c_glabrata	SYN_GO0000785	cellular_component	other	232	191	0.8233	53.0
fungi	c_glabrata	SYN_GO0098852	cellular_component	other	212	180	0.8491	60.65
fungi	c_glabrata	SYN_GO0005856	cellular_component	other	200	152	0.76	52.35
fungi	c_glabrata	SYN_GO0098798	cellular_component	other	155	151	0.9742	60.8
fungi	c_glabrata	SYN_GO0042579	cellular_component	other	136	103	0.7574	56.8
fungi	c_glabrata	SYN_GO0015934	cellular_component	other	128	95	0.7422	79.5
fungi	c_glabrata	SYN_GO0060187	cellular_component	other	123	108	0.878	55.1
fungi	c_glabrata	SYN_GO0005741	cellular_component	other	106	94	0.8868	62.75
fungi	c_glabrata	SYN_GO0005934	cellular_component	other	101	80	0.7921	54.8
fungi	c_glabrata	SYN_GO0000775	cellular_component	other	92	76	0.8261	42.85
fungi	c_glabrata	SYN_GO1905368	cellular_component	other	84	81	0.9643	69.9
fungi	c_glabrata	SYN_GO1902911	cellular_component	other	78	68	0.8718	62.6
fungi	c_glabrata	SYN_GO0042763	cellular_component	other	76	54	0.7105	51.0
fungi	c_glabrata	SYN_GO0030135	cellular_component	other	72	60	0.8333	63.35
fungi	c_glabrata	SYN_GO0090575	cellular_component	other	69	60	0.8696	59.55
fungi	c_glabrata	SYN_GO0010008	cellular_component	other	64	61	0.9531	56.3
fungi	c_glabrata	SYN_GO1902493	cellular_component	other	61	57	0.9344	58.4
fungi	c_glabrata	SYN_GO0034399	cellular_component	other	57	44	0.7719	62.35
fungi	c_glabrata	SYN_GO0005684	cellular_component	other	56	51	0.9107	46.7
fungi	c_glabrata	SYN_GO1990204	cellular_component	other	49	45	0.9184	77.9
fungi	c_glabrata	SYN_GO0030479	cellular_component	other	48	38	0.7917	59.3
fungi	c_glabrata	SYN_GO0000315	cellular_component	other	45	45	1.0	59.0
fungi	c_glabrata	SYN_GO0099513	cellular_component	other	42	34	0.8095	47.3
fungi	cryptococcus	SYN_GO0019752	biological_process	conserved	249	161	0.6466	48.3
fungi	cryptococcus	SYN_GO0051604	biological_process	conserved	194	111	0.5722	40.3
fungi	cryptococcus	SYN_GO0090407	biological_process	conserved	176	105	0.5966	39.9
fungi	cryptococcus	SYN_GO0055086	biological_process	conserved	169	116	0.6864	46.45
fungi	cryptococcus	SYN_GO0008610	biological_process	conserved	150	80	0.5333	39.2
fungi	cryptococcus	SYN_GO0006260	biological_process	conserved	135	73	0.5407	38.7
fungi	cryptococcus	SYN_GO0043161	biological_process	conserved	122	70	0.5738	44.2
fungi	cryptococcus	SYN_GO0072521	biological_process	conserved	119	82	0.6891	50.65
fungi	cryptococcus	SYN_GO1903046	biological_process	specific	246	72	0.2927	39.9
fungi	cryptococcus	SYN_GO0007165	biological_process	specific	243	68	0.2798	40.05
fungi	cryptococcus	SYN_GO0035556	biological_process	specific	210	58	0.2762	40.05
fungi	cryptococcus	SYN_GO0032502	biological_process	specific	173	38	0.2197	47.95
fungi	cryptococcus	SYN_GO0048856	biological_process	specific	142	33	0.2324	47.0
fungi	cryptococcus	SYN_GO0043934	biological_process	specific	134	31	0.2313	48.6
fungi	cryptococcus	SYN_GO0030435	biological_process	specific	125	28	0.224	47.95
fungi	cryptococcus	SYN_GO0043935	biological_process	specific	116	26	0.2241	49.4
fungi	cryptococcus	SYN_GO0033043	biological_process	other	244	89	0.3648	39.6
fungi	cryptococcus	SYN_GO0048878	biological_process	other	201	75	0.3731	39.9
fungi	cryptococcus	SYN_GO0070925	biological_process	other	176	85	0.483	48.4
fungi	cryptococcus	SYN_GO1902679	biological_process	other	161	39	0.2422	35.9
fungi	cryptococcus	SYN_GO0000280	biological_process	other	148	46	0.3108	38.65
fungi	cryptococcus	SYN_GO0051130	biological_process	other	135	56	0.4148	41.1
fungi	cryptococcus	SYN_GO0006417	biological_process	other	123	53	0.4309	40.1
fungi	cryptococcus	SYN_GO0031505	biological_process	other	118	20	0.1695	40.3
fungi	cryptococcus	SYN_GO0000956	biological_process	conserved	106	46	0.434	39.15
fungi	cryptococcus	SYN_GO0006352	biological_process	conserved	100	44	0.44	44.3
fungi	cryptococcus	SYN_GO0006457	biological_process	conserved	96	52	0.5417	43.45
fungi	cryptococcus	SYN_GO1901293	biological_process	conserved	82	59	0.7195	45.3
fungi	cryptococcus	SYN_GO0006400	biological_process	conserved	79	47	0.5949	38.5
fungi	cryptococcus	SYN_GO0006367	biological_process	conserved	75	32	0.4267	44.1
fungi	cryptococcus	SYN_GO0170038	biological_process	conserved	71	58	0.8169	50.25
fungi	cryptococcus	SYN_GO0000966	biological_process	conserved	66	35	0.5303	41.6
fungi	cryptococcus	SYN_GO0061982	biological_process	specific	100	37	0.37	33.9
fungi	cryptococcus	SYN_GO0140013	biological_process	specific	97	31	0.3196	34.9
fungi	cryptococcus	SYN_GO0000075	biological_process	specific	87	23	0.2644	43.1
fungi	cryptococcus	SYN_GO0000747	biological_process	specific	82	19	0.2317	35.1
fungi	cryptococcus	SYN_GO0007127	biological_process	specific	82	30	0.3659	34.4
fungi	cryptococcus	SYN_GO0141124	biological_process	specific	75	23	0.3067	37.8
fungi	cryptococcus	SYN_GO0010927	biological_process	specific	68	13	0.1912	34.3
fungi	cryptococcus	SYN_GO0007093	biological_process	specific	63	13	0.2063	44.2
fungi	cryptococcus	SYN_GO0009966	biological_process	other	105	48	0.4571	37.25
fungi	cryptococcus	SYN_GO0006403	biological_process	other	95	36	0.3789	42.65
fungi	cryptococcus	SYN_GO0010638	biological_process	other	87	35	0.4023	40.3
fungi	cryptococcus	SYN_GO1901700	biological_process	other	82	33	0.4024	39.4
fungi	cryptococcus	SYN_GO0015748	biological_process	other	76	46	0.6053	34.3
fungi	cryptococcus	SYN_GO0032786	biological_process	other	74	26	0.3514	39.15
fungi	cryptococcus	SYN_GO0104004	biological_process	other	70	15	0.2143	45.4
fungi	cryptococcus	SYN_GO0030010	biological_process	other	66	12	0.1818	46.15
fungi	cryptococcus	SYN_GO0045017	biological_process	conserved	59	31	0.5254	35.6
fungi	cryptococcus	SYN_GO0007062	biological_process	conserved	56	20	0.3571	39.5
fungi	cryptococcus	SYN_GO0000082	biological_process	conserved	52	17	0.3269	35.5
fungi	cryptococcus	SYN_GO0006312	biological_process	conserved	50	18	0.36	42.0
fungi	cryptococcus	SYN_GO0018193	biological_process	conserved	48	23	0.4792	33.5
fungi	cryptococcus	SYN_GO0009303	biological_process	conserved	46	24	0.5217	45.35
fungi	cryptococcus	SYN_GO0070897	biological_process	conserved	45	8	0.1778	39.8
fungi	cryptococcus	SYN_GO0016051	biological_process	conserved	43	18	0.4186	59.6
fungi	cryptococcus	SYN_GO0007131	biological_process	specific	54	20	0.3704	34.4
fungi	cryptococcus	SYN_GO0045132	biological_process	specific	51	16	0.3137	33.35
fungi	cryptococcus	SYN_GO0070591	biological_process	specific	49	7	0.1429	47.0
fungi	cryptococcus	SYN_GO0042244	biological_process	specific	49	7	0.1429	47.0
fungi	cryptococcus	SYN_GO0030476	biological_process	specific	49	7	0.1429	47.0
fungi	cryptococcus	SYN_GO0070590	biological_process	specific	49	7	0.1429	47.0
fungi	cryptococcus	SYN_GO0019954	biological_process	specific	49	13	0.2653	44.9
fungi	cryptococcus	SYN_GO0007114	biological_process	specific	49	13	0.2653	44.9
fungi	cryptococcus	SYN_GO1902903	biological_process	other	60	20	0.3333	38.8
fungi	cryptococcus	SYN_GO0000041	biological_process	other	57	26	0.4561	39.5
fungi	cryptococcus	SYN_GO0019216	biological_process	other	54	18	0.3333	43.95
fungi	cryptococcus	SYN_GO0045727	biological_process	other	50	23	0.46	40.5
fungi	cryptococcus	SYN_GO0061157	biological_process	other	47	22	0.4681	39.6
fungi	cryptococcus	SYN_GO0051445	biological_process	other	44	11	0.25	51.1
fungi	cryptococcus	SYN_GO0006356	biological_process	other	43	19	0.4419	36.8
fungi	cryptococcus	SYN_GO0016241	biological_process	other	42	21	0.5	44.4
fungi	cryptococcus	SYN_GO0005198	molecular_function	other	236	91	0.3856	45.0
fungi	cryptococcus	SYN_GO0036094	molecular_function	other	217	121	0.5576	45.1
fungi	cryptococcus	SYN_GO0003729	molecular_function	other	197	100	0.5076	45.45
fungi	cryptococcus	SYN_GO0043167	molecular_function	other	190	109	0.5737	45.1
fungi	cryptococcus	SYN_GO0044877	molecular_function	other	173	70	0.4046	40.95
fungi	cryptococcus	SYN_GO0030674	molecular_function	other	158	48	0.3038	34.3
fungi	cryptococcus	SYN_GO0043168	molecular_function	other	134	75	0.5597	43.9
fungi	cryptococcus	SYN_GO0008047	molecular_function	other	120	43	0.3583	38.7
fungi	cryptococcus	SYN_GO0140101	molecular_function	other	100	67	0.67	39.6
fungi	cryptococcus	SYN_GO0140104	molecular_function	other	98	46	0.4694	39.1
fungi	cryptococcus	SYN_GO0030695	molecular_function	other	92	39	0.4239	36.0
fungi	cryptococcus	SYN_GO0120543	molecular_function	other	84	51	0.6071	51.0
fungi	cryptococcus	SYN_GO0008168	molecular_function	other	82	52	0.6341	34.3
fungi	cryptococcus	SYN_GO0120545	molecular_function	other	71	46	0.6479	51.05
fungi	cryptococcus	SYN_GO0043169	molecular_function	other	66	41	0.6212	45.5
fungi	cryptococcus	SYN_GO0016616	molecular_function	other	64	36	0.5625	45.85
fungi	cryptococcus	SYN_GO0140678	molecular_function	other	62	16	0.2581	38.2
fungi	cryptococcus	SYN_GO0003697	molecular_function	other	58	30	0.5172	43.15
fungi	cryptococcus	SYN_GO0061659	molecular_function	other	55	22	0.4	29.95
fungi	cryptococcus	SYN_GO0140993	molecular_function	other	49	19	0.3878	33.6
fungi	cryptococcus	SYN_GO0017076	molecular_function	other	48	33	0.6875	45.9
fungi	cryptococcus	SYN_GO0032553	molecular_function	other	46	33	0.7174	45.1
fungi	cryptococcus	SYN_GO0035639	molecular_function	other	45	32	0.7111	46.7
fungi	cryptococcus	SYN_GO0061629	molecular_function	other	41	5	0.122	40.5
fungi	cryptococcus	SYN_GO0005774	cellular_component	other	250	121	0.484	38.4
fungi	cryptococcus	SYN_GO0000785	cellular_component	other	232	66	0.2845	34.35
fungi	cryptococcus	SYN_GO0098852	cellular_component	other	212	106	0.5	38.5
fungi	cryptococcus	SYN_GO0005856	cellular_component	other	200	63	0.315	46.2
fungi	cryptococcus	SYN_GO0098798	cellular_component	other	155	72	0.4645	39.8
fungi	cryptococcus	SYN_GO0042579	cellular_component	other	136	58	0.4265	37.6
fungi	cryptococcus	SYN_GO0015934	cellular_component	other	128	69	0.5391	58.9
fungi	cryptococcus	SYN_GO0060187	cellular_component	other	123	45	0.3659	43.0
fungi	cryptococcus	SYN_GO0005741	cellular_component	other	106	56	0.5283	38.7
fungi	cryptococcus	SYN_GO0005934	cellular_component	other	101	31	0.3069	40.0
fungi	cryptococcus	SYN_GO0000775	cellular_component	other	92	16	0.1739	45.4
fungi	cryptococcus	SYN_GO1905368	cellular_component	other	84	59	0.7024	42.3
fungi	cryptococcus	SYN_GO1902911	cellular_component	other	78	34	0.4359	45.0
fungi	cryptococcus	SYN_GO0042763	cellular_component	other	76	20	0.2632	33.65
fungi	cryptococcus	SYN_GO0030135	cellular_component	other	72	40	0.5556	38.55
fungi	cryptococcus	SYN_GO0090575	cellular_component	other	69	16	0.2319	37.2
fungi	cryptococcus	SYN_GO0010008	cellular_component	other	64	40	0.625	31.85
fungi	cryptococcus	SYN_GO1902493	cellular_component	other	61	25	0.4098	37.4
fungi	cryptococcus	SYN_GO0034399	cellular_component	other	57	26	0.4561	42.1
fungi	cryptococcus	SYN_GO0005684	cellular_component	other	56	20	0.3571	46.9
fungi	cryptococcus	SYN_GO1990204	cellular_component	other	49	35	0.7143	51.1
fungi	cryptococcus	SYN_GO0030479	cellular_component	other	48	21	0.4375	43.9
fungi	cryptococcus	SYN_GO0000315	cellular_component	other	45	20	0.4444	38.55
fungi	cryptococcus	SYN_GO0099513	cellular_component	other	42	12	0.2857	50.8
fungi	e_gossypii	SYN_GO0019752	biological_process	conserved	249	191	0.7671	66.6
fungi	e_gossypii	SYN_GO0051604	biological_process	conserved	194	175	0.9021	54.6
fungi	e_gossypii	SYN_GO0090407	biological_process	conserved	176	157	0.892	59.5
fungi	e_gossypii	SYN_GO0055086	biological_process	conserved	169	139	0.8225	66.5
fungi	e_gossypii	SYN_GO0008610	biological_process	conserved	150	128	0.8533	57.65
fungi	e_gossypii	SYN_GO0006260	biological_process	conserved	135	124	0.9185	53.15
fungi	e_gossypii	SYN_GO0043161	biological_process	conserved	122	107	0.877	58.1
fungi	e_gossypii	SYN_GO0072521	biological_process	conserved	119	98	0.8235	69.1
fungi	e_gossypii	SYN_GO1903046	biological_process	specific	246	163	0.6626	49.7
fungi	e_gossypii	SYN_GO0007165	biological_process	specific	243	183	0.7531	49.3
fungi	e_gossypii	SYN_GO0035556	biological_process	specific	210	162	0.7714	49.5
fungi	e_gossypii	SYN_GO0032502	biological_process	specific	173	97	0.5607	48.9
fungi	e_gossypii	SYN_GO0048856	biological_process	specific	142	80	0.5634	48.8
fungi	e_gossypii	SYN_GO0043934	biological_process	specific	134	73	0.5448	49.2
fungi	e_gossypii	SYN_GO0030435	biological_process	specific	125	68	0.544	49.05
fungi	e_gossypii	SYN_GO0043935	biological_process	specific	116	63	0.5431	49.2
fungi	e_gossypii	SYN_GO0033043	biological_process	other	244	187	0.7664	50.2
fungi	e_gossypii	SYN_GO0048878	biological_process	other	201	150	0.7463	54.7
fungi	e_gossypii	SYN_GO0070925	biological_process	other	176	147	0.8352	58.8
fungi	e_gossypii	SYN_GO1902679	biological_process	other	161	115	0.7143	49.9
fungi	e_gossypii	SYN_GO0000280	biological_process	other	148	114	0.7703	45.85
fungi	e_gossypii	SYN_GO0051130	biological_process	other	135	111	0.8222	56.1
fungi	e_gossypii	SYN_GO0006417	biological_process	other	123	95	0.7724	60.2
fungi	e_gossypii	SYN_GO0031505	biological_process	other	118	62	0.5254	48.8
fungi	e_gossypii	SYN_GO0000956	biological_process	conserved	106	87	0.8208	51.6
fungi	e_gossypii	SYN_GO0006352	biological_process	conserved	100	95	0.95	64.1
fungi	e_gossypii	SYN_GO0006457	biological_process	conserved	96	81	0.8438	59.7
fungi	e_gossypii	SYN_GO1901293	biological_process	conserved	82	74	0.9024	65.3
fungi	e_gossypii	SYN_GO0006400	biological_process	conserved	79	72	0.9114	60.65
fungi	e_gossypii	SYN_GO0006367	biological_process	conserved	75	72	0.96	63.95
fungi	e_gossypii	SYN_GO0170038	biological_process	conserved	71	62	0.8732	69.0
fungi	e_gossypii	SYN_GO0000966	biological_process	conserved	66	64	0.9697	60.7
fungi	e_gossypii	SYN_GO0061982	biological_process	specific	100	76	0.76	48.45
fungi	e_gossypii	SYN_GO0140013	biological_process	specific	97	73	0.7526	48.1
fungi	e_gossypii	SYN_GO0000075	biological_process	specific	87	74	0.8506	46.05
fungi	e_gossypii	SYN_GO0000747	biological_process	specific	82	56	0.6829	45.15
fungi	e_gossypii	SYN_GO0007127	biological_process	specific	82	64	0.7805	48.45
fungi	e_gossypii	SYN_GO0141124	biological_process	specific	75	52	0.6933	54.45
fungi	e_gossypii	SYN_GO0010927	biological_process	specific	68	37	0.5441	48.4
fungi	e_gossypii	SYN_GO0007093	biological_process	specific	63	53	0.8413	44.6
fungi	e_gossypii	SYN_GO0009966	biological_process	other	105	84	0.8	54.9
fungi	e_gossypii	SYN_GO0006403	biological_process	other	95	79	0.8316	56.7
fungi	e_gossypii	SYN_GO0010638	biological_process	other	87	70	0.8046	53.45
fungi	e_gossypii	SYN_GO1901700	biological_process	other	82	52	0.6341	51.6
fungi	e_gossypii	SYN_GO0015748	biological_process	other	76	68	0.8947	52.2
fungi	e_gossypii	SYN_GO0032786	biological_process	other	74	68	0.9189	53.15
fungi	e_gossypii	SYN_GO0104004	biological_process	other	70	44	0.6286	48.4
fungi	e_gossypii	SYN_GO0030010	biological_process	other	66	45	0.6818	44.7
fungi	e_gossypii	SYN_GO0045017	biological_process	conserved	59	54	0.9153	54.25
fungi	e_gossypii	SYN_GO0007062	biological_process	conserved	56	49	0.875	46.0
fungi	e_gossypii	SYN_GO0000082	biological_process	conserved	52	37	0.7115	55.0
fungi	e_gossypii	SYN_GO0006312	biological_process	conserved	50	35	0.7	53.3
fungi	e_gossypii	SYN_GO0018193	biological_process	conserved	48	43	0.8958	48.2
fungi	e_gossypii	SYN_GO0009303	biological_process	conserved	46	44	0.9565	63.05
fungi	e_gossypii	SYN_GO0070897	biological_process	conserved	45	40	0.8889	53.15
fungi	e_gossypii	SYN_GO0016051	biological_process	conserved	43	27	0.6279	75.5
fungi	e_gossypii	SYN_GO0007131	biological_process	specific	54	42	0.7778	50.0
fungi	e_gossypii	SYN_GO0045132	biological_process	specific	51	37	0.7255	48.1
fungi	e_gossypii	SYN_GO0070591	biological_process	specific	49	27	0.551	48.4
fungi	e_gossypii	SYN_GO0042244	biological_process	specific	49	27	0.551	48.4
fungi	e_gossypii	SYN_GO0030476	biological_process	specific	49	27	0.551	48.4
fungi	e_gossypii	SYN_GO0070590	biological_process	specific	49	27	0.551	48.4
fungi	e_gossypii	SYN_GO0019954	biological_process	specific	49	40	0.8163	49.2
fungi	e_gossypii	SYN_GO0007114	biological_process	specific	49	40	0.8163	49.2
fungi	e_gossypii	SYN_GO1902903	biological_process	other	60	44	0.7333	46.95
fungi	e_gossypii	SYN_GO0000041	biological_process	other	57	33	0.5789	61.8
fungi	e_gossypii	SYN_GO0019216	biological_process	other	54	36	0.6667	55.1
fungi	e_gossypii	SYN_GO0045727	biological_process	other	50	42	0.84	57.15
fungi	e_gossypii	SYN_GO0061157	biological_process	other	47	36	0.766	59.85
fungi	e_gossypii	SYN_GO0051445	biological_process	other	44	34	0.7727	47.9
fungi	e_gossypii	SYN_GO0006356	biological_process	other	43	42	0.9767	56.8
fungi	e_gossypii	SYN_GO0016241	biological_process	other	42	38	0.9048	57.15
fungi	e_gossypii	SYN_GO0005198	molecular_function	other	236	179	0.7585	57.8
fungi	e_gossypii	SYN_GO0036094	molecular_function	other	217	180	0.8295	63.25
fungi	e_gossypii	SYN_GO0003729	molecular_function	other	197	165	0.8376	61.8
fungi	e_gossypii	SYN_GO0043167	molecular_function	other	190	158	0.8316	63.6
fungi	e_gossypii	SYN_GO0044877	molecular_function	other	173	138	0.7977	56.45
fungi	e_gossypii	SYN_GO0030674	molecular_function	other	158	124	0.7848	47.2
fungi	e_gossypii	SYN_GO0043168	molecular_function	other	134	117	0.8731	61.4
fungi	e_gossypii	SYN_GO0008047	molecular_function	other	120	100	0.8333	50.3
fungi	e_gossypii	SYN_GO0140101	molecular_function	other	100	96	0.96	59.3
fungi	e_gossypii	SYN_GO0140104	molecular_function	other	98	90	0.9184	54.35
fungi	e_gossypii	SYN_GO0030695	molecular_function	other	92	75	0.8152	45.8
fungi	e_gossypii	SYN_GO0120543	molecular_function	other	84	72	0.8571	64.6
fungi	e_gossypii	SYN_GO0008168	molecular_function	other	82	78	0.9512	56.95
fungi	e_gossypii	SYN_GO0120545	molecular_function	other	71	61	0.8592	64.7
fungi	e_gossypii	SYN_GO0043169	molecular_function	other	66	49	0.7424	66.9
fungi	e_gossypii	SYN_GO0016616	molecular_function	other	64	38	0.5938	65.95
fungi	e_gossypii	SYN_GO0140678	molecular_function	other	62	39	0.629	49.1
fungi	e_gossypii	SYN_GO0003697	molecular_function	other	58	47	0.8103	61.2
fungi	e_gossypii	SYN_GO0061659	molecular_function	other	55	46	0.8364	45.05
fungi	e_gossypii	SYN_GO0140993	molecular_function	other	49	44	0.898	49.6
fungi	e_gossypii	SYN_GO0017076	molecular_function	other	48	44	0.9167	67.85
fungi	e_gossypii	SYN_GO0032553	molecular_function	other	46	43	0.9348	69.4
fungi	e_gossypii	SYN_GO0035639	molecular_function	other	45	42	0.9333	67.85
fungi	e_gossypii	SYN_GO0061629	molecular_function	other	41	24	0.5854	49.0
fungi	e_gossypii	SYN_GO0005774	cellular_component	other	250	193	0.772	54.3
fungi	e_gossypii	SYN_GO0000785	cellular_component	other	232	191	0.8233	49.3
fungi	e_gossypii	SYN_GO0098852	cellular_component	other	212	164	0.7736	55.95
fungi	e_gossypii	SYN_GO0005856	cellular_component	other	200	152	0.76	46.8
fungi	e_gossypii	SYN_GO0098798	cellular_component	other	155	148	0.9548	57.45
fungi	e_gossypii	SYN_GO0042579	cellular_component	other	136	102	0.75	51.5
fungi	e_gossypii	SYN_GO0015934	cellular_component	other	128	96	0.75	74.75
fungi	e_gossypii	SYN_GO0060187	cellular_component	other	123	100	0.813	50.2
fungi	e_gossypii	SYN_GO0005741	cellular_component	other	106	83	0.783	57.6
fungi	e_gossypii	SYN_GO0005934	cellular_component	other	101	74	0.7327	51.9
fungi	e_gossypii	SYN_GO0000775	cellular_component	other	92	70	0.7609	42.7
fungi	e_gossypii	SYN_GO1905368	cellular_component	other	84	82	0.9762	64.35
fungi	e_gossypii	SYN_GO1902911	cellular_component	other	78	64	0.8205	62.6
fungi	e_gossypii	SYN_GO0042763	cellular_component	other	76	49	0.6447	45.8
fungi	e_gossypii	SYN_GO0030135	cellular_component	other	72	58	0.8056	55.6
fungi	e_gossypii	SYN_GO0090575	cellular_component	other	69	58	0.8406	52.6
fungi	e_gossypii	SYN_GO0010008	cellular_component	other	64	56	0.875	49.05
fungi	e_gossypii	SYN_GO1902493	cellular_component	other	61	58	0.9508	54.95
fungi	e_gossypii	SYN_GO0034399	cellular_component	other	57	40	0.7018	58.2
fungi	e_gossypii	SYN_GO0005684	cellular_component	other	56	51	0.9107	47.1
fungi	e_gossypii	SYN_GO1990204	cellular_component	other	49	43	0.8776	72.7
fungi	e_gossypii	SYN_GO0030479	cellular_component	other	48	35	0.7292	54.7
fungi	e_gossypii	SYN_GO0000315	cellular_component	other	45	45	1.0	56.7
fungi	e_gossypii	SYN_GO0099513	cellular_component	other	42	34	0.8095	45.05
fungi	human	SYN_GO0019752	biological_process	conserved	249	102	0.4096	41.7
fungi	human	SYN_GO0051604	biological_process	conserved	194	98	0.5052	37.6
fungi	human	SYN_GO0090407	biological_process	conserved	176	87	0.4943	37.7
fungi	human	SYN_GO0055086	biological_process	conserved	169	99	0.5858	45.4
fungi	human	SYN_GO0008610	biological_process	conserved	150	76	0.5067	34.25
fungi	human	SYN_GO0006260	biological_process	conserved	135	71	0.5259	35.7
fungi	human	SYN_GO0043161	biological_process	conserved	122	71	0.582	45.1
fungi	human	SYN_GO0072521	biological_process	conserved	119	74	0.6218	45.75
fungi	human	SYN_GO1903046	biological_process	specific	246	64	0.2602	37.65
fungi	human	SYN_GO0007165	biological_process	specific	243	55	0.2263	40.7
fungi	human	SYN_GO0035556	biological_process	specific	210	48	0.2286	40.5
fungi	human	SYN_GO0032502	biological_process	specific	173	33	0.1908	42.3
fungi	human	SYN_GO0048856	biological_process	specific	142	26	0.1831	42.35
fungi	human	SYN_GO0043934	biological_process	specific	134	25	0.1866	42.3
fungi	human	SYN_GO0030435	biological_process	specific	125	22	0.176	42.35
fungi	human	SYN_GO0043935	biological_process	specific	116	20	0.1724	43.55
fungi	human	SYN_GO0033043	biological_process	other	244	78	0.3197	36.5
fungi	human	SYN_GO0048878	biological_process	other	201	57	0.2836	37.0
fungi	human	SYN_GO0070925	biological_process	other	176	77	0.4375	43.5
fungi	human	SYN_GO1902679	biological_process	other	161	35	0.2174	38.8
fungi	human	SYN_GO0000280	biological_process	other	148	43	0.2905	35.3
fungi	human	SYN_GO0051130	biological_process	other	135	54	0.4	40.6
fungi	human	SYN_GO0006417	biological_process	other	123	41	0.3333	42.5
fungi	human	SYN_GO0031505	biological_process	other	118	14	0.1186	41.5
fungi	human	SYN_GO0000956	biological_process	conserved	106	37	0.3491	39.6
fungi	human	SYN_GO0006352	biological_process	conserved	100	47	0.47	39.1
fungi	human	SYN_GO0006457	biological_process	conserved	96	45	0.4688	45.5
fungi	human	SYN_GO1901293	biological_process	conserved	82	44	0.5366	45.0
fungi	human	SYN_GO0006400	biological_process	conserved	79	54	0.6835	37.25
fungi	human	SYN_GO0006367	biological_process	conserved	75	33	0.44	39.1
fungi	human	SYN_GO0170038	biological_process	conserved	71	25	0.3521	40.4
fungi	human	SYN_GO0000966	biological_process	conserved	66	35	0.5303	44.3
fungi	human	SYN_GO0061982	biological_process	specific	100	36	0.36	34.55
fungi	human	SYN_GO0140013	biological_process	specific	97	30	0.3093	35.05
fungi	human	SYN_GO0000075	biological_process	specific	87	19	0.2184	40.3
fungi	human	SYN_GO0000747	biological_process	specific	82	16	0.1951	50.5
fungi	human	SYN_GO0007127	biological_process	specific	82	29	0.3537	34.8
fungi	human	SYN_GO0141124	biological_process	specific	75	21	0.28	40.7
fungi	human	SYN_GO0010927	biological_process	specific	68	8	0.1176	42.75
fungi	human	SYN_GO0007093	biological_process	specific	63	11	0.1746	43.1
fungi	human	SYN_GO0009966	biological_process	other	105	38	0.3619	40.6
fungi	human	SYN_GO0006403	biological_process	other	95	37	0.3895	38.3
fungi	human	SYN_GO0010638	biological_process	other	87	34	0.3908	36.5
fungi	human	SYN_GO1901700	biological_process	other	82	21	0.2561	45.2
fungi	human	SYN_GO0015748	biological_process	other	76	30	0.3947	33.1
fungi	human	SYN_GO0032786	biological_process	other	74	27	0.3649	36.7
fungi	human	SYN_GO0104004	biological_process	other	70	11	0.1571	41.6
fungi	human	SYN_GO0030010	biological_process	other	66	11	0.1667	45.2
fungi	human	SYN_GO0045017	biological_process	conserved	59	31	0.5254	31.9
fungi	human	SYN_GO0007062	biological_process	conserved	56	18	0.3214	38.7
fungi	human	SYN_GO0000082	biological_process	conserved	52	12	0.2308	52.4
fungi	human	SYN_GO0006312	biological_process	conserved	50	19	0.38	42.0
fungi	human	SYN_GO0018193	biological_process	conserved	48	23	0.4792	37.3
fungi	human	SYN_GO0009303	biological_process	conserved	46	20	0.4348	46.25
fungi	human	SYN_GO0070897	biological_process	conserved	45	12	0.2667	32.65
fungi	human	SYN_GO0016051	biological_process	conserved	43	15	0.3488	55.0
fungi	human	SYN_GO0007131	biological_process	specific	54	18	0.3333	35.05
fungi	human	SYN_GO0045132	biological_process	specific	51	17	0.3333	32.1
fungi	human	SYN_GO0070591	biological_process	specific	49	5	0.102	50.4
fungi	human	SYN_GO0042244	biological_process	specific	49	5	0.102	50.4
fungi	human	SYN_GO0030476	biological_process	specific	49	5	0.102	50.4
fungi	human	SYN_GO0070590	biological_process	specific	49	5	0.102	50.4
fungi	human	SYN_GO0019954	biological_process	specific	49	12	0.2449	43.8
fungi	human	SYN_GO0007114	biological_process	specific	49	12	0.2449	43.8
fungi	human	SYN_GO1902903	biological_process	other	60	15	0.25	36.0
fungi	human	SYN_GO0000041	biological_process	other	57	16	0.2807	42.3
fungi	human	SYN_GO0019216	biological_process	other	54	9	0.1667	42.0
fungi	human	SYN_GO0045727	biological_process	other	50	17	0.34	42.8
fungi	human	SYN_GO0061157	biological_process	other	47	19	0.4043	42.4
fungi	human	SYN_GO0051445	biological_process	other	44	10	0.2273	42.1
fungi	human	SYN_GO0006356	biological_process	other	43	18	0.4186	38.6
fungi	human	SYN_GO0016241	biological_process	other	42	15	0.3571	42.0
fungi	human	SYN_GO0005198	molecular_function	other	236	69	0.2924	48.8
fungi	human	SYN_GO0036094	molecular_function	other	217	105	0.4839	41.6
fungi	human	SYN_GO0003729	molecular_function	other	197	95	0.4822	43.7
fungi	human	SYN_GO0043167	molecular_function	other	190	91	0.4789	41.6
fungi	human	SYN_GO0044877	molecular_function	other	173	71	0.4104	35.8
fungi	human	SYN_GO0030674	molecular_function	other	158	48	0.3038	33.95
fungi	human	SYN_GO0043168	molecular_function	other	134	63	0.4701	41.6
fungi	human	SYN_GO0008047	molecular_function	other	120	29	0.2417	37.5
fungi	human	SYN_GO0140101	molecular_function	other	100	66	0.66	39.3
fungi	human	SYN_GO0140104	molecular_function	other	98	41	0.4184	34.0
fungi	human	SYN_GO0030695	molecular_function	other	92	26	0.2826	35.5
fungi	human	SYN_GO0120543	molecular_function	other	84	51	0.6071	47.1
fungi	human	SYN_GO0008168	molecular_function	other	82	40	0.4878	34.45
fungi	human	SYN_GO0120545	molecular_function	other	71	45	0.6338	47.3
fungi	human	SYN_GO0043169	molecular_function	other	66	32	0.4848	42.05
fungi	human	SYN_GO0016616	molecular_function	other	64	20	0.3125	44.05
fungi	human	SYN_GO0140678	molecular_function	other	62	15	0.2419	35.6
fungi	human	SYN_GO0003697	molecular_function	other	58	28	0.4828	40.65
fungi	human	SYN_GO0061659	molecular_function	other	55	26	0.4727	27.95
fungi	human	SYN_GO0140993	molecular_function	other	49	11	0.2245	40.6
fungi	human	SYN_GO0017076	molecular_function	other	48	31	0.6458	42.8
fungi	human	SYN_GO0032553	molecular_function	other	46	31	0.6739	42.8
fungi	human	SYN_GO0035639	molecular_function	other	45	30	0.6667	44.3
fungi	human	SYN_GO0061629	molecular_function	other	41	5	0.122	35.3
fungi	human	SYN_GO0005774	cellular_component	other	250	87	0.348	33.5
fungi	human	SYN_GO0000785	cellular_component	other	232	60	0.2586	32.75
fungi	human	SYN_GO0098852	cellular_component	other	212	77	0.3632	33.5
fungi	human	SYN_GO0005856	cellular_component	other	200	54	0.27	40.8
fungi	human	SYN_GO0098798	cellular_component	other	155	48	0.3097	39.35
fungi	human	SYN_GO0042579	cellular_component	other	136	50	0.3676	36.75
fungi	human	SYN_GO0015934	cellular_component	other	128	56	0.4375	55.35
fungi	human	SYN_GO0060187	cellular_component	other	123	35	0.2846	40.4
fungi	human	SYN_GO0005741	cellular_component	other	106	38	0.3585	34.8
fungi	human	SYN_GO0005934	cellular_component	other	101	23	0.2277	37.6
fungi	human	SYN_GO0000775	cellular_component	other	92	17	0.1848	43.4
fungi	human	SYN_GO1905368	cellular_component	other	84	55	0.6548	43.1
fungi	human	SYN_GO1902911	cellular_component	other	78	27	0.3462	42.8
fungi	human	SYN_GO0042763	cellular_component	other	76	10	0.1316	38.95
fungi	human	SYN_GO0030135	cellular_component	other	72	36	0.5	37.95
fungi	human	SYN_GO0090575	cellular_component	other	69	18	0.2609	31.45
fungi	human	SYN_GO0010008	cellular_component	other	64	33	0.5156	31.7
fungi	human	SYN_GO1902493	cellular_component	other	61	21	0.3443	37.1
fungi	human	SYN_GO0034399	cellular_component	other	57	17	0.2982	46.8
fungi	human	SYN_GO0005684	cellular_component	other	56	17	0.3036	49.4
fungi	human	SYN_GO1990204	cellular_component	other	49	27	0.551	49.4
fungi	human	SYN_GO0030479	cellular_component	other	48	16	0.3333	39.1
fungi	human	SYN_GO0000315	cellular_component	other	45	10	0.2222	37.0
fungi	human	SYN_GO0099513	cellular_component	other	42	13	0.3095	47.6
fungi	k_lactis	SYN_GO0019752	biological_process	conserved	249	202	0.8112	71.4
fungi	k_lactis	SYN_GO0051604	biological_process	conserved	194	177	0.9124	56.2
fungi	k_lactis	SYN_GO0090407	biological_process	conserved	176	143	0.8125	59.0
fungi	k_lactis	SYN_GO0055086	biological_process	conserved	169	132	0.7811	71.0
fungi	k_lactis	SYN_GO0008610	biological_process	conserved	150	128	0.8533	58.9
fungi	k_lactis	SYN_GO0006260	biological_process	conserved	135	124	0.9185	52.85
fungi	k_lactis	SYN_GO0043161	biological_process	conserved	122	107	0.877	58.1
fungi	k_lactis	SYN_GO0072521	biological_process	conserved	119	92	0.7731	72.45
fungi	k_lactis	SYN_GO1903046	biological_process	specific	246	173	0.7033	49.1
fungi	k_lactis	SYN_GO0007165	biological_process	specific	243	184	0.7572	48.1
fungi	k_lactis	SYN_GO0035556	biological_process	specific	210	163	0.7762	48.1
fungi	k_lactis	SYN_GO0032502	biological_process	specific	173	106	0.6127	48.25
fungi	k_lactis	SYN_GO0048856	biological_process	specific	142	87	0.6127	48.3
fungi	k_lactis	SYN_GO0043934	biological_process	specific	134	82	0.6119	48.75
fungi	k_lactis	SYN_GO0030435	biological_process	specific	125	76	0.608	48.35
fungi	k_lactis	SYN_GO0043935	biological_process	specific	116	69	0.5948	49.2
fungi	k_lactis	SYN_GO0033043	biological_process	other	244	193	0.791	50.5
fungi	k_lactis	SYN_GO0048878	biological_process	other	201	154	0.7662	57.25
fungi	k_lactis	SYN_GO0070925	biological_process	other	176	148	0.8409	58.4
fungi	k_lactis	SYN_GO1902679	biological_process	other	161	107	0.6646	49.0
fungi	k_lactis	SYN_GO0000280	biological_process	other	148	115	0.777	46.7
fungi	k_lactis	SYN_GO0051130	biological_process	other	135	106	0.7852	56.65
fungi	k_lactis	SYN_GO0006417	biological_process	other	123	93	0.7561	60.6
fungi	k_lactis	SYN_GO0031505	biological_process	other	118	70	0.5932	49.8
fungi	k_lactis	SYN_GO0000956	biological_process	conserved	106	89	0.8396	51.9
fungi	k_lactis	SYN_GO0006352	biological_process	conserved	100	94	0.94	63.55
fungi	k_lactis	SYN_GO0006457	biological_process	conserved	96	84	0.875	61.05
fungi	k_lactis	SYN_GO1901293	biological_process	conserved	82	62	0.7561	70.5
fungi	k_lactis	SYN_GO0006400	biological_process	conserved	79	67	0.8481	61.4
fungi	k_lactis	SYN_GO0006367	biological_process	conserved	75	71	0.9467	64.2
fungi	k_lactis	SYN_GO0170038	biological_process	conserved	71	65	0.9155	74.8
fungi	k_lactis	SYN_GO0000966	biological_process	conserved	66	64	0.9697	58.2
fungi	k_lactis	SYN_GO0061982	biological_process	specific	100	79	0.79	46.7
fungi	k_lactis	SYN_GO0140013	biological_process	specific	97	73	0.7526	46.7
fungi	k_lactis	SYN_GO0000075	biological_process	specific	87	74	0.8506	43.9
fungi	k_lactis	SYN_GO0000747	biological_process	specific	82	57	0.6951	46.0
fungi	k_lactis	SYN_GO0007127	biological_process	specific	82	64	0.7805	46.8
fungi	k_lactis	SYN_GO0141124	biological_process	specific	75	50	0.6667	55.55
fungi	k_lactis	SYN_GO0010927	biological_process	specific	68	42	0.6176	48.25
fungi	k_lactis	SYN_GO0007093	biological_process	specific	63	52	0.8254	42.7
fungi	k_lactis	SYN_GO0009966	biological_process	other	105	85	0.8095	54.2
fungi	k_lactis	SYN_GO0006403	biological_process	other	95	80	0.8421	54.05
fungi	k_lactis	SYN_GO0010638	biological_process	other	87	69	0.7931	54.0
fungi	k_lactis	SYN_GO1901700	biological_process	other	82	57	0.6951	54.4
fungi	k_lactis	SYN_GO0015748	biological_process	other	76	68	0.8947	53.65
fungi	k_lactis	SYN_GO0032786	biological_process	other	74	68	0.9189	52.35
fungi	k_lactis	SYN_GO0104004	biological_process	other	70	45	0.6429	49.1
fungi	k_lactis	SYN_GO0030010	biological_process	other	66	46	0.697	44.95
fungi	k_lactis	SYN_GO0045017	biological_process	conserved	59	53	0.8983	55.1
fungi	k_lactis	SYN_GO0007062	biological_process	conserved	56	44	0.7857	44.75
fungi	k_lactis	SYN_GO0000082	biological_process	conserved	52	36	0.6923	51.7
fungi	k_lactis	SYN_GO0006312	biological_process	conserved	50	37	0.74	51.5
fungi	k_lactis	SYN_GO0018193	biological_process	conserved	48	41	0.8542	52.9
fungi	k_lactis	SYN_GO0009303	biological_process	conserved	46	43	0.9348	66.5
fungi	k_lactis	SYN_GO0070897	biological_process	conserved	45	39	0.8667	53.6
fungi	k_lactis	SYN_GO0016051	biological_process	conserved	43	30	0.6977	75.8
fungi	k_lactis	SYN_GO0007131	biological_process	specific	54	42	0.7778	46.95
fungi	k_lactis	SYN_GO0045132	biological_process	specific	51	35	0.6863	46.9
fungi	k_lactis	SYN_GO0070591	biological_process	specific	49	32	0.6531	47.55
fungi	k_lactis	SYN_GO0042244	biological_process	specific	49	32	0.6531	47.55
fungi	k_lactis	SYN_GO0030476	biological_process	specific	49	32	0.6531	47.55
fungi	k_lactis	SYN_GO0070590	biological_process	specific	49	32	0.6531	47.55
fungi	k_lactis	SYN_GO0019954	biological_process	specific	49	42	0.8571	49.2
fungi	k_lactis	SYN_GO0007114	biological_process	specific	49	42	0.8571	49.2
fungi	k_lactis	SYN_GO1902903	biological_process	other	60	45	0.75	47.7
fungi	k_lactis	SYN_GO0000041	biological_process	other	57	37	0.6491	63.7
fungi	k_lactis	SYN_GO0019216	biological_process	other	54	34	0.6296	57.6
fungi	k_lactis	SYN_GO0045727	biological_process	other	50	41	0.82	57.6
fungi	k_lactis	SYN_GO0061157	biological_process	other	47	37	0.7872	58.7
fungi	k_lactis	SYN_GO0051445	biological_process	other	44	34	0.7727	45.4
fungi	k_lactis	SYN_GO0006356	biological_process	other	43	40	0.9302	56.75
fungi	k_lactis	SYN_GO0016241	biological_process	other	42	38	0.9048	54.3
fungi	k_lactis	SYN_GO0005198	molecular_function	other	236	179	0.7585	59.2
fungi	k_lactis	SYN_GO0036094	molecular_function	other	217	178	0.8203	62.35
fungi	k_lactis	SYN_GO0003729	molecular_function	other	197	166	0.8426	63.25
fungi	k_lactis	SYN_GO0043167	molecular_function	other	190	159	0.8368	63.3
fungi	k_lactis	SYN_GO0044877	molecular_function	other	173	136	0.7861	57.1
fungi	k_lactis	SYN_GO0030674	molecular_function	other	158	123	0.7785	48.0
fungi	k_lactis	SYN_GO0043168	molecular_function	other	134	115	0.8582	61.2
fungi	k_lactis	SYN_GO0008047	molecular_function	other	120	104	0.8667	49.0
fungi	k_lactis	SYN_GO0140101	molecular_function	other	100	94	0.94	61.05
fungi	k_lactis	SYN_GO0140104	molecular_function	other	98	86	0.8776	55.3
fungi	k_lactis	SYN_GO0030695	molecular_function	other	92	73	0.7935	47.8
fungi	k_lactis	SYN_GO0120543	molecular_function	other	84	71	0.8452	64.2
fungi	k_lactis	SYN_GO0008168	molecular_function	other	82	75	0.9146	57.4
fungi	k_lactis	SYN_GO0120545	molecular_function	other	71	61	0.8592	65.4
fungi	k_lactis	SYN_GO0043169	molecular_function	other	66	52	0.7879	64.85
fungi	k_lactis	SYN_GO0016616	molecular_function	other	64	47	0.7344	69.6
fungi	k_lactis	SYN_GO0140678	molecular_function	other	62	43	0.6935	47.6
fungi	k_lactis	SYN_GO0003697	molecular_function	other	58	49	0.8448	60.7
fungi	k_lactis	SYN_GO0061659	molecular_function	other	55	44	0.8	43.75
fungi	k_lactis	SYN_GO0140993	molecular_function	other	49	44	0.898	51.15
fungi	k_lactis	SYN_GO0017076	molecular_function	other	48	46	0.9583	69.85
fungi	k_lactis	SYN_GO0032553	molecular_function	other	46	45	0.9783	70.5
fungi	k_lactis	SYN_GO0035639	molecular_function	other	45	44	0.9778	69.85
fungi	k_lactis	SYN_GO0061629	molecular_function	other	41	24	0.5854	48.9
fungi	k_lactis	SYN_GO0005774	cellular_component	other	250	203	0.812	56.0
fungi	k_lactis	SYN_GO0000785	cellular_component	other	232	185	0.7974	49.5
fungi	k_lactis	SYN_GO0098852	cellular_component	other	212	174	0.8208	57.1
fungi	k_lactis	SYN_GO0005856	cellular_component	other	200	147	0.735	47.7
fungi	k_lactis	SYN_GO0098798	cellular_component	other	155	145	0.9355	59.2
fungi	k_lactis	SYN_GO0042579	cellular_component	other	136	100	0.7353	50.7
fungi	k_lactis	SYN_GO0015934	cellular_component	other	128	96	0.75	76.75
fungi	k_lactis	SYN_GO0060187	cellular_component	other	123	94	0.7642	51.85
fungi	k_lactis	SYN_GO0005741	cellular_component	other	106	86	0.8113	60.0
fungi	k_lactis	SYN_GO0005934	cellular_component	other	101	73	0.7228	50.9
fungi	k_lactis	SYN_GO0000775	cellular_component	other	92	65	0.7065	43.9
fungi	k_lactis	SYN_GO1905368	cellular_component	other	84	81	0.9643	63.1
fungi	k_lactis	SYN_GO1902911	cellular_component	other	78	64	0.8205	58.15
fungi	k_lactis	SYN_GO0042763	cellular_component	other	76	50	0.6579	45.0
fungi	k_lactis	SYN_GO0030135	cellular_component	other	72	59	0.8194	56.6
fungi	k_lactis	SYN_GO0090575	cellular_component	other	69	59	0.8551	53.6
fungi	k_lactis	SYN_GO0010008	cellular_component	other	64	58	0.9062	52.15
fungi	k_lactis	SYN_GO1902493	cellular_component	other	61	58	0.9508	53.25
fungi	k_lactis	SYN_GO0034399	cellular_component	other	57	39	0.6842	59.4
fungi	k_lactis	SYN_GO0005684	cellular_component	other	56	49	0.875	43.9
fungi	k_lactis	SYN_GO1990204	cellular_component	other	49	41	0.8367	70.1
fungi	k_lactis	SYN_GO0030479	cellular_component	other	48	37	0.7708	58.4
fungi	k_lactis	SYN_GO0000315	cellular_component	other	45	45	1.0	59.0
fungi	k_lactis	SYN_GO0099513	cellular_component	other	42	32	0.7619	47.2
fungi	k_marxianus	SYN_GO0019752	biological_process	conserved	249	196	0.7871	71.35
fungi	k_marxianus	SYN_GO0051604	biological_process	conserved	194	173	0.8918	57.1
fungi	k_marxianus	SYN_GO0090407	biological_process	conserved	176	142	0.8068	59.25
fungi	k_marxianus	SYN_GO0055086	biological_process	conserved	169	129	0.7633	71.7
fungi	k_marxianus	SYN_GO0008610	biological_process	conserved	150	122	0.8133	58.45
fungi	k_marxianus	SYN_GO0006260	biological_process	conserved	135	121	0.8963	52.3
fungi	k_marxianus	SYN_GO0043161	biological_process	conserved	122	103	0.8443	57.0
fungi	k_marxianus	SYN_GO0072521	biological_process	conserved	119	92	0.7731	73.05
fungi	k_marxianus	SYN_GO1903046	biological_process	specific	246	156	0.6341	50.85
fungi	k_marxianus	SYN_GO0007165	biological_process	specific	243	184	0.7572	48.85
fungi	k_marxianus	SYN_GO0035556	biological_process	specific	210	164	0.781	49.3
fungi	k_marxianus	SYN_GO0032502	biological_process	specific	173	94	0.5434	49.8
fungi	k_marxianus	SYN_GO0048856	biological_process	specific	142	78	0.5493	48.65
fungi	k_marxianus	SYN_GO0043934	biological_process	specific	134	72	0.5373	49.8
fungi	k_marxianus	SYN_GO0030435	biological_process	specific	125	67	0.536	48.9
fungi	k_marxianus	SYN_GO0043935	biological_process	specific	116	62	0.5345	50.75
fungi	k_marxianus	SYN_GO0033043	biological_process	other	244	182	0.7459	50.6
fungi	k_marxianus	SYN_GO0048878	biological_process	other	201	147	0.7313	55.3
fungi	k_marxianus	SYN_GO0070925	biological_process	other	176	142	0.8068	57.4
fungi	k_marxianus	SYN_GO1902679	biological_process	other	161	105	0.6522	50.6
fungi	k_marxianus	SYN_GO0000280	biological_process	other	148	107	0.723	45.1
fungi	k_marxianus	SYN_GO0051130	biological_process	other	135	104	0.7704	56.0
fungi	k_marxianus	SYN_GO0006417	biological_process	other	123	93	0.7561	60.2
fungi	k_marxianus	SYN_GO0031505	biological_process	other	118	66	0.5593	50.25
fungi	k_marxianus	SYN_GO0000956	biological_process	conserved	106	80	0.7547	54.6
fungi	k_marxianus	SYN_GO0006352	biological_process	conserved	100	91	0.91	63.3
fungi	k_marxianus	SYN_GO0006457	biological_process	conserved	96	81	0.8438	60.7
fungi	k_marxianus	SYN_GO1901293	biological_process	conserved	82	63	0.7683	69.6
fungi	k_marxianus	SYN_GO0006400	biological_process	conserved	79	64	0.8101	62.05
fungi	k_marxianus	SYN_GO0006367	biological_process	conserved	75	69	0.92	63.7
fungi	k_marxianus	SYN_GO0170038	biological_process	conserved	71	64	0.9014	75.45
fungi	k_marxianus	SYN_GO0000966	biological_process	conserved	66	62	0.9394	58.7
fungi	k_marxianus	SYN_GO0061982	biological_process	specific	100	69	0.69	47.5
fungi	k_marxianus	SYN_GO0140013	biological_process	specific	97	64	0.6598	47.9
fungi	k_marxianus	SYN_GO0000075	biological_process	specific	87	72	0.8276	46.6
fungi	k_marxianus	SYN_GO0000747	biological_process	specific	82	57	0.6951	43.9
fungi	k_marxianus	SYN_GO0007127	biological_process	specific	82	56	0.6829	46.45
fungi	k_marxianus	SYN_GO0141124	biological_process	specific	75	53	0.7067	54.6
fungi	k_marxianus	SYN_GO0010927	biological_process	specific	68	36	0.5294	48.05
fungi	k_marxianus	SYN_GO0007093	biological_process	specific	63	52	0.8254	43.0
fungi	k_marxianus	SYN_GO0009966	biological_process	other	105	81	0.7714	54.6
fungi	k_marxianus	SYN_GO0006403	biological_process	other	95	74	0.7789	54.9
fungi	k_marxianus	SYN_GO0010638	biological_process	other	87	68	0.7816	52.35
fungi	k_marxianus	SYN_GO1901700	biological_process	other	82	54	0.6585	58.45
fungi	k_marxianus	SYN_GO0015748	biological_process	other	76	67	0.8816	54.5
fungi	k_marxianus	SYN_GO0032786	biological_process	other	74	64	0.8649	53.55
fungi	k_marxianus	SYN_GO0104004	biological_process	other	70	43	0.6143	51.0
fungi	k_marxianus	SYN_GO0030010	biological_process	other	66	46	0.697	44.0
fungi	k_marxianus	SYN_GO0045017	biological_process	conserved	59	53	0.8983	55.7
fungi	k_marxianus	SYN_GO0007062	biological_process	conserved	56	44	0.7857	43.95
fungi	k_marxianus	SYN_GO0000082	biological_process	conserved	52	36	0.6923	50.45
fungi	k_marxianus	SYN_GO0006312	biological_process	conserved	50	35	0.7	52.2
fungi	k_marxianus	SYN_GO0018193	biological_process	conserved	48	38	0.7917	51.85
fungi	k_marxianus	SYN_GO0009303	biological_process	conserved	46	42	0.913	65.15
fungi	k_marxianus	SYN_GO0070897	biological_process	conserved	45	37	0.8222	54.1
fungi	k_marxianus	SYN_GO0016051	biological_process	conserved	43	29	0.6744	76.4
fungi	k_marxianus	SYN_GO0007131	biological_process	specific	54	36	0.6667	48.1
fungi	k_marxianus	SYN_GO0045132	biological_process	specific	51	33	0.6471	45.1
fungi	k_marxianus	SYN_GO0070591	biological_process	specific	49	28	0.5714	43.95
fungi	k_marxianus	SYN_GO0042244	biological_process	specific	49	28	0.5714	43.95
fungi	k_marxianus	SYN_GO0030476	biological_process	specific	49	28	0.5714	43.95
fungi	k_marxianus	SYN_GO0070590	biological_process	specific	49	28	0.5714	43.95
fungi	k_marxianus	SYN_GO0019954	biological_process	specific	49	40	0.8163	51.7
fungi	k_marxianus	SYN_GO0007114	biological_process	specific	49	40	0.8163	51.7
fungi	k_marxianus	SYN_GO1902903	biological_process	other	60	41	0.6833	45.6
fungi	k_marxianus	SYN_GO0000041	biological_process	other	57	38	0.6667	61.85
fungi	k_marxianus	SYN_GO0019216	biological_process	other	54	35	0.6481	58.2
fungi	k_marxianus	SYN_GO0045727	biological_process	other	50	41	0.82	58.4
fungi	k_marxianus	SYN_GO0061157	biological_process	other	47	34	0.7234	60.25
fungi	k_marxianus	SYN_GO0051445	biological_process	other	44	34	0.7727	49.5
fungi	k_marxianus	SYN_GO0006356	biological_process	other	43	39	0.907	56.0
fungi	k_marxianus	SYN_GO0016241	biological_process	other	42	38	0.9048	55.65
fungi	k_marxianus	SYN_GO0005198	molecular_function	other	236	163	0.6907	59.0
fungi	k_marxianus	SYN_GO0036094	molecular_function	other	217	177	0.8157	63.5
fungi	k_marxianus	SYN_GO0003729	molecular_function	other	197	159	0.8071	63.4
fungi	k_marxianus	SYN_GO0043167	molecular_function	other	190	157	0.8263	63.5
fungi	k_marxianus	SYN_GO0044877	molecular_function	other	173	137	0.7919	55.8
fungi	k_marxianus	SYN_GO0030674	molecular_function	other	158	114	0.7215	47.25
fungi	k_marxianus	SYN_GO0043168	molecular_function	other	134	114	0.8507	61.8
fungi	k_marxianus	SYN_GO0008047	molecular_function	other	120	92	0.7667	50.65
fungi	k_marxianus	SYN_GO0140101	molecular_function	other	100	94	0.94	61.3
fungi	k_marxianus	SYN_GO0140104	molecular_function	other	98	86	0.8776	55.85
fungi	k_marxianus	SYN_GO0030695	molecular_function	other	92	67	0.7283	48.5
fungi	k_marxianus	SYN_GO0120543	molecular_function	other	84	68	0.8095	63.7
fungi	k_marxianus	SYN_GO0008168	molecular_function	other	82	74	0.9024	56.95
fungi	k_marxianus	SYN_GO0120545	molecular_function	other	71	60	0.8451	65.3
fungi	k_marxianus	SYN_GO0043169	molecular_function	other	66	51	0.7727	66.2
fungi	k_marxianus	SYN_GO0016616	molecular_function	other	64	44	0.6875	69.0
fungi	k_marxianus	SYN_GO0140678	molecular_function	other	62	41	0.6613	48.6
fungi	k_marxianus	SYN_GO0003697	molecular_function	other	58	45	0.7759	59.1
fungi	k_marxianus	SYN_GO0061659	molecular_function	other	55	43	0.7818	42.6
fungi	k_marxianus	SYN_GO0140993	molecular_function	other	49	43	0.8776	51.4
fungi	k_marxianus	SYN_GO0017076	molecular_function	other	48	45	0.9375	71.4
fungi	k_marxianus	SYN_GO0032553	molecular_function	other	46	43	0.9348	71.4
fungi	k_marxianus	SYN_GO0035639	molecular_function	other	45	43	0.9556	71.4
fungi	k_marxianus	SYN_GO0061629	molecular_function	other	41	25	0.6098	50.8
fungi	k_marxianus	SYN_GO0005774	cellular_component	other	250	198	0.792	54.75
fungi	k_marxianus	SYN_GO0000785	cellular_component	other	232	181	0.7802	48.7
fungi	k_marxianus	SYN_GO0098852	cellular_component	other	212	171	0.8066	56.6
fungi	k_marxianus	SYN_GO0005856	cellular_component	other	200	145	0.725	45.9
fungi	k_marxianus	SYN_GO0098798	cellular_component	other	155	145	0.9355	59.5
fungi	k_marxianus	SYN_GO0042579	cellular_component	other	136	96	0.7059	51.3
fungi	k_marxianus	SYN_GO0015934	cellular_component	other	128	76	0.5938	66.9
fungi	k_marxianus	SYN_GO0060187	cellular_component	other	123	91	0.7398	51.8
fungi	k_marxianus	SYN_GO0005741	cellular_component	other	106	83	0.783	57.6
fungi	k_marxianus	SYN_GO0005934	cellular_component	other	101	69	0.6832	51.0
fungi	k_marxianus	SYN_GO0000775	cellular_component	other	92	66	0.7174	42.7
fungi	k_marxianus	SYN_GO1905368	cellular_component	other	84	77	0.9167	63.0
fungi	k_marxianus	SYN_GO1902911	cellular_component	other	78	60	0.7692	58.9
fungi	k_marxianus	SYN_GO0042763	cellular_component	other	76	46	0.6053	46.7
fungi	k_marxianus	SYN_GO0030135	cellular_component	other	72	54	0.75	56.35
fungi	k_marxianus	SYN_GO0090575	cellular_component	other	69	55	0.7971	52.7
fungi	k_marxianus	SYN_GO0010008	cellular_component	other	64	54	0.8438	51.5
fungi	k_marxianus	SYN_GO1902493	cellular_component	other	61	57	0.9344	53.8
fungi	k_marxianus	SYN_GO0034399	cellular_component	other	57	38	0.6667	55.55
fungi	k_marxianus	SYN_GO0005684	cellular_component	other	56	49	0.875	44.8
fungi	k_marxianus	SYN_GO1990204	cellular_component	other	49	38	0.7755	71.9
fungi	k_marxianus	SYN_GO0030479	cellular_component	other	48	32	0.6667	54.25
fungi	k_marxianus	SYN_GO0000315	cellular_component	other	45	44	0.9778	59.25
fungi	k_marxianus	SYN_GO0099513	cellular_component	other	42	32	0.7619	44.2
fungi	magnaporthe	SYN_GO0019752	biological_process	conserved	249	167	0.6707	52.5
fungi	magnaporthe	SYN_GO0051604	biological_process	conserved	194	126	0.6495	41.55
fungi	magnaporthe	SYN_GO0090407	biological_process	conserved	176	124	0.7045	42.8
fungi	magnaporthe	SYN_GO0055086	biological_process	conserved	169	123	0.7278	50.0
fungi	magnaporthe	SYN_GO0008610	biological_process	conserved	150	101	0.6733	39.7
fungi	magnaporthe	SYN_GO0006260	biological_process	conserved	135	85	0.6296	38.8
fungi	magnaporthe	SYN_GO0043161	biological_process	conserved	122	75	0.6148	46.2
fungi	magnaporthe	SYN_GO0072521	biological_process	conserved	119	87	0.7311	52.3
fungi	magnaporthe	SYN_GO1903046	biological_process	specific	246	71	0.2886	42.1
fungi	magnaporthe	SYN_GO0007165	biological_process	specific	243	79	0.3251	40.1
fungi	magnaporthe	SYN_GO0035556	biological_process	specific	210	70	0.3333	39.85
fungi	magnaporthe	SYN_GO0032502	biological_process	specific	173	44	0.2543	39.8
fungi	magnaporthe	SYN_GO0048856	biological_process	specific	142	35	0.2465	41.2
fungi	magnaporthe	SYN_GO0043934	biological_process	specific	134	32	0.2388	47.85
fungi	magnaporthe	SYN_GO0030435	biological_process	specific	125	29	0.232	47.4
fungi	magnaporthe	SYN_GO0043935	biological_process	specific	116	26	0.2241	47.85
fungi	magnaporthe	SYN_GO0033043	biological_process	other	244	103	0.4221	40.1
fungi	magnaporthe	SYN_GO0048878	biological_process	other	201	95	0.4726	42.7
fungi	magnaporthe	SYN_GO0070925	biological_process	other	176	93	0.5284	49.6
fungi	magnaporthe	SYN_GO1902679	biological_process	other	161	48	0.2981	37.4
fungi	magnaporthe	SYN_GO0000280	biological_process	other	148	50	0.3378	39.6
fungi	magnaporthe	SYN_GO0051130	biological_process	other	135	68	0.5037	43.8
fungi	magnaporthe	SYN_GO0006417	biological_process	other	123	55	0.4472	41.8
fungi	magnaporthe	SYN_GO0031505	biological_process	other	118	25	0.2119	42.4
fungi	magnaporthe	SYN_GO0000956	biological_process	conserved	106	49	0.4623	38.5
fungi	magnaporthe	SYN_GO0006352	biological_process	conserved	100	57	0.57	41.7
fungi	magnaporthe	SYN_GO0006457	biological_process	conserved	96	55	0.5729	45.9
fungi	magnaporthe	SYN_GO1901293	biological_process	conserved	82	61	0.7439	50.3
fungi	magnaporthe	SYN_GO0006400	biological_process	conserved	79	61	0.7722	38.0
fungi	magnaporthe	SYN_GO0006367	biological_process	conserved	75	42	0.56	40.7
fungi	magnaporthe	SYN_GO0170038	biological_process	conserved	71	58	0.8169	54.45
fungi	magnaporthe	SYN_GO0000966	biological_process	conserved	66	40	0.6061	41.45
fungi	magnaporthe	SYN_GO0061982	biological_process	specific	100	36	0.36	37.05
fungi	magnaporthe	SYN_GO0140013	biological_process	specific	97	30	0.3093	38.85
fungi	magnaporthe	SYN_GO0000075	biological_process	specific	87	27	0.3103	38.8
fungi	magnaporthe	SYN_GO0000747	biological_process	specific	82	24	0.2927	40.7
fungi	magnaporthe	SYN_GO0007127	biological_process	specific	82	29	0.3537	38.1
fungi	magnaporthe	SYN_GO0141124	biological_process	specific	75	29	0.3867	40.2
fungi	magnaporthe	SYN_GO0010927	biological_process	specific	68	13	0.1912	33.1
fungi	magnaporthe	SYN_GO0007093	biological_process	specific	63	18	0.2857	42.75
fungi	magnaporthe	SYN_GO0009966	biological_process	other	105	47	0.4476	45.1
fungi	magnaporthe	SYN_GO0006403	biological_process	other	95	44	0.4632	39.85
fungi	magnaporthe	SYN_GO0010638	biological_process	other	87	43	0.4943	42.1
fungi	magnaporthe	SYN_GO1901700	biological_process	other	82	36	0.439	43.25
fungi	magnaporthe	SYN_GO0015748	biological_process	other	76	56	0.7368	36.65
fungi	magnaporthe	SYN_GO0032786	biological_process	other	74	31	0.4189	38.8
fungi	magnaporthe	SYN_GO0104004	biological_process	other	70	25	0.3571	40.2
fungi	magnaporthe	SYN_GO0030010	biological_process	other	66	20	0.303	44.55
fungi	magnaporthe	SYN_GO0045017	biological_process	conserved	59	44	0.7458	37.75
fungi	magnaporthe	SYN_GO0007062	biological_process	conserved	56	22	0.3929	40.35
fungi	magnaporthe	SYN_GO0000082	biological_process	conserved	52	18	0.3462	46.1
fungi	magnaporthe	SYN_GO0006312	biological_process	conserved	50	21	0.42	38.1
fungi	magnaporthe	SYN_GO0018193	biological_process	conserved	48	29	0.6042	38.8
fungi	magnaporthe	SYN_GO0009303	biological_process	conserved	46	26	0.5652	45.6
fungi	magnaporthe	SYN_GO0070897	biological_process	conserved	45	17	0.3778	37.1
fungi	magnaporthe	SYN_GO0016051	biological_process	conserved	43	22	0.5116	63.9
fungi	magnaporthe	SYN_GO0007131	biological_process	specific	54	18	0.3333	37.05
fungi	magnaporthe	SYN_GO0045132	biological_process	specific	51	13	0.2549	39.6
fungi	magnaporthe	SYN_GO0070591	biological_process	specific	49	9	0.1837	32.0
fungi	magnaporthe	SYN_GO0042244	biological_process	specific	49	9	0.1837	32.0
fungi	magnaporthe	SYN_GO0030476	biological_process	specific	49	9	0.1837	32.0
fungi	magnaporthe	SYN_GO0070590	biological_process	specific	49	9	0.1837	32.0
fungi	magnaporthe	SYN_GO0019954	biological_process	specific	49	19	0.3878	43.8
fungi	magnaporthe	SYN_GO0007114	biological_process	specific	49	19	0.3878	43.8
fungi	magnaporthe	SYN_GO1902903	biological_process	other	60	28	0.4667	37.65
fungi	magnaporthe	SYN_GO0000041	biological_process	other	57	31	0.5439	42.4
fungi	magnaporthe	SYN_GO0019216	biological_process	other	54	19	0.3519	46.7
fungi	magnaporthe	SYN_GO0045727	biological_process	other	50	23	0.46	37.7
fungi	magnaporthe	SYN_GO0061157	biological_process	other	47	21	0.4468	43.9
fungi	magnaporthe	SYN_GO0051445	biological_process	other	44	12	0.2727	45.7
fungi	magnaporthe	SYN_GO0006356	biological_process	other	43	20	0.4651	37.55
fungi	magnaporthe	SYN_GO0016241	biological_process	other	42	21	0.5	46.7
fungi	magnaporthe	SYN_GO0005198	molecular_function	other	236	101	0.428	46.6
fungi	magnaporthe	SYN_GO0036094	molecular_function	other	217	136	0.6267	48.0
fungi	magnaporthe	SYN_GO0003729	molecular_function	other	197	114	0.5787	48.6
fungi	magnaporthe	SYN_GO0043167	molecular_function	other	190	123	0.6474	47.9
fungi	magnaporthe	SYN_GO0044877	molecular_function	other	173	83	0.4798	40.9
fungi	magnaporthe	SYN_GO0030674	molecular_function	other	158	54	0.3418	37.0
fungi	magnaporthe	SYN_GO0043168	molecular_function	other	134	88	0.6567	47.9
fungi	magnaporthe	SYN_GO0008047	molecular_function	other	120	53	0.4417	37.7
fungi	magnaporthe	SYN_GO0140101	molecular_function	other	100	73	0.73	40.9
fungi	magnaporthe	SYN_GO0140104	molecular_function	other	98	64	0.6531	39.25
fungi	magnaporthe	SYN_GO0030695	molecular_function	other	92	41	0.4457	35.0
fungi	magnaporthe	SYN_GO0120543	molecular_function	other	84	56	0.6667	51.95
fungi	magnaporthe	SYN_GO0008168	molecular_function	other	82	59	0.7195	37.2
fungi	magnaporthe	SYN_GO0120545	molecular_function	other	71	51	0.7183	52.0
fungi	magnaporthe	SYN_GO0043169	molecular_function	other	66	42	0.6364	47.7
fungi	magnaporthe	SYN_GO0016616	molecular_function	other	64	38	0.5938	50.9
fungi	magnaporthe	SYN_GO0140678	molecular_function	other	62	20	0.3226	36.4
fungi	magnaporthe	SYN_GO0003697	molecular_function	other	58	33	0.569	43.0
fungi	magnaporthe	SYN_GO0061659	molecular_function	other	55	23	0.4182	32.2
fungi	magnaporthe	SYN_GO0140993	molecular_function	other	49	21	0.4286	37.6
fungi	magnaporthe	SYN_GO0017076	molecular_function	other	48	37	0.7708	48.4
fungi	magnaporthe	SYN_GO0032553	molecular_function	other	46	37	0.8043	48.4
fungi	magnaporthe	SYN_GO0035639	molecular_function	other	45	36	0.8	48.25
fungi	magnaporthe	SYN_GO0061629	molecular_function	other	41	7	0.1707	36.7
fungi	magnaporthe	SYN_GO0005774	cellular_component	other	250	141	0.564	40.5
fungi	magnaporthe	SYN_GO0000785	cellular_component	other	232	75	0.3233	40.5
fungi	magnaporthe	SYN_GO0098852	cellular_component	other	212	122	0.5755	40.65
fungi	magnaporthe	SYN_GO0005856	cellular_component	other	200	75	0.375	44.0
fungi	magnaporthe	SYN_GO0098798	cellular_component	other	155	78	0.5032	42.2
fungi	magnaporthe	SYN_GO0042579	cellular_component	other	136	70	0.5147	39.45
fungi	magnaporthe	SYN_GO0015934	cellular_component	other	128	70	0.5469	61.45
fungi	magnaporthe	SYN_GO0060187	cellular_component	other	123	60	0.4878	35.6
fungi	magnaporthe	SYN_GO0005741	cellular_component	other	106	63	0.5943	41.4
fungi	magnaporthe	SYN_GO0005934	cellular_component	other	101	39	0.3861	42.6
fungi	magnaporthe	SYN_GO0000775	cellular_component	other	92	25	0.2717	47.6
fungi	magnaporthe	SYN_GO1905368	cellular_component	other	84	67	0.7976	44.6
fungi	magnaporthe	SYN_GO1902911	cellular_component	other	78	39	0.5	44.8
fungi	magnaporthe	SYN_GO0042763	cellular_component	other	76	24	0.3158	33.7
fungi	magnaporthe	SYN_GO0030135	cellular_component	other	72	48	0.6667	41.05
fungi	magnaporthe	SYN_GO0090575	cellular_component	other	69	28	0.4058	36.35
fungi	magnaporthe	SYN_GO0010008	cellular_component	other	64	45	0.7031	35.2
fungi	magnaporthe	SYN_GO1902493	cellular_component	other	61	33	0.541	39.7
fungi	magnaporthe	SYN_GO0034399	cellular_component	other	57	27	0.4737	47.6
fungi	magnaporthe	SYN_GO0005684	cellular_component	other	56	28	0.5	41.55
fungi	magnaporthe	SYN_GO1990204	cellular_component	other	49	32	0.6531	54.9
fungi	magnaporthe	SYN_GO0030479	cellular_component	other	48	28	0.5833	41.1
fungi	magnaporthe	SYN_GO0000315	cellular_component	other	45	21	0.4667	40.3
fungi	magnaporthe	SYN_GO0099513	cellular_component	other	42	16	0.381	49.85
fungi	neurospora	SYN_GO0019752	biological_process	conserved	249	171	0.6867	52.7
fungi	neurospora	SYN_GO0051604	biological_process	conserved	194	122	0.6289	40.5
fungi	neurospora	SYN_GO0090407	biological_process	conserved	176	124	0.7045	42.9
fungi	neurospora	SYN_GO0055086	biological_process	conserved	169	122	0.7219	51.7
fungi	neurospora	SYN_GO0008610	biological_process	conserved	150	101	0.6733	40.2
fungi	neurospora	SYN_GO0006260	biological_process	conserved	135	80	0.5926	40.45
fungi	neurospora	SYN_GO0043161	biological_process	conserved	122	78	0.6393	45.95
fungi	neurospora	SYN_GO0072521	biological_process	conserved	119	87	0.7311	52.8
fungi	neurospora	SYN_GO1903046	biological_process	specific	246	76	0.3089	40.95
fungi	neurospora	SYN_GO0007165	biological_process	specific	243	78	0.321	39.75
fungi	neurospora	SYN_GO0035556	biological_process	specific	210	71	0.3381	39.5
fungi	neurospora	SYN_GO0032502	biological_process	specific	173	46	0.2659	40.3
fungi	neurospora	SYN_GO0048856	biological_process	specific	142	39	0.2746	38.5
fungi	neurospora	SYN_GO0043934	biological_process	specific	134	37	0.2761	48.1
fungi	neurospora	SYN_GO0030435	biological_process	specific	125	34	0.272	44.9
fungi	neurospora	SYN_GO0043935	biological_process	specific	116	31	0.2672	48.1
fungi	neurospora	SYN_GO0033043	biological_process	other	244	104	0.4262	40.95
fungi	neurospora	SYN_GO0048878	biological_process	other	201	96	0.4776	43.2
fungi	neurospora	SYN_GO0070925	biological_process	other	176	92	0.5227	49.7
fungi	neurospora	SYN_GO1902679	biological_process	other	161	47	0.2919	38.6
fungi	neurospora	SYN_GO0000280	biological_process	other	148	48	0.3243	38.95
fungi	neurospora	SYN_GO0051130	biological_process	other	135	70	0.5185	44.7
fungi	neurospora	SYN_GO0006417	biological_process	other	123	55	0.4472	45.2
fungi	neurospora	SYN_GO0031505	biological_process	other	118	29	0.2458	32.8
fungi	neurospora	SYN_GO0000956	biological_process	conserved	106	52	0.4906	39.55
fungi	neurospora	SYN_GO0006352	biological_process	conserved	100	54	0.54	41.25
fungi	neurospora	SYN_GO0006457	biological_process	conserved	96	53	0.5521	45.4
fungi	neurospora	SYN_GO1901293	biological_process	conserved	82	62	0.7561	50.2
fungi	neurospora	SYN_GO0006400	biological_process	conserved	79	58	0.7342	37.65
fungi	neurospora	SYN_GO0006367	biological_process	conserved	75	41	0.5467	40.7
fungi	neurospora	SYN_GO0170038	biological_process	conserved	71	58	0.8169	55.35
fungi	neurospora	SYN_GO0000966	biological_process	conserved	66	41	0.6212	40.0
fungi	neurospora	SYN_GO0061982	biological_process	specific	100	37	0.37	36.6
fungi	neurospora	SYN_GO0140013	biological_process	specific	97	31	0.3196	36.9
fungi	neurospora	SYN_GO0000075	biological_process	specific	87	27	0.3103	38.3
fungi	neurospora	SYN_GO0000747	biological_process	specific	82	24	0.2927	39.35
fungi	neurospora	SYN_GO0007127	biological_process	specific	82	30	0.3659	36.75
fungi	neurospora	SYN_GO0141124	biological_process	specific	75	29	0.3867	41.5
fungi	neurospora	SYN_GO0010927	biological_process	specific	68	17	0.25	33.2
fungi	neurospora	SYN_GO0007093	biological_process	specific	63	18	0.2857	42.6
fungi	neurospora	SYN_GO0009966	biological_process	other	105	52	0.4952	41.25
fungi	neurospora	SYN_GO0006403	biological_process	other	95	39	0.4105	40.2
fungi	neurospora	SYN_GO0010638	biological_process	other	87	43	0.4943	41.9
fungi	neurospora	SYN_GO1901700	biological_process	other	82	35	0.4268	44.6
fungi	neurospora	SYN_GO0015748	biological_process	other	76	56	0.7368	37.5
fungi	neurospora	SYN_GO0032786	biological_process	other	74	29	0.3919	38.5
fungi	neurospora	SYN_GO0104004	biological_process	other	70	27	0.3857	41.7
fungi	neurospora	SYN_GO0030010	biological_process	other	66	19	0.2879	44.0
fungi	neurospora	SYN_GO0045017	biological_process	conserved	59	44	0.7458	38.35
fungi	neurospora	SYN_GO0007062	biological_process	conserved	56	21	0.375	44.1
fungi	neurospora	SYN_GO0000082	biological_process	conserved	52	18	0.3462	44.95
fungi	neurospora	SYN_GO0006312	biological_process	conserved	50	19	0.38	36.9
fungi	neurospora	SYN_GO0018193	biological_process	conserved	48	26	0.5417	39.8
fungi	neurospora	SYN_GO0009303	biological_process	conserved	46	25	0.5435	48.1
fungi	neurospora	SYN_GO0070897	biological_process	conserved	45	14	0.3111	39.9
fungi	neurospora	SYN_GO0016051	biological_process	conserved	43	22	0.5116	64.2
fungi	neurospora	SYN_GO0007131	biological_process	specific	54	18	0.3333	36.75
fungi	neurospora	SYN_GO0045132	biological_process	specific	51	14	0.2745	37.15
fungi	neurospora	SYN_GO0070591	biological_process	specific	49	11	0.2245	31.0
fungi	neurospora	SYN_GO0042244	biological_process	specific	49	11	0.2245	31.0
fungi	neurospora	SYN_GO0030476	biological_process	specific	49	11	0.2245	31.0
fungi	neurospora	SYN_GO0070590	biological_process	specific	49	11	0.2245	31.0
fungi	neurospora	SYN_GO0019954	biological_process	specific	49	19	0.3878	44.0
fungi	neurospora	SYN_GO0007114	biological_process	specific	49	19	0.3878	44.0
fungi	neurospora	SYN_GO1902903	biological_process	other	60	25	0.4167	36.7
fungi	neurospora	SYN_GO0000041	biological_process	other	57	28	0.4912	47.3
fungi	neurospora	SYN_GO0019216	biological_process	other	54	20	0.3704	48.5
fungi	neurospora	SYN_GO0045727	biological_process	other	50	22	0.44	39.65
fungi	neurospora	SYN_GO0061157	biological_process	other	47	23	0.4894	42.1
fungi	neurospora	SYN_GO0051445	biological_process	other	44	13	0.2955	47.6
fungi	neurospora	SYN_GO0006356	biological_process	other	43	21	0.4884	42.6
fungi	neurospora	SYN_GO0016241	biological_process	other	42	21	0.5	48.6
fungi	neurospora	SYN_GO0005198	molecular_function	other	236	107	0.4534	47.0
fungi	neurospora	SYN_GO0036094	molecular_function	other	217	141	0.6498	47.9
fungi	neurospora	SYN_GO0003729	molecular_function	other	197	111	0.5635	47.5
fungi	neurospora	SYN_GO0043167	molecular_function	other	190	127	0.6684	47.6
fungi	neurospora	SYN_GO0044877	molecular_function	other	173	88	0.5087	42.6
fungi	neurospora	SYN_GO0030674	molecular_function	other	158	59	0.3734	34.0
fungi	neurospora	SYN_GO0043168	molecular_function	other	134	90	0.6716	46.6
fungi	neurospora	SYN_GO0008047	molecular_function	other	120	50	0.4167	37.6
fungi	neurospora	SYN_GO0140101	molecular_function	other	100	72	0.72	40.65
fungi	neurospora	SYN_GO0140104	molecular_function	other	98	67	0.6837	38.7
fungi	neurospora	SYN_GO0030695	molecular_function	other	92	40	0.4348	37.05
fungi	neurospora	SYN_GO0120543	molecular_function	other	84	57	0.6786	52.2
fungi	neurospora	SYN_GO0008168	molecular_function	other	82	58	0.7073	36.4
fungi	neurospora	SYN_GO0120545	molecular_function	other	71	52	0.7324	52.35
fungi	neurospora	SYN_GO0043169	molecular_function	other	66	44	0.6667	48.65
fungi	neurospora	SYN_GO0016616	molecular_function	other	64	41	0.6406	49.1
fungi	neurospora	SYN_GO0140678	molecular_function	other	62	20	0.3226	35.95
fungi	neurospora	SYN_GO0003697	molecular_function	other	58	33	0.569	43.3
fungi	neurospora	SYN_GO0061659	molecular_function	other	55	24	0.4364	31.95
fungi	neurospora	SYN_GO0140993	molecular_function	other	49	16	0.3265	38.85
fungi	neurospora	SYN_GO0017076	molecular_function	other	48	37	0.7708	50.2
fungi	neurospora	SYN_GO0032553	molecular_function	other	46	37	0.8043	49.8
fungi	neurospora	SYN_GO0035639	molecular_function	other	45	36	0.8	49.1
fungi	neurospora	SYN_GO0061629	molecular_function	other	41	6	0.1463	38.85
fungi	neurospora	SYN_GO0005774	cellular_component	other	250	146	0.584	40.3
fungi	neurospora	SYN_GO0000785	cellular_component	other	232	72	0.3103	40.1
fungi	neurospora	SYN_GO0098852	cellular_component	other	212	127	0.5991	40.4
fungi	neurospora	SYN_GO0005856	cellular_component	other	200	71	0.355	44.8
fungi	neurospora	SYN_GO0098798	cellular_component	other	155	81	0.5226	43.2
fungi	neurospora	SYN_GO0042579	cellular_component	other	136	69	0.5074	38.9
fungi	neurospora	SYN_GO0015934	cellular_component	other	128	74	0.5781	59.2
fungi	neurospora	SYN_GO0060187	cellular_component	other	123	62	0.5041	35.1
fungi	neurospora	SYN_GO0005741	cellular_component	other	106	62	0.5849	41.95
fungi	neurospora	SYN_GO0005934	cellular_component	other	101	38	0.3762	40.65
fungi	neurospora	SYN_GO0000775	cellular_component	other	92	22	0.2391	45.6
fungi	neurospora	SYN_GO1905368	cellular_component	other	84	67	0.7976	46.0
fungi	neurospora	SYN_GO1902911	cellular_component	other	78	38	0.4872	47.1
fungi	neurospora	SYN_GO0042763	cellular_component	other	76	28	0.3684	33.6
fungi	neurospora	SYN_GO0030135	cellular_component	other	72	46	0.6389	41.65
fungi	neurospora	SYN_GO0090575	cellular_component	other	69	27	0.3913	33.2
fungi	neurospora	SYN_GO0010008	cellular_component	other	64	44	0.6875	33.25
fungi	neurospora	SYN_GO1902493	cellular_component	other	61	31	0.5082	40.8
fungi	neurospora	SYN_GO0034399	cellular_component	other	57	27	0.4737	45.3
fungi	neurospora	SYN_GO0005684	cellular_component	other	56	23	0.4107	41.4
fungi	neurospora	SYN_GO1990204	cellular_component	other	49	35	0.7143	56.9
fungi	neurospora	SYN_GO0030479	cellular_component	other	48	25	0.5208	40.9
fungi	neurospora	SYN_GO0000315	cellular_component	other	45	26	0.5778	40.3
fungi	neurospora	SYN_GO0099513	cellular_component	other	42	15	0.3571	46.9
fungi	pombe	SYN_GO0019752	biological_process	conserved	249	145	0.5823	52.6
fungi	pombe	SYN_GO0051604	biological_process	conserved	194	128	0.6598	41.55
fungi	pombe	SYN_GO0090407	biological_process	conserved	176	123	0.6989	42.7
fungi	pombe	SYN_GO0055086	biological_process	conserved	169	123	0.7278	48.9
fungi	pombe	SYN_GO0008610	biological_process	conserved	150	100	0.6667	40.55
fungi	pombe	SYN_GO0006260	biological_process	conserved	135	82	0.6074	41.45
fungi	pombe	SYN_GO0043161	biological_process	conserved	122	79	0.6475	45.3
fungi	pombe	SYN_GO0072521	biological_process	conserved	119	87	0.7311	51.9
fungi	pombe	SYN_GO1903046	biological_process	specific	246	77	0.313	43.7
fungi	pombe	SYN_GO0007165	biological_process	specific	243	81	0.3333	39.1
fungi	pombe	SYN_GO0035556	biological_process	specific	210	72	0.3429	39.15
fungi	pombe	SYN_GO0032502	biological_process	specific	173	45	0.2601	45.5
fungi	pombe	SYN_GO0048856	biological_process	specific	142	36	0.2535	46.45
fungi	pombe	SYN_GO0043934	biological_process	specific	134	34	0.2537	47.9
fungi	pombe	SYN_GO0030435	biological_process	specific	125	30	0.24	47.9
fungi	pombe	SYN_GO0043935	biological_process	specific	116	29	0.25	47.4
fungi	pombe	SYN_GO0033043	biological_process	other	244	114	0.4672	38.55
fungi	pombe	SYN_GO0048878	biological_process	other	201	87	0.4328	42.2
fungi	pombe	SYN_GO0070925	biological_process	other	176	93	0.5284	49.3
fungi	pombe	SYN_GO1902679	biological_process	other	161	49	0.3043	38.7
fungi	pombe	SYN_GO0000280	biological_process	other	148	53	0.3581	37.0
fungi	pombe	SYN_GO0051130	biological_process	other	135	73	0.5407	43.5
fungi	pombe	SYN_GO0006417	biological_process	other	123	58	0.4715	44.8
fungi	pombe	SYN_GO0031505	biological_process	other	118	25	0.2119	45.9
fungi	pombe	SYN_GO0000956	biological_process	conserved	106	49	0.4623	41.8
fungi	pombe	SYN_GO0006352	biological_process	conserved	100	60	0.6	45.95
fungi	pombe	SYN_GO0006457	biological_process	conserved	96	61	0.6354	45.2
fungi	pombe	SYN_GO1901293	biological_process	conserved	82	59	0.7195	50.0
fungi	pombe	SYN_GO0006400	biological_process	conserved	79	64	0.8101	40.1
fungi	pombe	SYN_GO0006367	biological_process	conserved	75	43	0.5733	45.9
fungi	pombe	SYN_GO0170038	biological_process	conserved	71	56	0.7887	54.7
fungi	pombe	SYN_GO0000966	biological_process	conserved	66	44	0.6667	43.1
fungi	pombe	SYN_GO0061982	biological_process	specific	100	39	0.39	36.7
fungi	pombe	SYN_GO0140013	biological_process	specific	97	32	0.3299	37.8
fungi	pombe	SYN_GO0000075	biological_process	specific	87	31	0.3563	38.4
fungi	pombe	SYN_GO0000747	biological_process	specific	82	22	0.2683	33.2
fungi	pombe	SYN_GO0007127	biological_process	specific	82	30	0.3659	37.25
fungi	pombe	SYN_GO0141124	biological_process	specific	75	30	0.4	36.95
fungi	pombe	SYN_GO0010927	biological_process	specific	68	14	0.2059	34.6
fungi	pombe	SYN_GO0007093	biological_process	specific	63	19	0.3016	43.6
fungi	pombe	SYN_GO0009966	biological_process	other	105	50	0.4762	40.85
fungi	pombe	SYN_GO0006403	biological_process	other	95	48	0.5053	40.8
fungi	pombe	SYN_GO0010638	biological_process	other	87	44	0.5057	38.65
fungi	pombe	SYN_GO1901700	biological_process	other	82	34	0.4146	45.25
fungi	pombe	SYN_GO0015748	biological_process	other	76	51	0.6711	35.8
fungi	pombe	SYN_GO0032786	biological_process	other	74	37	0.5	37.6
fungi	pombe	SYN_GO0104004	biological_process	other	70	19	0.2714	46.0
fungi	pombe	SYN_GO0030010	biological_process	other	66	18	0.2727	42.05
fungi	pombe	SYN_GO0045017	biological_process	conserved	59	48	0.8136	36.3
fungi	pombe	SYN_GO0007062	biological_process	conserved	56	22	0.3929	39.75
fungi	pombe	SYN_GO0000082	biological_process	conserved	52	18	0.3462	41.1
fungi	pombe	SYN_GO0006312	biological_process	conserved	50	20	0.4	43.9
fungi	pombe	SYN_GO0018193	biological_process	conserved	48	31	0.6458	38.4
fungi	pombe	SYN_GO0009303	biological_process	conserved	46	24	0.5217	52.25
fungi	pombe	SYN_GO0070897	biological_process	conserved	45	18	0.4	39.1
fungi	pombe	SYN_GO0016051	biological_process	conserved	43	19	0.4419	60.6
fungi	pombe	SYN_GO0007131	biological_process	specific	54	17	0.3148	43.1
fungi	pombe	SYN_GO0045132	biological_process	specific	51	18	0.3529	35.5
fungi	pombe	SYN_GO0070591	biological_process	specific	49	8	0.1633	43.8
fungi	pombe	SYN_GO0042244	biological_process	specific	49	8	0.1633	43.8
fungi	pombe	SYN_GO0030476	biological_process	specific	49	8	0.1633	43.8
fungi	pombe	SYN_GO0070590	biological_process	specific	49	8	0.1633	43.8
fungi	pombe	SYN_GO0019954	biological_process	specific	49	20	0.4082	45.3
fungi	pombe	SYN_GO0007114	biological_process	specific	49	20	0.4082	45.3
fungi	pombe	SYN_GO1902903	biological_process	other	60	23	0.3833	40.1
fungi	pombe	SYN_GO0000041	biological_process	other	57	24	0.4211	45.5
fungi	pombe	SYN_GO0019216	biological_process	other	54	18	0.3333	49.55
fungi	pombe	SYN_GO0045727	biological_process	other	50	23	0.46	45.2
fungi	pombe	SYN_GO0061157	biological_process	other	47	25	0.5319	42.8
fungi	pombe	SYN_GO0051445	biological_process	other	44	19	0.4318	43.7
fungi	pombe	SYN_GO0006356	biological_process	other	43	26	0.6047	38.35
fungi	pombe	SYN_GO0016241	biological_process	other	42	20	0.4762	47.55
fungi	pombe	SYN_GO0005198	molecular_function	other	236	114	0.4831	43.65
fungi	pombe	SYN_GO0036094	molecular_function	other	217	137	0.6313	46.9
fungi	pombe	SYN_GO0003729	molecular_function	other	197	113	0.5736	46.7
fungi	pombe	SYN_GO0043167	molecular_function	other	190	124	0.6526	46.95
fungi	pombe	SYN_GO0044877	molecular_function	other	173	88	0.5087	41.7
fungi	pombe	SYN_GO0030674	molecular_function	other	158	61	0.3861	34.4
fungi	pombe	SYN_GO0043168	molecular_function	other	134	89	0.6642	46.1
fungi	pombe	SYN_GO0008047	molecular_function	other	120	56	0.4667	37.75
fungi	pombe	SYN_GO0140101	molecular_function	other	100	80	0.8	42.85
fungi	pombe	SYN_GO0140104	molecular_function	other	98	65	0.6633	37.4
fungi	pombe	SYN_GO0030695	molecular_function	other	92	44	0.4783	37.95
fungi	pombe	SYN_GO0120543	molecular_function	other	84	58	0.6905	50.7
fungi	pombe	SYN_GO0008168	molecular_function	other	82	59	0.7195	38.8
fungi	pombe	SYN_GO0120545	molecular_function	other	71	52	0.7324	51.4
fungi	pombe	SYN_GO0043169	molecular_function	other	66	42	0.6364	48.1
fungi	pombe	SYN_GO0016616	molecular_function	other	64	35	0.5469	49.6
fungi	pombe	SYN_GO0140678	molecular_function	other	62	18	0.2903	35.8
fungi	pombe	SYN_GO0003697	molecular_function	other	58	34	0.5862	45.9
fungi	pombe	SYN_GO0061659	molecular_function	other	55	32	0.5818	30.3
fungi	pombe	SYN_GO0140993	molecular_function	other	49	23	0.4694	38.1
fungi	pombe	SYN_GO0017076	molecular_function	other	48	40	0.8333	49.5
fungi	pombe	SYN_GO0032553	molecular_function	other	46	40	0.8696	49.5
fungi	pombe	SYN_GO0035639	molecular_function	other	45	39	0.8667	49.2
fungi	pombe	SYN_GO0061629	molecular_function	other	41	7	0.1707	43.4
fungi	pombe	SYN_GO0005774	cellular_component	other	250	124	0.496	38.45
fungi	pombe	SYN_GO0000785	cellular_component	other	232	97	0.4181	38.1
fungi	pombe	SYN_GO0098852	cellular_component	other	212	105	0.4953	38.9
fungi	pombe	SYN_GO0005856	cellular_component	other	200	72	0.36	43.65
fungi	pombe	SYN_GO0098798	cellular_component	other	155	95	0.6129	41.2
fungi	pombe	SYN_GO0042579	cellular_component	other	136	57	0.4191	40.5
fungi	pombe	SYN_GO0015934	cellular_component	other	128	76	0.5938	57.45
fungi	pombe	SYN_GO0060187	cellular_component	other	123	50	0.4065	40.3
fungi	pombe	SYN_GO0005741	cellular_component	other	106	64	0.6038	40.2
fungi	pombe	SYN_GO0005934	cellular_component	other	101	33	0.3267	41.3
fungi	pombe	SYN_GO0000775	cellular_component	other	92	26	0.2826	44.2
fungi	pombe	SYN_GO1905368	cellular_component	other	84	63	0.75	46.1
fungi	pombe	SYN_GO1902911	cellular_component	other	78	41	0.5256	46.7
fungi	pombe	SYN_GO0042763	cellular_component	other	76	18	0.2368	39.2
fungi	pombe	SYN_GO0030135	cellular_component	other	72	45	0.625	38.1
fungi	pombe	SYN_GO0090575	cellular_component	other	69	30	0.4348	36.9
fungi	pombe	SYN_GO0010008	cellular_component	other	64	41	0.6406	34.6
fungi	pombe	SYN_GO1902493	cellular_component	other	61	42	0.6885	36.35
fungi	pombe	SYN_GO0034399	cellular_component	other	57	25	0.4386	46.3
fungi	pombe	SYN_GO0005684	cellular_component	other	56	29	0.5179	40.2
fungi	pombe	SYN_GO1990204	cellular_component	other	49	35	0.7143	56.7
fungi	pombe	SYN_GO0030479	cellular_component	other	48	26	0.5417	43.15
fungi	pombe	SYN_GO0000315	cellular_component	other	45	27	0.6	37.3
fungi	pombe	SYN_GO0099513	cellular_component	other	42	14	0.3333	42.85
fungi	s_uvarum	SYN_GO0019752	biological_process	conserved	249	243	0.9759	91.5
fungi	s_uvarum	SYN_GO0051604	biological_process	conserved	194	192	0.9897	86.4
fungi	s_uvarum	SYN_GO0090407	biological_process	conserved	176	173	0.983	88.0
fungi	s_uvarum	SYN_GO0055086	biological_process	conserved	169	164	0.9704	91.0
fungi	s_uvarum	SYN_GO0008610	biological_process	conserved	150	150	1.0	87.5
fungi	s_uvarum	SYN_GO0006260	biological_process	conserved	135	134	0.9926	84.9
fungi	s_uvarum	SYN_GO0043161	biological_process	conserved	122	121	0.9918	88.4
fungi	s_uvarum	SYN_GO0072521	biological_process	conserved	119	115	0.9664	92.8
fungi	s_uvarum	SYN_GO1903046	biological_process	specific	246	243	0.9878	81.5
fungi	s_uvarum	SYN_GO0007165	biological_process	specific	243	237	0.9753	82.7
fungi	s_uvarum	SYN_GO0035556	biological_process	specific	210	204	0.9714	82.9
fungi	s_uvarum	SYN_GO0032502	biological_process	specific	173	169	0.9769	80.8
fungi	s_uvarum	SYN_GO0048856	biological_process	specific	142	138	0.9718	80.75
fungi	s_uvarum	SYN_GO0043934	biological_process	specific	134	130	0.9701	80.75
fungi	s_uvarum	SYN_GO0030435	biological_process	specific	125	121	0.968	80.7
fungi	s_uvarum	SYN_GO0043935	biological_process	specific	116	112	0.9655	81.65
fungi	s_uvarum	SYN_GO0033043	biological_process	other	244	243	0.9959	82.9
fungi	s_uvarum	SYN_GO0048878	biological_process	other	201	196	0.9751	86.1
fungi	s_uvarum	SYN_GO0070925	biological_process	other	176	165	0.9375	86.4
fungi	s_uvarum	SYN_GO1902679	biological_process	other	161	161	1.0	82.3
fungi	s_uvarum	SYN_GO0000280	biological_process	other	148	148	1.0	80.65
fungi	s_uvarum	SYN_GO0051130	biological_process	other	135	134	0.9926	85.5
fungi	s_uvarum	SYN_GO0006417	biological_process	other	123	119	0.9675	85.9
fungi	s_uvarum	SYN_GO0031505	biological_process	other	118	110	0.9322	82.0
fungi	s_uvarum	SYN_GO0000956	biological_process	conserved	106	104	0.9811	84.6
fungi	s_uvarum	SYN_GO0006352	biological_process	conserved	100	100	1.0	90.55
fungi	s_uvarum	SYN_GO0006457	biological_process	conserved	96	94	0.9792	88.3
fungi	s_uvarum	SYN_GO1901293	biological_process	conserved	82	79	0.9634	90.7
fungi	s_uvarum	SYN_GO0006400	biological_process	conserved	79	78	0.9873	84.6
fungi	s_uvarum	SYN_GO0006367	biological_process	conserved	75	75	1.0	90.4
fungi	s_uvarum	SYN_GO0170038	biological_process	conserved	71	71	1.0	93.1
fungi	s_uvarum	SYN_GO0000966	biological_process	conserved	66	66	1.0	86.5
fungi	s_uvarum	SYN_GO0061982	biological_process	specific	100	100	1.0	81.6
fungi	s_uvarum	SYN_GO0140013	biological_process	specific	97	97	1.0	80.3
fungi	s_uvarum	SYN_GO0000075	biological_process	specific	87	87	1.0	80.9
fungi	s_uvarum	SYN_GO0000747	biological_process	specific	82	79	0.9634	80.5
fungi	s_uvarum	SYN_GO0007127	biological_process	specific	82	82	1.0	80.6
fungi	s_uvarum	SYN_GO0141124	biological_process	specific	75	73	0.9733	83.8
fungi	s_uvarum	SYN_GO0010927	biological_process	specific	68	67	0.9853	82.2
fungi	s_uvarum	SYN_GO0007093	biological_process	specific	63	63	1.0	78.5
fungi	s_uvarum	SYN_GO0009966	biological_process	other	105	103	0.981	85.7
fungi	s_uvarum	SYN_GO0006403	biological_process	other	95	94	0.9895	87.5
fungi	s_uvarum	SYN_GO0010638	biological_process	other	87	86	0.9885	84.25
fungi	s_uvarum	SYN_GO1901700	biological_process	other	82	76	0.9268	83.55
fungi	s_uvarum	SYN_GO0015748	biological_process	other	76	76	1.0	86.3
fungi	s_uvarum	SYN_GO0032786	biological_process	other	74	74	1.0	84.85
fungi	s_uvarum	SYN_GO0104004	biological_process	other	70	66	0.9429	80.95
fungi	s_uvarum	SYN_GO0030010	biological_process	other	66	62	0.9394	77.6
fungi	s_uvarum	SYN_GO0045017	biological_process	conserved	59	59	1.0	85.4
fungi	s_uvarum	SYN_GO0007062	biological_process	conserved	56	56	1.0	80.35
fungi	s_uvarum	SYN_GO0000082	biological_process	conserved	52	52	1.0	82.95
fungi	s_uvarum	SYN_GO0006312	biological_process	conserved	50	40	0.8	85.15
fungi	s_uvarum	SYN_GO0018193	biological_process	conserved	48	48	1.0	81.95
fungi	s_uvarum	SYN_GO0009303	biological_process	conserved	46	46	1.0	88.95
fungi	s_uvarum	SYN_GO0070897	biological_process	conserved	45	45	1.0	85.8
fungi	s_uvarum	SYN_GO0016051	biological_process	conserved	43	41	0.9535	93.6
fungi	s_uvarum	SYN_GO0007131	biological_process	specific	54	54	1.0	80.25
fungi	s_uvarum	SYN_GO0045132	biological_process	specific	51	51	1.0	79.1
fungi	s_uvarum	SYN_GO0070591	biological_process	specific	49	48	0.9796	81.85
fungi	s_uvarum	SYN_GO0042244	biological_process	specific	49	48	0.9796	81.85
fungi	s_uvarum	SYN_GO0030476	biological_process	specific	49	48	0.9796	81.85
fungi	s_uvarum	SYN_GO0070590	biological_process	specific	49	48	0.9796	81.85
fungi	s_uvarum	SYN_GO0019954	biological_process	specific	49	49	1.0	80.1
fungi	s_uvarum	SYN_GO0007114	biological_process	specific	49	49	1.0	80.1
fungi	s_uvarum	SYN_GO1902903	biological_process	other	60	60	1.0	80.75
fungi	s_uvarum	SYN_GO0000041	biological_process	other	57	51	0.8947	87.8
fungi	s_uvarum	SYN_GO0019216	biological_process	other	54	52	0.963	85.3
fungi	s_uvarum	SYN_GO0045727	biological_process	other	50	49	0.98	83.8
fungi	s_uvarum	SYN_GO0061157	biological_process	other	47	46	0.9787	86.0
fungi	s_uvarum	SYN_GO0051445	biological_process	other	44	44	1.0	83.95
fungi	s_uvarum	SYN_GO0006356	biological_process	other	43	43	1.0	86.7
fungi	s_uvarum	SYN_GO0016241	biological_process	other	42	42	1.0	88.2
fungi	s_uvarum	SYN_GO0005198	molecular_function	other	236	211	0.8941	86.4
fungi	s_uvarum	SYN_GO0036094	molecular_function	other	217	210	0.9677	87.55
fungi	s_uvarum	SYN_GO0003729	molecular_function	other	197	195	0.9898	87.9
fungi	s_uvarum	SYN_GO0043167	molecular_function	other	190	186	0.9789	87.8
fungi	s_uvarum	SYN_GO0044877	molecular_function	other	173	167	0.9653	84.2
fungi	s_uvarum	SYN_GO0030674	molecular_function	other	158	156	0.9873	81.15
fungi	s_uvarum	SYN_GO0043168	molecular_function	other	134	134	1.0	88.15
fungi	s_uvarum	SYN_GO0008047	molecular_function	other	120	120	1.0	85.15
fungi	s_uvarum	SYN_GO0140101	molecular_function	other	100	99	0.99	84.6
fungi	s_uvarum	SYN_GO0140104	molecular_function	other	98	98	1.0	87.25
fungi	s_uvarum	SYN_GO0030695	molecular_function	other	92	92	1.0	85.15
fungi	s_uvarum	SYN_GO0120543	molecular_function	other	84	78	0.9286	88.35
fungi	s_uvarum	SYN_GO0008168	molecular_function	other	82	81	0.9878	83.7
fungi	s_uvarum	SYN_GO0120545	molecular_function	other	71	65	0.9155	88.9
fungi	s_uvarum	SYN_GO0043169	molecular_function	other	66	62	0.9394	86.1
fungi	s_uvarum	SYN_GO0016616	molecular_function	other	64	57	0.8906	92.0
fungi	s_uvarum	SYN_GO0140678	molecular_function	other	62	60	0.9677	82.25
fungi	s_uvarum	SYN_GO0003697	molecular_function	other	58	57	0.9828	87.6
fungi	s_uvarum	SYN_GO0061659	molecular_function	other	55	55	1.0	82.6
fungi	s_uvarum	SYN_GO0140993	molecular_function	other	49	49	1.0	80.7
fungi	s_uvarum	SYN_GO0017076	molecular_function	other	48	48	1.0	89.0
fungi	s_uvarum	SYN_GO0032553	molecular_function	other	46	46	1.0	89.65
fungi	s_uvarum	SYN_GO0035639	molecular_function	other	45	45	1.0	89.6
fungi	s_uvarum	SYN_GO0061629	molecular_function	other	41	41	1.0	82.4
fungi	s_uvarum	SYN_GO0005774	cellular_component	other	250	244	0.976	86.35
fungi	s_uvarum	SYN_GO0000785	cellular_component	other	232	230	0.9914	81.4
fungi	s_uvarum	SYN_GO0098852	cellular_component	other	212	207	0.9764	87.1
fungi	s_uvarum	SYN_GO0005856	cellular_component	other	200	196	0.98	80.9
fungi	s_uvarum	SYN_GO0098798	cellular_component	other	155	154	0.9935	86.7
fungi	s_uvarum	SYN_GO0042579	cellular_component	other	136	128	0.9412	84.15
fungi	s_uvarum	SYN_GO0015934	cellular_component	other	128	99	0.7734	92.7
fungi	s_uvarum	SYN_GO0060187	cellular_component	other	123	121	0.9837	84.4
fungi	s_uvarum	SYN_GO0005741	cellular_component	other	106	105	0.9906	87.5
fungi	s_uvarum	SYN_GO0005934	cellular_component	other	101	101	1.0	83.1
fungi	s_uvarum	SYN_GO0000775	cellular_component	other	92	92	1.0	79.9
fungi	s_uvarum	SYN_GO1905368	cellular_component	other	84	83	0.9881	90.7
fungi	s_uvarum	SYN_GO1902911	cellular_component	other	78	78	1.0	86.7
fungi	s_uvarum	SYN_GO0042763	cellular_component	other	76	75	0.9868	83.3
fungi	s_uvarum	SYN_GO0030135	cellular_component	other	72	69	0.9583	88.6
fungi	s_uvarum	SYN_GO0090575	cellular_component	other	69	69	1.0	84.5
fungi	s_uvarum	SYN_GO0010008	cellular_component	other	64	63	0.9844	85.6
fungi	s_uvarum	SYN_GO1902493	cellular_component	other	61	61	1.0	86.0
fungi	s_uvarum	SYN_GO0034399	cellular_component	other	57	56	0.9825	86.0
fungi	s_uvarum	SYN_GO0005684	cellular_component	other	56	56	1.0	78.05
fungi	s_uvarum	SYN_GO1990204	cellular_component	other	49	44	0.898	91.8
fungi	s_uvarum	SYN_GO0030479	cellular_component	other	48	48	1.0	82.0
fungi	s_uvarum	SYN_GO0000315	cellular_component	other	45	45	1.0	84.2
fungi	s_uvarum	SYN_GO0099513	cellular_component	other	42	40	0.9524	80.35
fungi	torulaspora	SYN_GO0019752	biological_process	conserved	249	211	0.8474	75.0
fungi	torulaspora	SYN_GO0051604	biological_process	conserved	194	182	0.9381	62.15
fungi	torulaspora	SYN_GO0090407	biological_process	conserved	176	158	0.8977	65.25
fungi	torulaspora	SYN_GO0055086	biological_process	conserved	169	141	0.8343	73.3
fungi	torulaspora	SYN_GO0008610	biological_process	conserved	150	134	0.8933	64.35
fungi	torulaspora	SYN_GO0006260	biological_process	conserved	135	130	0.963	59.0
fungi	torulaspora	SYN_GO0043161	biological_process	conserved	122	113	0.9262	64.1
fungi	torulaspora	SYN_GO0072521	biological_process	conserved	119	100	0.8403	74.95
fungi	torulaspora	SYN_GO1903046	biological_process	specific	246	194	0.7886	54.4
fungi	torulaspora	SYN_GO0007165	biological_process	specific	243	202	0.8313	53.35
fungi	torulaspora	SYN_GO0035556	biological_process	specific	210	179	0.8524	54.0
fungi	torulaspora	SYN_GO0032502	biological_process	specific	173	123	0.711	53.7
fungi	torulaspora	SYN_GO0048856	biological_process	specific	142	98	0.6901	53.85
fungi	torulaspora	SYN_GO0043934	biological_process	specific	134	92	0.6866	53.9
fungi	torulaspora	SYN_GO0030435	biological_process	specific	125	85	0.68	54.1
fungi	torulaspora	SYN_GO0043935	biological_process	specific	116	77	0.6638	54.4
fungi	torulaspora	SYN_GO0033043	biological_process	other	244	206	0.8443	55.1
fungi	torulaspora	SYN_GO0048878	biological_process	other	201	162	0.806	61.7
fungi	torulaspora	SYN_GO0070925	biological_process	other	176	152	0.8636	63.15
fungi	torulaspora	SYN_GO1902679	biological_process	other	161	131	0.8137	55.8
fungi	torulaspora	SYN_GO0000280	biological_process	other	148	131	0.8851	50.3
fungi	torulaspora	SYN_GO0051130	biological_process	other	135	114	0.8444	61.55
fungi	torulaspora	SYN_GO0006417	biological_process	other	123	106	0.8618	65.05
fungi	torulaspora	SYN_GO0031505	biological_process	other	118	75	0.6356	54.2
fungi	torulaspora	SYN_GO0000956	biological_process	conserved	106	93	0.8774	60.4
fungi	torulaspora	SYN_GO0006352	biological_process	conserved	100	98	0.98	71.55
fungi	torulaspora	SYN_GO0006457	biological_process	conserved	96	86	0.8958	67.45
fungi	torulaspora	SYN_GO1901293	biological_process	conserved	82	71	0.8659	71.5
fungi	torulaspora	SYN_GO0006400	biological_process	conserved	79	73	0.9241	65.9
fungi	torulaspora	SYN_GO0006367	biological_process	conserved	75	73	0.9733	71.9
fungi	torulaspora	SYN_GO0170038	biological_process	conserved	71	65	0.9155	77.5
fungi	torulaspora	SYN_GO0000966	biological_process	conserved	66	66	1.0	66.0
fungi	torulaspora	SYN_GO0061982	biological_process	specific	100	89	0.89	54.0
fungi	torulaspora	SYN_GO0140013	biological_process	specific	97	85	0.8763	52.1
fungi	torulaspora	SYN_GO0000075	biological_process	specific	87	78	0.8966	52.55
fungi	torulaspora	SYN_GO0000747	biological_process	specific	82	65	0.7927	50.9
fungi	torulaspora	SYN_GO0007127	biological_process	specific	82	72	0.878	53.05
fungi	torulaspora	SYN_GO0141124	biological_process	specific	75	58	0.7733	57.55
fungi	torulaspora	SYN_GO0010927	biological_process	specific	68	47	0.6912	53.7
fungi	torulaspora	SYN_GO0007093	biological_process	specific	63	57	0.9048	49.6
fungi	torulaspora	SYN_GO0009966	biological_process	other	105	92	0.8762	57.5
fungi	torulaspora	SYN_GO0006403	biological_process	other	95	82	0.8632	64.45
fungi	torulaspora	SYN_GO0010638	biological_process	other	87	74	0.8506	57.65
fungi	torulaspora	SYN_GO1901700	biological_process	other	82	58	0.7073	58.9
fungi	torulaspora	SYN_GO0015748	biological_process	other	76	71	0.9342	60.3
fungi	torulaspora	SYN_GO0032786	biological_process	other	74	70	0.9459	60.4
fungi	torulaspora	SYN_GO0104004	biological_process	other	70	53	0.7571	56.6
fungi	torulaspora	SYN_GO0030010	biological_process	other	66	50	0.7576	50.5
fungi	torulaspora	SYN_GO0045017	biological_process	conserved	59	55	0.9322	60.2
fungi	torulaspora	SYN_GO0007062	biological_process	conserved	56	52	0.9286	50.3
fungi	torulaspora	SYN_GO0000082	biological_process	conserved	52	39	0.75	60.1
fungi	torulaspora	SYN_GO0006312	biological_process	conserved	50	39	0.78	59.8
fungi	torulaspora	SYN_GO0018193	biological_process	conserved	48	43	0.8958	57.0
fungi	torulaspora	SYN_GO0009303	biological_process	conserved	46	44	0.9565	68.05
fungi	torulaspora	SYN_GO0070897	biological_process	conserved	45	43	0.9556	61.6
fungi	torulaspora	SYN_GO0016051	biological_process	conserved	43	31	0.7209	80.7
fungi	torulaspora	SYN_GO0007131	biological_process	specific	54	49	0.9074	50.6
fungi	torulaspora	SYN_GO0045132	biological_process	specific	51	44	0.8627	52.25
fungi	torulaspora	SYN_GO0070591	biological_process	specific	49	35	0.7143	53.7
fungi	torulaspora	SYN_GO0042244	biological_process	specific	49	35	0.7143	53.7
fungi	torulaspora	SYN_GO0030476	biological_process	specific	49	35	0.7143	53.7
fungi	torulaspora	SYN_GO0070590	biological_process	specific	49	35	0.7143	53.7
fungi	torulaspora	SYN_GO0019954	biological_process	specific	49	44	0.898	55.0
fungi	torulaspora	SYN_GO0007114	biological_process	specific	49	44	0.898	55.0
fungi	torulaspora	SYN_GO1902903	biological_process	other	60	51	0.85	54.8
fungi	torulaspora	SYN_GO0000041	biological_process	other	57	41	0.7193	68.1
fungi	torulaspora	SYN_GO0019216	biological_process	other	54	38	0.7037	60.55
fungi	torulaspora	SYN_GO0045727	biological_process	other	50	44	0.88	64.45
fungi	torulaspora	SYN_GO0061157	biological_process	other	47	40	0.8511	62.45
fungi	torulaspora	SYN_GO0051445	biological_process	other	44	38	0.8636	53.6
fungi	torulaspora	SYN_GO0006356	biological_process	other	43	40	0.9302	62.65
fungi	torulaspora	SYN_GO0016241	biological_process	other	42	40	0.9524	60.4
fungi	torulaspora	SYN_GO0005198	molecular_function	other	236	183	0.7754	63.1
fungi	torulaspora	SYN_GO0036094	molecular_function	other	217	191	0.8802	67.7
fungi	torulaspora	SYN_GO0003729	molecular_function	other	197	176	0.8934	68.05
fungi	torulaspora	SYN_GO0043167	molecular_function	other	190	170	0.8947	68.3
fungi	torulaspora	SYN_GO0044877	molecular_function	other	173	145	0.8382	60.7
fungi	torulaspora	SYN_GO0030674	molecular_function	other	158	137	0.8671	55.2
fungi	torulaspora	SYN_GO0043168	molecular_function	other	134	121	0.903	67.6
fungi	torulaspora	SYN_GO0008047	molecular_function	other	120	105	0.875	57.4
fungi	torulaspora	SYN_GO0140101	molecular_function	other	100	96	0.96	64.85
fungi	torulaspora	SYN_GO0140104	molecular_function	other	98	92	0.9388	61.8
fungi	torulaspora	SYN_GO0030695	molecular_function	other	92	78	0.8478	55.9
fungi	torulaspora	SYN_GO0120543	molecular_function	other	84	75	0.8929	70.0
fungi	torulaspora	SYN_GO0008168	molecular_function	other	82	78	0.9512	61.95
fungi	torulaspora	SYN_GO0120545	molecular_function	other	71	64	0.9014	71.8
fungi	torulaspora	SYN_GO0043169	molecular_function	other	66	58	0.8788	68.1
fungi	torulaspora	SYN_GO0016616	molecular_function	other	64	47	0.7344	72.7
fungi	torulaspora	SYN_GO0140678	molecular_function	other	62	48	0.7742	49.7
fungi	torulaspora	SYN_GO0003697	molecular_function	other	58	52	0.8966	69.4
fungi	torulaspora	SYN_GO0061659	molecular_function	other	55	50	0.9091	52.1
fungi	torulaspora	SYN_GO0140993	molecular_function	other	49	46	0.9388	55.75
fungi	torulaspora	SYN_GO0017076	molecular_function	other	48	47	0.9792	73.1
fungi	torulaspora	SYN_GO0032553	molecular_function	other	46	45	0.9783	73.7
fungi	torulaspora	SYN_GO0035639	molecular_function	other	45	44	0.9778	73.4
fungi	torulaspora	SYN_GO0061629	molecular_function	other	41	31	0.7561	57.8
fungi	torulaspora	SYN_GO0005774	cellular_component	other	250	220	0.88	61.65
fungi	torulaspora	SYN_GO0000785	cellular_component	other	232	201	0.8664	56.2
fungi	torulaspora	SYN_GO0098852	cellular_component	other	212	186	0.8774	62.65
fungi	torulaspora	SYN_GO0005856	cellular_component	other	200	158	0.79	53.5
fungi	torulaspora	SYN_GO0098798	cellular_component	other	155	148	0.9548	63.9
fungi	torulaspora	SYN_GO0042579	cellular_component	other	136	110	0.8088	58.1
fungi	torulaspora	SYN_GO0015934	cellular_component	other	128	96	0.75	81.65
fungi	torulaspora	SYN_GO0060187	cellular_component	other	123	106	0.8618	56.55
fungi	torulaspora	SYN_GO0005741	cellular_component	other	106	94	0.8868	64.95
fungi	torulaspora	SYN_GO0005934	cellular_component	other	101	84	0.8317	56.8
fungi	torulaspora	SYN_GO0000775	cellular_component	other	92	82	0.8913	46.1
fungi	torulaspora	SYN_GO1905368	cellular_component	other	84	81	0.9643	72.9
fungi	torulaspora	SYN_GO1902911	cellular_component	other	78	68	0.8718	64.8
fungi	torulaspora	SYN_GO0042763	cellular_component	other	76	54	0.7105	54.3
fungi	torulaspora	SYN_GO0030135	cellular_component	other	72	62	0.8611	61.8
fungi	torulaspora	SYN_GO0090575	cellular_component	other	69	63	0.913	60.0
fungi	torulaspora	SYN_GO0010008	cellular_component	other	64	60	0.9375	56.0
fungi	torulaspora	SYN_GO1902493	cellular_component	other	61	59	0.9672	61.6
fungi	torulaspora	SYN_GO0034399	cellular_component	other	57	44	0.7719	63.7
fungi	torulaspora	SYN_GO0005684	cellular_component	other	56	55	0.9821	50.6
fungi	torulaspora	SYN_GO1990204	cellular_component	other	49	40	0.8163	73.15
fungi	torulaspora	SYN_GO0030479	cellular_component	other	48	40	0.8333	57.6
fungi	torulaspora	SYN_GO0000315	cellular_component	other	45	45	1.0	61.5
fungi	torulaspora	SYN_GO0099513	cellular_component	other	42	33	0.7857	50.9
fungi	yarrowia	SYN_GO0019752	biological_process	conserved	249	181	0.7269	56.5
fungi	yarrowia	SYN_GO0051604	biological_process	conserved	194	141	0.7268	43.2
fungi	yarrowia	SYN_GO0090407	biological_process	conserved	176	138	0.7841	48.05
fungi	yarrowia	SYN_GO0055086	biological_process	conserved	169	134	0.7929	55.1
fungi	yarrowia	SYN_GO0008610	biological_process	conserved	150	106	0.7067	44.3
fungi	yarrowia	SYN_GO0006260	biological_process	conserved	135	89	0.6593	41.3
fungi	yarrowia	SYN_GO0043161	biological_process	conserved	122	89	0.7295	46.5
fungi	yarrowia	SYN_GO0072521	biological_process	conserved	119	96	0.8067	56.55
fungi	yarrowia	SYN_GO1903046	biological_process	specific	246	87	0.3537	40.9
fungi	yarrowia	SYN_GO0007165	biological_process	specific	243	97	0.3992	39.9
fungi	yarrowia	SYN_GO0035556	biological_process	specific	210	83	0.3952	39.2
fungi	yarrowia	SYN_GO0032502	biological_process	specific	173	60	0.3468	40.75
fungi	yarrowia	SYN_GO0048856	biological_process	specific	142	48	0.338	41.5
fungi	yarrowia	SYN_GO0043934	biological_process	specific	134	44	0.3284	49.4
fungi	yarrowia	SYN_GO0030435	biological_process	specific	125	40	0.32	49.4
fungi	yarrowia	SYN_GO0043935	biological_process	specific	116	37	0.319	51.5
fungi	yarrowia	SYN_GO0033043	biological_process	other	244	124	0.5082	39.65
fungi	yarrowia	SYN_GO0048878	biological_process	other	201	108	0.5373	46.3
fungi	yarrowia	SYN_GO0070925	biological_process	other	176	102	0.5795	52.75
fungi	yarrowia	SYN_GO1902679	biological_process	other	161	65	0.4037	41.8
fungi	yarrowia	SYN_GO0000280	biological_process	other	148	58	0.3919	35.75
fungi	yarrowia	SYN_GO0051130	biological_process	other	135	77	0.5704	41.8
fungi	yarrowia	SYN_GO0006417	biological_process	other	123	66	0.5366	48.25
fungi	yarrowia	SYN_GO0031505	biological_process	other	118	37	0.3136	42.1
fungi	yarrowia	SYN_GO0000956	biological_process	conserved	106	63	0.5943	38.9
fungi	yarrowia	SYN_GO0006352	biological_process	conserved	100	73	0.73	46.1
fungi	yarrowia	SYN_GO0006457	biological_process	conserved	96	65	0.6771	50.0
fungi	yarrowia	SYN_GO1901293	biological_process	conserved	82	68	0.8293	54.55
fungi	yarrowia	SYN_GO0006400	biological_process	conserved	79	67	0.8481	44.9
fungi	yarrowia	SYN_GO0006367	biological_process	conserved	75	56	0.7467	46.05
fungi	yarrowia	SYN_GO0170038	biological_process	conserved	71	63	0.8873	61.6
fungi	yarrowia	SYN_GO0000966	biological_process	conserved	66	47	0.7121	45.2
fungi	yarrowia	SYN_GO0061982	biological_process	specific	100	39	0.39	35.5
fungi	yarrowia	SYN_GO0140013	biological_process	specific	97	35	0.3608	38.9
fungi	yarrowia	SYN_GO0000075	biological_process	specific	87	31	0.3563	40.2
fungi	yarrowia	SYN_GO0000747	biological_process	specific	82	28	0.3415	40.45
fungi	yarrowia	SYN_GO0007127	biological_process	specific	82	32	0.3902	37.2
fungi	yarrowia	SYN_GO0141124	biological_process	specific	75	34	0.4533	39.15
fungi	yarrowia	SYN_GO0010927	biological_process	specific	68	21	0.3088	40.2
fungi	yarrowia	SYN_GO0007093	biological_process	specific	63	21	0.3333	38.7
fungi	yarrowia	SYN_GO0009966	biological_process	other	105	57	0.5429	42.6
fungi	yarrowia	SYN_GO0006403	biological_process	other	95	53	0.5579	41.8
fungi	yarrowia	SYN_GO0010638	biological_process	other	87	48	0.5517	39.35
fungi	yarrowia	SYN_GO1901700	biological_process	other	82	41	0.5	45.5
fungi	yarrowia	SYN_GO0015748	biological_process	other	76	59	0.7763	41.3
fungi	yarrowia	SYN_GO0032786	biological_process	other	74	42	0.5676	38.5
fungi	yarrowia	SYN_GO0104004	biological_process	other	70	25	0.3571	42.8
fungi	yarrowia	SYN_GO0030010	biological_process	other	66	27	0.4091	34.1
fungi	yarrowia	SYN_GO0045017	biological_process	conserved	59	47	0.7966	40.4
fungi	yarrowia	SYN_GO0007062	biological_process	conserved	56	26	0.4643	37.75
fungi	yarrowia	SYN_GO0000082	biological_process	conserved	52	24	0.4615	44.45
fungi	yarrowia	SYN_GO0006312	biological_process	conserved	50	20	0.4	44.25
fungi	yarrowia	SYN_GO0018193	biological_process	conserved	48	36	0.75	37.0
fungi	yarrowia	SYN_GO0009303	biological_process	conserved	46	30	0.6522	54.8
fungi	yarrowia	SYN_GO0070897	biological_process	conserved	45	26	0.5778	41.1
fungi	yarrowia	SYN_GO0016051	biological_process	conserved	43	23	0.5349	67.2
fungi	yarrowia	SYN_GO0007131	biological_process	specific	54	19	0.3519	38.9
fungi	yarrowia	SYN_GO0045132	biological_process	specific	51	17	0.3333	39.5
fungi	yarrowia	SYN_GO0070591	biological_process	specific	49	14	0.2857	41.5
fungi	yarrowia	SYN_GO0042244	biological_process	specific	49	14	0.2857	41.5
fungi	yarrowia	SYN_GO0030476	biological_process	specific	49	14	0.2857	41.5
fungi	yarrowia	SYN_GO0070590	biological_process	specific	49	14	0.2857	41.5
fungi	yarrowia	SYN_GO0019954	biological_process	specific	49	23	0.4694	44.9
fungi	yarrowia	SYN_GO0007114	biological_process	specific	49	23	0.4694	44.9
fungi	yarrowia	SYN_GO1902903	biological_process	other	60	30	0.5	39.05
fungi	yarrowia	SYN_GO0000041	biological_process	other	57	28	0.4912	51.95
fungi	yarrowia	SYN_GO0019216	biological_process	other	54	20	0.3704	53.45
fungi	yarrowia	SYN_GO0045727	biological_process	other	50	27	0.54	47.7
fungi	yarrowia	SYN_GO0061157	biological_process	other	47	28	0.5957	43.2
fungi	yarrowia	SYN_GO0051445	biological_process	other	44	20	0.4545	43.0
fungi	yarrowia	SYN_GO0006356	biological_process	other	43	25	0.5814	42.3
fungi	yarrowia	SYN_GO0016241	biological_process	other	42	23	0.5476	49.1
fungi	yarrowia	SYN_GO0005198	molecular_function	other	236	136	0.5763	43.75
fungi	yarrowia	SYN_GO0036094	molecular_function	other	217	150	0.6912	51.95
fungi	yarrowia	SYN_GO0003729	molecular_function	other	197	121	0.6142	51.6
fungi	yarrowia	SYN_GO0043167	molecular_function	other	190	134	0.7053	51.45
fungi	yarrowia	SYN_GO0044877	molecular_function	other	173	99	0.5723	42.7
fungi	yarrowia	SYN_GO0030674	molecular_function	other	158	77	0.4873	37.4
fungi	yarrowia	SYN_GO0043168	molecular_function	other	134	93	0.694	50.9
fungi	yarrowia	SYN_GO0008047	molecular_function	other	120	65	0.5417	38.4
fungi	yarrowia	SYN_GO0140101	molecular_function	other	100	88	0.88	46.4
fungi	yarrowia	SYN_GO0140104	molecular_function	other	98	72	0.7347	41.85
fungi	yarrowia	SYN_GO0030695	molecular_function	other	92	53	0.5761	39.2
fungi	yarrowia	SYN_GO0120543	molecular_function	other	84	60	0.7143	53.05
fungi	yarrowia	SYN_GO0008168	molecular_function	other	82	68	0.8293	42.65
fungi	yarrowia	SYN_GO0120545	molecular_function	other	71	53	0.7465	52.6
fungi	yarrowia	SYN_GO0043169	molecular_function	other	66	48	0.7273	52.4
fungi	yarrowia	SYN_GO0016616	molecular_function	other	64	36	0.5625	53.95
fungi	yarrowia	SYN_GO0140678	molecular_function	other	62	22	0.3548	37.65
fungi	yarrowia	SYN_GO0003697	molecular_function	other	58	36	0.6207	42.5
fungi	yarrowia	SYN_GO0061659	molecular_function	other	55	33	0.6	32.1
fungi	yarrowia	SYN_GO0140993	molecular_function	other	49	29	0.5918	36.3
fungi	yarrowia	SYN_GO0017076	molecular_function	other	48	41	0.8542	53.4
fungi	yarrowia	SYN_GO0032553	molecular_function	other	46	40	0.8696	53.6
fungi	yarrowia	SYN_GO0035639	molecular_function	other	45	39	0.8667	53.4
fungi	yarrowia	SYN_GO0061629	molecular_function	other	41	12	0.2927	47.7
fungi	yarrowia	SYN_GO0005774	cellular_component	other	250	159	0.636	43.9
fungi	yarrowia	SYN_GO0000785	cellular_component	other	232	107	0.4612	38.7
fungi	yarrowia	SYN_GO0098852	cellular_component	other	212	139	0.6557	44.8
fungi	yarrowia	SYN_GO0005856	cellular_component	other	200	84	0.42	46.05
fungi	yarrowia	SYN_GO0098798	cellular_component	other	155	116	0.7484	42.8
fungi	yarrowia	SYN_GO0042579	cellular_component	other	136	76	0.5588	43.5
fungi	yarrowia	SYN_GO0015934	cellular_component	other	128	85	0.6641	56.1
fungi	yarrowia	SYN_GO0060187	cellular_component	other	123	63	0.5122	38.4
fungi	yarrowia	SYN_GO0005741	cellular_component	other	106	68	0.6415	44.15
fungi	yarrowia	SYN_GO0005934	cellular_component	other	101	43	0.4257	39.2
fungi	yarrowia	SYN_GO0000775	cellular_component	other	92	31	0.337	40.3
fungi	yarrowia	SYN_GO1905368	cellular_component	other	84	67	0.7976	53.3
fungi	yarrowia	SYN_GO1902911	cellular_component	other	78	40	0.5128	52.4
fungi	yarrowia	SYN_GO0042763	cellular_component	other	76	35	0.4605	34.5
fungi	yarrowia	SYN_GO0030135	cellular_component	other	72	48	0.6667	43.2
fungi	yarrowia	SYN_GO0090575	cellular_component	other	69	38	0.5507	39.9
fungi	yarrowia	SYN_GO0010008	cellular_component	other	64	46	0.7188	36.6
fungi	yarrowia	SYN_GO1902493	cellular_component	other	61	42	0.6885	40.25
fungi	yarrowia	SYN_GO0034399	cellular_component	other	57	30	0.5263	52.9
fungi	yarrowia	SYN_GO0005684	cellular_component	other	56	29	0.5179	37.1
fungi	yarrowia	SYN_GO1990204	cellular_component	other	49	39	0.7959	59.5
fungi	yarrowia	SYN_GO0030479	cellular_component	other	48	28	0.5833	42.5
fungi	yarrowia	SYN_GO0000315	cellular_component	other	45	36	0.8	39.25
fungi	yarrowia	SYN_GO0099513	cellular_component	other	42	18	0.4286	51.45
fungi	z_rouxii	SYN_GO0019752	biological_process	conserved	249	208	0.8353	72.2
fungi	z_rouxii	SYN_GO0051604	biological_process	conserved	194	180	0.9278	59.55
fungi	z_rouxii	SYN_GO0090407	biological_process	conserved	176	155	0.8807	61.6
fungi	z_rouxii	SYN_GO0055086	biological_process	conserved	169	140	0.8284	70.95
fungi	z_rouxii	SYN_GO0008610	biological_process	conserved	150	131	0.8733	61.6
fungi	z_rouxii	SYN_GO0006260	biological_process	conserved	135	129	0.9556	59.0
fungi	z_rouxii	SYN_GO0043161	biological_process	conserved	122	112	0.918	62.8
fungi	z_rouxii	SYN_GO0072521	biological_process	conserved	119	99	0.8319	71.9
fungi	z_rouxii	SYN_GO1903046	biological_process	specific	246	189	0.7683	52.6
fungi	z_rouxii	SYN_GO0007165	biological_process	specific	243	194	0.7984	52.3
fungi	z_rouxii	SYN_GO0035556	biological_process	specific	210	173	0.8238	52.3
fungi	z_rouxii	SYN_GO0032502	biological_process	specific	173	119	0.6879	50.3
fungi	z_rouxii	SYN_GO0048856	biological_process	specific	142	94	0.662	50.8
fungi	z_rouxii	SYN_GO0043934	biological_process	specific	134	90	0.6716	50.35
fungi	z_rouxii	SYN_GO0030435	biological_process	specific	125	83	0.664	50.3
fungi	z_rouxii	SYN_GO0043935	biological_process	specific	116	75	0.6466	51.7
fungi	z_rouxii	SYN_GO0033043	biological_process	other	244	206	0.8443	54.95
fungi	z_rouxii	SYN_GO0048878	biological_process	other	201	158	0.7861	59.95
fungi	z_rouxii	SYN_GO0070925	biological_process	other	176	151	0.858	63.6
fungi	z_rouxii	SYN_GO1902679	biological_process	other	161	126	0.7826	55.85
fungi	z_rouxii	SYN_GO0000280	biological_process	other	148	125	0.8446	50.3
fungi	z_rouxii	SYN_GO0051130	biological_process	other	135	112	0.8296	60.8
fungi	z_rouxii	SYN_GO0006417	biological_process	other	123	104	0.8455	63.15
fungi	z_rouxii	SYN_GO0031505	biological_process	other	118	68	0.5763	52.35
fungi	z_rouxii	SYN_GO0000956	biological_process	conserved	106	91	0.8585	59.9
fungi	z_rouxii	SYN_GO0006352	biological_process	conserved	100	98	0.98	72.2
fungi	z_rouxii	SYN_GO0006457	biological_process	conserved	96	84	0.875	64.5
fungi	z_rouxii	SYN_GO1901293	biological_process	conserved	82	71	0.8659	69.5
fungi	z_rouxii	SYN_GO0006400	biological_process	conserved	79	72	0.9114	64.85
fungi	z_rouxii	SYN_GO0006367	biological_process	conserved	75	74	0.9867	73.1
fungi	z_rouxii	SYN_GO0170038	biological_process	conserved	71	65	0.9155	74.9
fungi	z_rouxii	SYN_GO0000966	biological_process	conserved	66	66	1.0	63.8
fungi	z_rouxii	SYN_GO0061982	biological_process	specific	100	88	0.88	54.05
fungi	z_rouxii	SYN_GO0140013	biological_process	specific	97	81	0.8351	51.0
fungi	z_rouxii	SYN_GO0000075	biological_process	specific	87	78	0.8966	50.55
fungi	z_rouxii	SYN_GO0000747	biological_process	specific	82	57	0.6951	51.4
fungi	z_rouxii	SYN_GO0007127	biological_process	specific	82	71	0.8659	51.6
fungi	z_rouxii	SYN_GO0141124	biological_process	specific	75	54	0.72	57.9
fungi	z_rouxii	SYN_GO0010927	biological_process	specific	68	45	0.6618	50.6
fungi	z_rouxii	SYN_GO0007093	biological_process	specific	63	57	0.9048	47.4
fungi	z_rouxii	SYN_GO0009966	biological_process	other	105	87	0.8286	57.4
fungi	z_rouxii	SYN_GO0006403	biological_process	other	95	81	0.8526	61.1
fungi	z_rouxii	SYN_GO0010638	biological_process	other	87	73	0.8391	57.3
fungi	z_rouxii	SYN_GO1901700	biological_process	other	82	57	0.6951	58.6
fungi	z_rouxii	SYN_GO0015748	biological_process	other	76	69	0.9079	60.5
fungi	z_rouxii	SYN_GO0032786	biological_process	other	74	70	0.9459	60.65
fungi	z_rouxii	SYN_GO0104004	biological_process	other	70	51	0.7286	53.4
fungi	z_rouxii	SYN_GO0030010	biological_process	other	66	50	0.7576	49.6
fungi	z_rouxii	SYN_GO0045017	biological_process	conserved	59	54	0.9153	57.15
fungi	z_rouxii	SYN_GO0007062	biological_process	conserved	56	50	0.8929	50.5
fungi	z_rouxii	SYN_GO0000082	biological_process	conserved	52	38	0.7308	57.75
fungi	z_rouxii	SYN_GO0006312	biological_process	conserved	50	38	0.76	60.25
fungi	z_rouxii	SYN_GO0018193	biological_process	conserved	48	42	0.875	55.75
fungi	z_rouxii	SYN_GO0009303	biological_process	conserved	46	44	0.9565	69.55
fungi	z_rouxii	SYN_GO0070897	biological_process	conserved	45	43	0.9556	62.4
fungi	z_rouxii	SYN_GO0016051	biological_process	conserved	43	30	0.6977	76.45
fungi	z_rouxii	SYN_GO0007131	biological_process	specific	54	47	0.8704	52.7
fungi	z_rouxii	SYN_GO0045132	biological_process	specific	51	42	0.8235	51.0
fungi	z_rouxii	SYN_GO0070591	biological_process	specific	49	33	0.6735	52.6
fungi	z_rouxii	SYN_GO0042244	biological_process	specific	49	33	0.6735	52.6
fungi	z_rouxii	SYN_GO0030476	biological_process	specific	49	33	0.6735	52.6
fungi	z_rouxii	SYN_GO0070590	biological_process	specific	49	33	0.6735	52.6
fungi	z_rouxii	SYN_GO0019954	biological_process	specific	49	42	0.8571	52.85
fungi	z_rouxii	SYN_GO0007114	biological_process	specific	49	42	0.8571	52.85
fungi	z_rouxii	SYN_GO1902903	biological_process	other	60	49	0.8167	51.1
fungi	z_rouxii	SYN_GO0000041	biological_process	other	57	35	0.614	66.8
fungi	z_rouxii	SYN_GO0019216	biological_process	other	54	38	0.7037	60.75
fungi	z_rouxii	SYN_GO0045727	biological_process	other	50	45	0.9	61.1
fungi	z_rouxii	SYN_GO0061157	biological_process	other	47	39	0.8298	64.6
fungi	z_rouxii	SYN_GO0051445	biological_process	other	44	38	0.8636	55.3
fungi	z_rouxii	SYN_GO0006356	biological_process	other	43	41	0.9535	60.7
fungi	z_rouxii	SYN_GO0016241	biological_process	other	42	40	0.9524	57.75
fungi	z_rouxii	SYN_GO0005198	molecular_function	other	236	175	0.7415	62.1
fungi	z_rouxii	SYN_GO0036094	molecular_function	other	217	186	0.8571	65.35
fungi	z_rouxii	SYN_GO0003729	molecular_function	other	197	174	0.8832	67.05
fungi	z_rouxii	SYN_GO0043167	molecular_function	other	190	165	0.8684	65.9
fungi	z_rouxii	SYN_GO0044877	molecular_function	other	173	143	0.8266	60.3
fungi	z_rouxii	SYN_GO0030674	molecular_function	other	158	132	0.8354	51.0
fungi	z_rouxii	SYN_GO0043168	molecular_function	other	134	120	0.8955	64.9
fungi	z_rouxii	SYN_GO0008047	molecular_function	other	120	107	0.8917	55.5
fungi	z_rouxii	SYN_GO0140101	molecular_function	other	100	96	0.96	63.95
fungi	z_rouxii	SYN_GO0140104	molecular_function	other	98	90	0.9184	60.55
fungi	z_rouxii	SYN_GO0030695	molecular_function	other	92	76	0.8261	54.3
fungi	z_rouxii	SYN_GO0120543	molecular_function	other	84	74	0.881	67.35
fungi	z_rouxii	SYN_GO0008168	molecular_function	other	82	78	0.9512	59.3
fungi	z_rouxii	SYN_GO0120545	molecular_function	other	71	63	0.8873	70.3
fungi	z_rouxii	SYN_GO0043169	molecular_function	other	66	53	0.803	66.3
fungi	z_rouxii	SYN_GO0016616	molecular_function	other	64	45	0.7031	69.8
fungi	z_rouxii	SYN_GO0140678	molecular_function	other	62	44	0.7097	50.5
fungi	z_rouxii	SYN_GO0003697	molecular_function	other	58	51	0.8793	68.7
fungi	z_rouxii	SYN_GO0061659	molecular_function	other	55	50	0.9091	51.85
fungi	z_rouxii	SYN_GO0140993	molecular_function	other	49	46	0.9388	53.55
fungi	z_rouxii	SYN_GO0017076	molecular_function	other	48	47	0.9792	71.3
fungi	z_rouxii	SYN_GO0032553	molecular_function	other	46	45	0.9783	71.6
fungi	z_rouxii	SYN_GO0035639	molecular_function	other	45	44	0.9778	71.45
fungi	z_rouxii	SYN_GO0061629	molecular_function	other	41	31	0.7561	57.5
fungi	z_rouxii	SYN_GO0005774	cellular_component	other	250	215	0.86	59.6
fungi	z_rouxii	SYN_GO0000785	cellular_component	other	232	201	0.8664	54.0
fungi	z_rouxii	SYN_GO0098852	cellular_component	other	212	183	0.8632	60.2
fungi	z_rouxii	SYN_GO0005856	cellular_component	other	200	163	0.815	50.9
fungi	z_rouxii	SYN_GO0098798	cellular_component	other	155	149	0.9613	62.0
fungi	z_rouxii	SYN_GO0042579	cellular_component	other	136	108	0.7941	56.1
fungi	z_rouxii	SYN_GO0015934	cellular_component	other	128	93	0.7266	75.4
fungi	z_rouxii	SYN_GO0060187	cellular_component	other	123	103	0.8374	54.9
fungi	z_rouxii	SYN_GO0005741	cellular_component	other	106	92	0.8679	61.7
fungi	z_rouxii	SYN_GO0005934	cellular_component	other	101	80	0.7921	56.85
fungi	z_rouxii	SYN_GO0000775	cellular_component	other	92	84	0.913	46.6
fungi	z_rouxii	SYN_GO1905368	cellular_component	other	84	82	0.9762	73.15
fungi	z_rouxii	SYN_GO1902911	cellular_component	other	78	68	0.8718	62.0
fungi	z_rouxii	SYN_GO0042763	cellular_component	other	76	55	0.7237	50.3
fungi	z_rouxii	SYN_GO0030135	cellular_component	other	72	60	0.8333	61.65
fungi	z_rouxii	SYN_GO0090575	cellular_component	other	69	62	0.8986	62.5
fungi	z_rouxii	SYN_GO0010008	cellular_component	other	64	60	0.9375	57.6
fungi	z_rouxii	SYN_GO1902493	cellular_component	other	61	58	0.9508	60.4
fungi	z_rouxii	SYN_GO0034399	cellular_component	other	57	42	0.7368	62.9
fungi	z_rouxii	SYN_GO0005684	cellular_component	other	56	53	0.9464	50.2
fungi	z_rouxii	SYN_GO1990204	cellular_component	other	49	40	0.8163	71.5
fungi	z_rouxii	SYN_GO0030479	cellular_component	other	48	39	0.8125	58.2
fungi	z_rouxii	SYN_GO0000315	cellular_component	other	45	45	1.0	59.1
fungi	z_rouxii	SYN_GO0099513	cellular_component	other	42	35	0.8333	43.8
